n_particles,run,Ts,I,SD,Success,Type
5,0,8.421219781727705,12,571.3250113947533,1,Fixed
5,0,12.178451212537727,15,654.616788769117,1,RL
5,1,15.742784685016252,18,1091.5015592964376,1,Fixed
5,1,300.0,300,375.8004477103349,0,RL
5,2,300.0,300,805.3788485394476,0,Fixed
5,2,22.006317874700063,22,1045.6585823400637,1,RL
5,3,11.663029526683294,18,840.5393758207039,1,Fixed
5,3,7.017262503577463,17,1006.9464924158466,1,RL
5,4,19.919278813615072,19,820.957092738129,1,Fixed
5,4,10.315048037805372,22,847.9871540547325,1,RL
5,5,300.0,300,804.2882586018295,0,Fixed
5,5,23.455200778875486,28,997.37069385808,1,RL
5,6,14.901792624096942,21,783.2531238100552,1,Fixed
5,6,25.02591994918804,26,1038.3912154371117,1,RL
5,7,300.0,300,1095.3736014542976,0,Fixed
5,7,13.495887883604585,19,1026.6645852428924,1,RL
5,8,24.87864180840387,16,868.3027936705645,1,Fixed
5,8,22.260151210148802,23,946.7848978387436,1,RL
5,9,10.705598219769737,24,849.125255993183,1,Fixed
5,9,11.798062016189041,16,806.3073816262536,1,RL
5,10,18.409530566113123,22,1158.6149830950922,1,Fixed
5,10,20.366797231942776,16,740.4295698270957,1,RL
5,11,300.0,300,1256.9510273164046,0,Fixed
5,11,16.55888018673987,22,898.2454136355979,1,RL
5,12,11.402513760986551,14,624.2688796283559,1,Fixed
5,12,22.15855615412111,27,1184.7679368413108,1,RL
5,13,10.166057116107869,18,776.4848939689169,1,Fixed
5,13,16.698138867470096,16,712.9785516532896,1,RL
5,14,300.0,300,641.5524164904493,0,Fixed
5,14,30.928647246793197,25,936.7009656196591,1,RL
5,15,21.007814986376772,14,817.807950874177,1,Fixed
5,15,13.947402859216359,22,723.9732734972606,1,RL
5,16,20.471767082225544,16,770.9822223732192,1,Fixed
5,16,24.92736804049738,23,1251.8283299496636,1,RL
5,17,19.995432798001605,16,772.9247129491612,1,Fixed
5,17,18.70013970430014,18,647.1814268439755,1,RL
5,18,22.157252171266155,19,855.6882334951453,1,Fixed
5,18,24.571314575754748,22,858.9010013884588,1,RL
5,19,26.42792749033365,20,938.3790644777823,1,Fixed
5,19,9.288604710983599,17,661.0457125233412,1,RL
5,20,19.449536618089326,18,823.1310365357782,1,Fixed
5,20,19.63203036855995,25,1033.5602864685188,1,RL
5,21,11.18568918304418,16,752.6310679267713,1,Fixed
5,21,34.54339477609683,30,1093.934910575995,1,RL
5,22,11.417821679889446,13,706.5828527805222,1,Fixed
5,22,300.0,300,816.3745585646034,0,RL
5,23,19.154221531902913,31,829.1443947895982,1,Fixed
5,23,18.396127336214274,20,997.8910914735723,1,RL
5,24,26.26234516025452,14,672.7344400675269,1,Fixed
5,24,15.561269033974295,24,1256.229316285574,1,RL
5,25,12.789175655381861,16,848.7386547054732,1,Fixed
5,25,27.574475503943205,20,948.9014716123054,1,RL
5,26,6.664373137807113,15,911.7164472614722,1,Fixed
5,26,300.0,300,1177.7256901971718,0,RL
5,27,300.0,300,627.7359933759315,0,Fixed
5,27,25.853795325741622,16,1521.0739154834891,1,RL
5,28,300.0,300,869.4648615129136,0,Fixed
5,28,21.242172618629436,17,1011.4948098379502,1,RL
5,29,300.0,300,858.2471254018328,0,Fixed
5,29,300.0,300,911.1032230704832,0,RL
5,30,12.855288542724105,18,679.9300273955373,1,Fixed
5,30,18.263029532290627,22,985.6959854725203,1,RL
5,31,22.408512934787232,30,904.4888696247357,1,Fixed
5,31,29.2424432600508,21,976.8194088233324,1,RL
5,32,12.089229776337081,18,755.2930842676518,1,Fixed
5,32,50.36768044847884,27,1632.1559333615955,1,RL
5,33,18.465644987474654,27,999.2916555511052,1,Fixed
5,33,18.748020237079576,25,945.8689705292155,1,RL
5,34,15.224702376449804,17,984.6437007496847,1,Fixed
5,34,9.68094654787853,19,909.0411928673948,1,RL
5,35,300.0,300,502.8670856829505,0,Fixed
5,35,23.60082825437534,16,841.3639361860004,1,RL
5,36,14.997633014987025,21,817.1093383722609,1,Fixed
5,36,21.884285548536823,23,847.1948286068608,1,RL
5,37,28.5175472351409,20,900.1203159216718,1,Fixed
5,37,14.753159569322213,19,1010.5067109461885,1,RL
5,38,20.446435375690236,13,872.9153668488765,1,Fixed
5,38,9.6131269997004,18,856.1848219131045,1,RL
5,39,9.624135346975937,24,621.6835684959751,1,Fixed
5,39,22.157009338251868,14,776.4922610284725,1,RL
5,40,7.197752984812231,21,706.8603123420108,1,Fixed
5,40,13.226872147187553,16,607.6008882071743,1,RL
5,41,8.648333389945199,22,843.5275585189628,1,Fixed
5,41,11.53799873797205,22,781.9547051856445,1,RL
5,42,300.0,300,580.6729869037001,0,Fixed
5,42,8.407527667267555,24,1116.3458887820227,1,RL
5,43,10.84612405053441,16,703.5351235110625,1,Fixed
5,43,16.400432075590942,19,789.9575647293752,1,RL
5,44,12.920653510446684,16,658.3305739277733,1,Fixed
5,44,26.009795140329885,18,833.314056466146,1,RL
5,45,300.0,300,649.6618298832801,0,Fixed
5,45,29.7262072763268,18,929.4136136578884,1,RL
5,46,24.321556836276056,22,874.1015944709593,1,Fixed
5,46,22.311076811223064,20,1033.2087213360485,1,RL
5,47,21.615718756880653,19,718.0036423541218,1,Fixed
5,47,300.0,300,1049.855025640365,0,RL
5,48,12.806297595357474,18,901.2131076826371,1,Fixed
5,48,300.0,300,637.6184103879464,0,RL
5,49,300.0,300,952.1122857842561,0,Fixed
5,49,300.0,300,310.1000475946948,0,RL
5,50,10.189531332902947,28,844.8624347676252,1,Fixed
5,50,16.035520645176803,23,778.3636080787336,1,RL
5,51,300.0,300,302.0236719488108,0,Fixed
5,51,28.874944668696394,18,1049.3146516942368,1,RL
5,52,12.635550024838924,18,754.5223662640841,1,Fixed
5,52,19.684639790626846,19,1087.804928541527,1,RL
5,53,18.715771921894206,21,740.1409072940565,1,Fixed
5,53,300.0,300,654.0784528207319,0,RL
5,54,17.473351818793752,22,626.2715100661073,1,Fixed
5,54,300.0,300,1539.1376707517272,0,RL
5,55,300.0,300,726.3638169539248,0,Fixed
5,55,23.222536454800316,18,1056.1417818827554,1,RL
5,56,300.0,300,760.4225959649912,0,Fixed
5,56,300.0,300,700.4877851187612,0,RL
5,57,10.292214053191717,14,653.1950309339699,1,Fixed
5,57,24.225496054239436,19,1078.1407187286745,1,RL
5,58,19.744136388803465,13,744.1543927786574,1,Fixed
5,58,25.406333976904985,18,1307.616233202618,1,RL
5,59,26.175795916265123,21,876.4699842790333,1,Fixed
5,59,8.837300311154047,16,817.7473666598801,1,RL
5,60,7.94418931152874,14,653.0691496475702,1,Fixed
5,60,27.614894786664774,19,1150.3520502729523,1,RL
5,61,28.584676373276977,21,1099.6042346668153,1,Fixed
5,61,23.062883017132094,29,1081.9392431285796,1,RL
5,62,19.227110670468157,24,796.6119253823663,1,Fixed
5,62,10.96455665662592,16,923.5098378528241,1,RL
5,63,7.983369132098298,23,978.8437355691714,1,Fixed
5,63,14.532348242486071,45,1101.0352887551874,1,RL
5,64,17.87959029784718,25,881.3704516510902,1,Fixed
5,64,14.456686771482243,19,764.9246439341096,1,RL
5,65,300.0,300,487.81932822637515,0,Fixed
5,65,300.0,300,922.9216807936596,0,RL
5,66,14.347366371254818,18,930.2521153769849,1,Fixed
5,66,15.647225529446217,35,723.2632218340598,1,RL
5,67,24.90950918722293,19,815.2140585523862,1,Fixed
5,67,14.055678228630788,20,834.4272259687406,1,RL
5,68,17.861278418981453,43,770.2727121026132,1,Fixed
5,68,20.015149083754913,24,1403.685713099213,1,RL
5,69,13.272761844315003,23,764.9279804887162,1,Fixed
5,69,58.039086315523605,25,1418.9262429058076,1,RL
5,70,9.87019550932615,21,606.7971623310169,1,Fixed
5,70,23.397022379954727,26,1017.9705197245039,1,RL
5,71,12.689863949621017,17,687.5201473600217,1,Fixed
5,71,19.400869297573482,19,771.576983985181,1,RL
5,72,17.61504705948053,17,719.5655104929364,1,Fixed
5,72,300.0,300,494.7349684949188,0,RL
5,73,19.397789460000304,17,858.1751287055877,1,Fixed
5,73,16.67461033020612,19,937.3573399397135,1,RL
5,74,300.0,300,748.9655284683774,0,Fixed
5,74,11.847234781945954,16,844.8393449800557,1,RL
5,75,8.897515054368794,27,699.3959444822921,1,Fixed
5,75,300.0,300,1237.9666213506164,0,RL
5,76,19.56575731819001,23,999.3407736082959,1,Fixed
5,76,300.0,300,906.2351153794411,0,RL
5,77,26.795255694196317,17,1065.2980299597784,1,Fixed
5,77,13.629659816294623,18,867.7041981102415,1,RL
5,78,11.35655158002497,18,680.7481728907434,1,Fixed
5,78,19.578372979695697,22,818.5095313233013,1,RL
5,79,23.051326142910426,20,920.3513952815738,1,Fixed
5,79,16.991190688875385,20,804.2435516563266,1,RL
5,80,17.31626118612376,23,991.5775410990645,1,Fixed
5,80,9.297749950571971,19,624.7661424605271,1,RL
5,81,14.621208397459327,19,720.9387757205754,1,Fixed
5,81,20.61347276495329,16,758.0642343915747,1,RL
5,82,7.9662759943854,16,831.237999895202,1,Fixed
5,82,300.0,300,1076.6885186411278,0,RL
5,83,6.988494001187201,24,749.8101068532835,1,Fixed
5,83,19.619451783681463,20,942.7724101107137,1,RL
5,84,13.93412997669646,25,846.8751895756379,1,Fixed
5,84,17.656242285756743,27,1007.4536401050207,1,RL
5,85,300.0,300,641.1589169247742,0,Fixed
5,85,9.112988229047781,23,808.8756465676372,1,RL
5,86,11.063381297843105,17,693.2272357393113,1,Fixed
5,86,10.650779836669846,25,822.533918446997,1,RL
5,87,9.359648390426623,21,688.2170888651267,1,Fixed
5,87,28.16396469916804,24,999.8153714784332,1,RL
5,88,12.153478220257984,22,653.4327099531499,1,Fixed
5,88,300.0,300,868.8210031809385,0,RL
5,89,25.575114198604663,22,816.6345363905177,1,Fixed
5,89,13.979361855861683,24,1174.404521518181,1,RL
5,90,13.815063474477787,15,678.7220760032096,1,Fixed
5,90,9.547347301808719,23,843.3817059942103,1,RL
5,91,21.28049266636094,15,810.3959641020972,1,Fixed
5,91,27.51530124111614,20,1152.763399129096,1,RL
5,92,12.645286605681736,10,641.4997013961865,1,Fixed
5,92,16.01011701261907,18,746.7590646028309,1,RL
5,93,22.690626255351035,20,709.5663886829378,1,Fixed
5,93,16.63407152764406,25,833.7217488039186,1,RL
5,94,18.23909900135561,14,678.3198830067241,1,Fixed
5,94,300.0,300,818.6161545628355,0,RL
5,95,9.84281881647419,15,824.7655986106824,1,Fixed
5,95,300.0,300,652.0880226427375,0,RL
5,96,14.754724567593206,19,712.2845670295189,1,Fixed
5,96,21.05123080934351,23,1229.4411096566719,1,RL
5,97,10.235643400816404,11,636.8156945321296,1,Fixed
5,97,11.334738385754205,20,860.2766691041717,1,RL
5,98,21.770071120660916,18,915.3547925201362,1,Fixed
5,98,300.0,300,755.7269724634141,0,RL
5,99,300.0,300,749.9528543357869,0,Fixed
5,99,23.01557336216383,30,1043.234880079206,1,RL
6,0,26.566408818482575,22,1041.2247706257106,1,Fixed
6,0,9.922695880547902,20,1210.4336079458253,1,RL
6,1,9.84104909505703,13,842.4485405774803,1,Fixed
6,1,18.137951476643604,22,1492.1942476376382,1,RL
6,2,20.285282305741937,45,1160.9288585645004,1,Fixed
6,2,9.167675910677342,28,901.3919743473223,1,RL
6,3,12.926879078046957,15,919.9907565493727,1,Fixed
6,3,19.338263726756857,19,1088.1088053988992,1,RL
6,4,15.221630845489269,19,839.6529448031392,1,Fixed
6,4,10.572243936827329,19,822.5982283729601,1,RL
6,5,12.228761220299303,18,959.21735604364,1,Fixed
6,5,18.34901257387763,20,953.5525605234039,1,RL
6,6,300.0,300,502.0336677146213,0,Fixed
6,6,18.536852731710063,12,1090.3517203579388,1,RL
6,7,300.0,300,1301.4804128761225,0,Fixed
6,7,18.091587752993398,20,1598.194364638625,1,RL
6,8,21.4596577634319,21,958.9798148319143,1,Fixed
6,8,15.401185424644405,21,1360.422830947851,1,RL
6,9,16.902068834326737,17,842.5615978203709,1,Fixed
6,9,31.96903319272492,19,1417.2787882190244,1,RL
6,10,12.753242760167858,31,994.8353133157473,1,Fixed
6,10,8.346169619491743,20,1013.3292738187321,1,RL
6,11,14.179041256106112,19,754.7004656903591,1,Fixed
6,11,21.2405031898436,15,1021.7030389982622,1,RL
6,12,26.5200080088912,23,1017.7120533741652,1,Fixed
6,12,15.780936955859739,20,1281.2704950908176,1,RL
6,13,22.02917608815475,19,958.9293160723191,1,Fixed
6,13,20.525117265132582,17,822.4761858998739,1,RL
6,14,15.824384834512028,10,966.0272248389448,1,Fixed
6,14,19.4096741419396,17,1002.3389928308922,1,RL
6,15,18.31313163281899,17,862.3596817157425,1,Fixed
6,15,27.36165732717665,21,1273.2762192242851,1,RL
6,16,17.261628265873348,19,1023.9218196700681,1,Fixed
6,16,14.502401659424212,25,1377.7395856171775,1,RL
6,17,16.29749439769045,16,1195.0593463504733,1,Fixed
6,17,15.796435857539368,19,1091.7815547034993,1,RL
6,18,11.254678094201788,15,696.7612725680542,1,Fixed
6,18,21.54084812815649,21,1218.3670836061165,1,RL
6,19,24.26968878173472,28,1102.693052370503,1,Fixed
6,19,9.198394047054371,18,742.366765255768,1,RL
6,20,19.356428961527477,17,1028.2548392021818,1,Fixed
6,20,18.71630425630505,23,1058.3475031220692,1,RL
6,21,15.33368377046086,21,805.9536513327148,1,Fixed
6,21,18.176598770390832,22,1200.8334662908346,1,RL
6,22,10.313121189277599,18,968.415055062422,1,Fixed
6,22,10.836831704792706,23,1635.9706405702173,1,RL
6,23,11.018851944101433,10,671.538973679018,1,Fixed
6,23,14.026836333056522,18,1045.8447066770634,1,RL
6,24,10.959840282790807,17,802.3231504316642,1,Fixed
6,24,20.84845736192411,19,1111.139629248064,1,RL
6,25,13.15218601448969,19,1175.8891625460317,1,Fixed
6,25,28.63461410926131,19,1368.420618071061,1,RL
6,26,300.0,300,994.8641307097307,0,Fixed
6,26,30.086214086833298,21,1466.8935297018288,1,RL
6,27,10.426977557116189,17,769.6615774081042,1,Fixed
6,27,11.82351890604159,12,1198.1152617672067,1,RL
6,28,7.491541220535271,18,1010.5340349663586,1,Fixed
6,28,19.263286360056515,16,1006.6876317013476,1,RL
6,29,13.232975993923722,15,776.6264208667303,1,Fixed
6,29,32.6935351781129,26,1838.952833540834,1,RL
6,30,300.0,300,1190.039081067493,0,Fixed
6,30,18.693348731478096,18,944.5030880926471,1,RL
6,31,14.797708506890169,14,1000.7737480203059,1,Fixed
6,31,13.976557609492948,24,1463.640466464192,1,RL
6,32,7.510014502220211,12,905.1730037336415,1,Fixed
6,32,8.81616428643827,19,1166.937631598209,1,RL
6,33,31.48199679354018,23,1176.8196038318274,1,Fixed
6,33,16.417867283695365,22,1287.1692160732002,1,RL
6,34,13.750231904861982,18,931.0925727319687,1,Fixed
6,34,12.506639262176563,22,1052.5634014385837,1,RL
6,35,9.251378351485709,16,913.0761102016605,1,Fixed
6,35,20.413128389463637,27,1180.2339160657289,1,RL
6,36,12.078054097892068,17,856.3908140049608,1,Fixed
6,36,11.740222360548735,20,893.5919115163007,1,RL
6,37,12.7118767230218,19,1221.3459914114212,1,Fixed
6,37,11.007561296796963,20,1156.5317598872,1,RL
6,38,7.687573928830299,25,763.2470393848226,1,Fixed
6,38,300.0,300,1317.8828384688563,0,RL
6,39,22.882806679903553,43,1086.461709486613,1,Fixed
6,39,32.387463841728504,22,1435.9955036882477,1,RL
6,40,24.878784911741032,21,1188.737858298052,1,Fixed
6,40,22.31722981651663,25,1297.2422771984445,1,RL
6,41,21.27118402971767,19,890.8139118807572,1,Fixed
6,41,15.91089374103783,19,1055.5390391201502,1,RL
6,42,15.593866622405326,15,901.5152906630168,1,Fixed
6,42,11.778951127686529,25,1202.3619420162158,1,RL
6,43,10.180040169994335,18,1042.2409627699885,1,Fixed
6,43,24.17070250517485,20,1317.9464753952532,1,RL
6,44,9.010851143088129,21,1102.816943570304,1,Fixed
6,44,8.49465840540444,22,1156.1633733462013,1,RL
6,45,19.44568593411436,17,911.3626087558077,1,Fixed
6,45,15.461745171712872,22,1059.5000602602902,1,RL
6,46,300.0,300,945.9049560516876,0,Fixed
6,46,13.005328971454826,14,970.9489509796163,1,RL
6,47,12.095431501461148,24,831.0410010160059,1,Fixed
6,47,13.527776760483661,18,957.4134125536094,1,RL
6,48,16.499284954061118,20,746.5222747158841,1,Fixed
6,48,9.523071245780773,14,709.8756856297056,1,RL
6,49,24.855513888417278,22,899.6928291180234,1,Fixed
6,49,29.7846066164691,30,951.1234471332907,1,RL
6,50,19.164981762822727,17,915.628970208038,1,Fixed
6,50,22.794750966093282,27,1273.2676998369766,1,RL
6,51,8.915985967127686,22,1192.8260119174556,1,Fixed
6,51,43.47277208474854,23,1221.3969999819392,1,RL
6,52,27.796824141680805,19,1146.8977146329148,1,Fixed
6,52,22.384634989374785,19,1031.8073250043908,1,RL
6,53,18.679644479476053,20,1004.3426948385974,1,Fixed
6,53,20.228897408574404,9,952.0052637917329,1,RL
6,54,9.129145135410418,21,822.5541592179959,1,Fixed
6,54,14.889194146998111,21,1110.1041046585578,1,RL
6,55,14.38526993102021,16,895.3317926400214,1,Fixed
6,55,28.818137737605532,21,1328.507182093745,1,RL
6,56,11.925122360901062,21,1196.6061019270703,1,Fixed
6,56,13.320523042375967,20,699.5716937373181,1,RL
6,57,8.89603568072821,17,1026.2614782344895,1,Fixed
6,57,300.0,300,745.4578590121247,0,RL
6,58,17.796455761325312,18,1061.9752246989842,1,Fixed
6,58,14.315230568668417,16,1084.7019370790103,1,RL
6,59,300.0,300,976.9188846434656,0,Fixed
6,59,12.555788673651195,24,865.1089821274973,1,RL
6,60,12.055458469209093,13,963.2997207110145,1,Fixed
6,60,12.36021253535211,28,1126.274044567093,1,RL
6,61,21.42702236853795,19,1105.5310610656325,1,Fixed
6,61,15.354881735505392,24,1007.8359627652787,1,RL
6,62,13.804583686985666,19,1015.9551602990173,1,Fixed
6,62,8.262819974806026,18,841.2248726707073,1,RL
6,63,300.0,300,918.0517261601074,0,Fixed
6,63,10.910667565815663,16,870.0605458078223,1,RL
6,64,23.50260079721081,17,1156.9549640260723,1,Fixed
6,64,17.286570502395943,20,1126.0344810105544,1,RL
6,65,11.84590843227262,16,851.8198156848986,1,Fixed
6,65,15.131972357810218,22,839.8300583509604,1,RL
6,66,300.0,300,996.9550180170844,0,Fixed
6,66,23.778830823101384,23,1079.465750216929,1,RL
6,67,12.806170359096763,16,931.4951769753064,1,Fixed
6,67,18.108289655125635,16,932.3831880922887,1,RL
6,68,10.680918710154673,21,945.4992069536634,1,Fixed
6,68,29.776097356995432,15,1154.2608459433202,1,RL
6,69,16.48949566651118,13,809.5481418322511,1,Fixed
6,69,300.0,300,762.3454320428378,0,RL
6,70,18.770593860020604,33,1061.1627024151946,1,Fixed
6,70,9.414635055401677,18,748.1337561692214,1,RL
6,71,300.0,300,802.0177545630385,0,Fixed
6,71,25.156342395797044,20,1412.7311912675418,1,RL
6,72,8.901721995631174,19,863.5107367592307,1,Fixed
6,72,16.7742824651926,20,888.4844963924592,1,RL
6,73,9.692318533555255,18,1011.2913696982638,1,Fixed
6,73,20.639570165090905,20,864.6979720217732,1,RL
6,74,15.111614254902467,24,945.8973621292691,1,Fixed
6,74,14.572027679104966,23,1179.5656517916825,1,RL
6,75,10.510056562021868,19,917.9019466608308,1,Fixed
6,75,12.054322349484377,18,1054.6686335169102,1,RL
6,76,7.684313711876129,12,950.3915419915837,1,Fixed
6,76,20.436491122918316,15,1382.885389884919,1,RL
6,77,22.25553946248345,19,1095.118837704439,1,Fixed
6,77,18.235254136019876,15,1070.3401978221207,1,RL
6,78,8.830321200179228,20,966.9224203722356,1,Fixed
6,78,12.728985190357907,18,1333.9135691086976,1,RL
6,79,300.0,300,688.1770229521278,0,Fixed
6,79,12.470450210218875,18,1272.6490809086654,1,RL
6,80,11.831365614589128,19,968.1895906831172,1,Fixed
6,80,300.0,300,715.4136711530213,0,RL
6,81,10.349462355733728,16,960.0878717184188,1,Fixed
6,81,18.22062692544292,20,1484.7792437485605,1,RL
6,82,11.781963267455486,13,659.604458679863,1,Fixed
6,82,26.018892368151615,18,1026.1325266289239,1,RL
6,83,14.490034424510489,17,1157.945994219403,1,Fixed
6,83,19.841946361623535,20,915.0430087935948,1,RL
6,84,8.539240219479586,18,932.5476593285913,1,Fixed
6,84,20.364634759633113,23,1152.2000731986684,1,RL
6,85,12.517822156423366,18,831.9054249317062,1,Fixed
6,85,300.0,300,764.5568639019882,0,RL
6,86,21.187042371740404,20,1224.087485033282,1,Fixed
6,86,17.662467727576374,19,1135.4488124796178,1,RL
6,87,18.03643873758645,19,846.5975870435232,1,Fixed
6,87,15.809054975428708,19,975.0471503819026,1,RL
6,88,20.753862205313297,12,1094.0232150070126,1,Fixed
6,88,19.35995475411745,22,1010.1723496193667,1,RL
6,89,19.485880660559964,20,1160.689699490053,1,Fixed
6,89,33.45621346908334,18,1408.1897980883564,1,RL
6,90,25.714470486486487,17,890.0156410109576,1,Fixed
6,90,17.728641296895866,56,906.162998174732,1,RL
6,91,300.0,300,690.5156545155954,0,Fixed
6,91,14.54813139061531,22,1007.8383652344185,1,RL
6,92,19.177762359946332,17,1153.4085457669005,1,Fixed
6,92,13.717963968368512,17,823.9877916036055,1,RL
6,93,300.0,300,363.57210542590093,0,Fixed
6,93,17.54430411380631,18,1031.9073358346968,1,RL
6,94,300.0,300,1133.3561448347943,0,Fixed
6,94,25.595461232244052,21,1287.4951385866702,1,RL
6,95,31.1146217398296,17,1296.6808555045554,1,Fixed
6,95,22.634216470557178,31,1139.3777521031902,1,RL
6,96,8.385088320085691,19,678.8161225601509,1,Fixed
6,96,8.017374299226514,16,1125.2232926879371,1,RL
6,97,11.05898098117727,24,908.7676529752378,1,Fixed
6,97,9.287602610938224,13,1252.824508611418,1,RL
6,98,29.003035240333663,16,1134.6657116168258,1,Fixed
6,98,20.86446058447328,20,1027.4038364380974,1,RL
6,99,18.35564062180425,12,1072.2649618592347,1,Fixed
6,99,10.369755487153483,18,915.8898455032727,1,RL
7,0,16.620320639679072,26,1305.9186773338797,1,Fixed
7,0,20.65307187001742,21,1184.4944160969599,1,RL
7,1,30.894218424213612,28,1206.1996452023293,1,Fixed
7,1,29.01443461206866,28,2172.8452100712816,1,RL
7,2,12.081875571143867,26,1320.0539557278282,1,Fixed
7,2,11.902075466604746,14,1255.9331536455782,1,RL
7,3,9.063526941564305,18,1004.5865354571652,1,Fixed
7,3,11.277719583260653,21,1290.067625347704,1,RL
7,4,9.012023974098003,15,940.6254711605393,1,Fixed
7,4,20.487234811157,28,1620.3498437803673,1,RL
7,5,28.5111169804753,17,1468.6476626809638,1,Fixed
7,5,14.403590230107216,20,1298.6152100356264,1,RL
7,6,31.47274541012045,14,1181.1008415015883,1,Fixed
7,6,8.388083587775323,15,897.8390622884322,1,RL
7,7,22.83201257304177,17,1081.3407897472835,1,Fixed
7,7,20.24696273666579,19,1534.094535010446,1,RL
7,8,12.344358612983793,19,1249.463018634292,1,Fixed
7,8,11.607680480009405,22,1188.9062291696514,1,RL
7,9,6.389958308592526,17,923.4469289216396,1,Fixed
7,9,21.198618763558798,24,1087.360490014667,1,RL
7,10,13.409728464538981,26,1353.511553621242,1,Fixed
7,10,12.873757978625648,17,1069.3411917886333,1,RL
7,11,16.116429765676763,17,1192.2030324476636,1,Fixed
7,11,21.99914879198874,21,1313.0096468700178,1,RL
7,12,13.597673758844039,16,1440.1544390240194,1,Fixed
7,12,38.198392962649486,28,1870.8415886950356,1,RL
7,13,12.697527554357354,18,1252.228528542174,1,Fixed
7,13,10.27377536677296,23,1331.9443223790458,1,RL
7,14,11.23287759055108,20,1164.5276600168809,1,Fixed
7,14,19.602434507816252,16,1219.030846106993,1,RL
7,15,19.236444955280035,17,976.4585526026326,1,Fixed
7,15,18.20571240764138,18,1179.5630026808133,1,RL
7,16,27.082560059684937,17,1247.9080961863183,1,Fixed
7,16,14.292737364000317,18,1297.516399578138,1,RL
7,17,18.95794851458957,18,1171.284017331511,1,Fixed
7,17,10.23871265197041,15,1479.3044055196578,1,RL
7,18,24.83940796904729,15,1536.705755102194,1,Fixed
7,18,8.834242942417445,17,1301.234926540716,1,RL
7,19,15.993305145197713,16,1401.8199121400612,1,Fixed
7,19,21.51699816124214,15,1961.8161656261464,1,RL
7,20,25.93301298876208,13,1208.123754559905,1,Fixed
7,20,18.642391781135522,17,1072.5018164334917,1,RL
7,21,19.606717240795383,17,1379.136969211214,1,Fixed
7,21,15.723824425937556,19,1276.3446808841761,1,RL
7,22,8.684188807592694,11,823.017581698364,1,Fixed
7,22,26.801711365217848,22,1575.5471618708284,1,RL
7,23,7.226784089240982,16,1030.6222162070105,1,Fixed
7,23,9.633909958036812,18,1068.717069854,1,RL
7,24,15.383496261800607,17,1404.070190985384,1,Fixed
7,24,13.594618992960704,18,1097.5066179604153,1,RL
7,25,35.1898723785534,17,1575.6074182141415,1,Fixed
7,25,27.168749093795537,17,1265.81362776823,1,RL
7,26,10.46893618533775,8,1012.9219125552855,1,Fixed
7,26,15.244396774925562,15,1234.0430042514784,1,RL
7,27,8.466661156052805,16,1255.7091920035755,1,Fixed
7,27,25.301880425857345,16,1580.9823598518165,1,RL
7,28,14.39431362700166,18,1005.368019257655,1,Fixed
7,28,9.577491069630666,19,1213.016654537284,1,RL
7,29,13.021601226592136,17,1104.8864405276192,1,Fixed
7,29,18.547364469188285,21,981.9054444668894,1,RL
7,30,24.947957391641214,20,1597.0947928701148,1,Fixed
7,30,19.883186385159142,27,1285.4326899256996,1,RL
7,31,15.564799195742557,15,931.9719110945986,1,Fixed
7,31,13.290485995376688,32,1042.8457800526924,1,RL
7,32,16.138936352145997,17,1359.849842860946,1,Fixed
7,32,29.23114668646315,20,1400.8830015292633,1,RL
7,33,7.75208598082443,19,1627.5809068959193,1,Fixed
7,33,16.277971950127913,25,2009.5545975583332,1,RL
7,34,31.316854891362635,21,1354.7171984426718,1,Fixed
7,34,300.0,300,1420.1776584203017,0,RL
7,35,13.596236556428337,17,1138.0130685827169,1,Fixed
7,35,21.55190271933854,20,1332.203625455753,1,RL
7,36,16.98625857373544,16,1185.2544286537122,1,Fixed
7,36,13.407436886649117,18,1097.641797887773,1,RL
7,37,20.145744564904618,18,1309.0851853841193,1,Fixed
7,37,19.715990204965472,12,1066.9212362635767,1,RL
7,38,9.569471132654522,16,1152.4711361603036,1,Fixed
7,38,6.929339847029645,18,1185.034979502738,1,RL
7,39,8.724381575740969,21,1455.7946702408756,1,Fixed
7,39,18.727864430206928,14,1418.1602190844965,1,RL
7,40,17.352249914471706,18,1180.6982119454876,1,Fixed
7,40,9.785813027889228,12,1264.3642087539058,1,RL
7,41,10.937659137198546,25,1172.3932270990351,1,Fixed
7,41,8.22136708860152,15,1330.4716965554937,1,RL
7,42,9.566110590857951,15,832.631744606869,1,Fixed
7,42,23.48310952940444,15,1630.2192318048178,1,RL
7,43,9.233582164201838,16,949.1554086944166,1,Fixed
7,43,27.419278752896883,20,1283.829859973414,1,RL
7,44,9.119022738737026,14,1182.6536549341095,1,Fixed
7,44,19.843479170720546,13,1216.1982428246774,1,RL
7,45,9.935572104431005,19,1137.3182682111324,1,Fixed
7,45,14.434683225815444,18,1220.2141400972064,1,RL
7,46,17.75484238498924,19,1290.2442540152738,1,Fixed
7,46,27.046139614548206,19,1741.0328598516712,1,RL
7,47,9.18632963025323,15,1144.1702317452282,1,Fixed
7,47,24.43202490454116,24,1657.6397006574302,1,RL
7,48,11.466256381159289,16,1230.6461828776164,1,Fixed
7,48,14.551193110542348,17,1162.02769892882,1,RL
7,49,8.382180216658101,14,1060.3481160580607,1,Fixed
7,49,18.688286230215294,21,1037.0446084220084,1,RL
7,50,300.0,300,1241.0125472315965,0,Fixed
7,50,12.851430672156914,19,1038.3931654578905,1,RL
7,51,19.361363393952473,22,1258.0376527815802,1,Fixed
7,51,9.672015117498017,11,1303.1517664321498,1,RL
7,52,25.687823396350645,26,1286.6080087735013,1,Fixed
7,52,12.098374050994455,16,977.4112749411953,1,RL
7,53,15.302310576054799,17,989.9521824138099,1,Fixed
7,53,15.786526690913158,19,1680.1124548198693,1,RL
7,54,28.36253364133279,21,1232.1064259351583,1,Fixed
7,54,15.714964707402643,17,1576.457092547974,1,RL
7,55,29.231311385983297,23,1003.6329793696884,1,Fixed
7,55,17.340073844578065,20,1526.1619620566883,1,RL
7,56,10.655131723659295,18,1052.125909849097,1,Fixed
7,56,12.666984939681575,23,1370.905357222913,1,RL
7,57,15.823607141460375,22,1180.0610323886567,1,Fixed
7,57,14.123574069134676,20,1678.6575353249075,1,RL
7,58,7.643722771247994,17,1138.4731808553572,1,Fixed
7,58,17.811306614568657,20,1389.1804498551555,1,RL
7,59,8.697327036387385,11,1139.9199618980786,1,Fixed
7,59,11.805189179748234,20,1047.2826565109804,1,RL
7,60,6.770144600225859,17,869.469587655927,1,Fixed
7,60,300.0,300,736.7381518171919,0,RL
7,61,11.660564446317647,9,835.5450961229756,1,Fixed
7,61,20.54147651057987,18,1145.451114589455,1,RL
7,62,10.669988182178036,16,1126.280180414306,1,Fixed
7,62,20.678766581276506,17,1425.198094137778,1,RL
7,63,9.765303151683643,13,929.7394928305893,1,Fixed
7,63,10.13520001831212,20,1294.2135359856545,1,RL
7,64,10.170175342053891,14,1205.9435850402506,1,Fixed
7,64,14.543155963097684,19,1663.2375944040514,1,RL
7,65,9.594644166184318,18,1042.8695746404405,1,Fixed
7,65,16.746050725867143,16,1910.4263878128559,1,RL
7,66,11.532688351928446,16,1079.7776703311524,1,Fixed
7,66,17.28379902027852,16,1070.0306635055485,1,RL
7,67,11.583045140588894,20,968.4605565824816,1,Fixed
7,67,10.943131701710065,17,1473.8390635005305,1,RL
7,68,10.961222887414696,22,1210.736975329149,1,Fixed
7,68,24.5652080179417,16,1414.888683183265,1,RL
7,69,9.953169730348169,17,1254.1646946927963,1,Fixed
7,69,10.942638360873941,13,1157.3679815211326,1,RL
7,70,17.025309341113196,21,1054.1964827391178,1,Fixed
7,70,16.855008875773947,19,1324.3917979958944,1,RL
7,71,16.974034620888112,12,1068.6462000551853,1,Fixed
7,71,14.949265008972503,13,1203.491790438355,1,RL
7,72,26.9933840267527,22,1160.9156641074057,1,Fixed
7,72,12.93299444779395,15,1039.0370853088505,1,RL
7,73,21.925504486318793,24,910.1365444376887,1,Fixed
7,73,32.33971898113434,21,1615.8003778616144,1,RL
7,74,17.309509967140542,14,1167.3343805898085,1,Fixed
7,74,29.590327946091445,24,1644.8309374731487,1,RL
7,75,13.440352210907815,16,1086.1683856441846,1,Fixed
7,75,300.0,300,1113.1625716254055,0,RL
7,76,10.498434738947488,14,1363.5051123511516,1,Fixed
7,76,16.919532619527295,24,1528.300956744971,1,RL
7,77,16.733027192972997,23,1412.6030768823478,1,Fixed
7,77,16.125962062202113,20,1204.5021213879606,1,RL
7,78,300.0,300,1039.2676602710762,0,Fixed
7,78,18.7218246388858,17,1413.413660821096,1,RL
7,79,14.916348616416693,19,1270.9822815510597,1,Fixed
7,79,8.728974516109464,19,1178.4578727071903,1,RL
7,80,14.255332862312917,16,994.9429517460327,1,Fixed
7,80,20.435245723726652,21,1221.173735067675,1,RL
7,81,17.091632167853167,17,1131.44059796828,1,Fixed
7,81,18.885234451409126,22,1174.1704574333723,1,RL
7,82,300.0,300,1231.824699283331,0,Fixed
7,82,12.796107264587066,17,1172.1857330025096,1,RL
7,83,300.0,300,974.8595018592666,0,Fixed
7,83,9.800928100885049,14,946.0569609643413,1,RL
7,84,6.7693388370514755,13,868.7848615516074,1,Fixed
7,84,11.5343481164286,21,1023.6468275833068,1,RL
7,85,13.827875651161184,16,1400.1192923799836,1,Fixed
7,85,27.403551315796005,18,1506.040397682475,1,RL
7,86,15.293562234159959,7,988.7306106084004,1,Fixed
7,86,10.899942247515806,15,875.85274510036,1,RL
7,87,10.808697075350127,14,980.7114967259815,1,Fixed
7,87,19.766577747780183,15,1759.212641143789,1,RL
7,88,12.154648307868486,18,1063.864145988075,1,Fixed
7,88,21.995859351763755,14,1100.8937822935477,1,RL
7,89,9.278787259145819,16,910.3845488694251,1,Fixed
7,89,10.646622421368294,18,997.0434768035224,1,RL
7,90,8.325540901575076,18,1373.0596125216741,1,Fixed
7,90,300.0,300,818.1834731213611,0,RL
7,91,9.776891384386925,19,1010.6942572551653,1,Fixed
7,91,15.068572966903634,17,1412.8262439794303,1,RL
7,92,10.267941859021386,16,1115.2709045506856,1,Fixed
7,92,22.186594057337757,15,1216.4435463233135,1,RL
7,93,15.215782910258,18,975.8087414414649,1,Fixed
7,93,25.551637023099534,22,1829.2641214324767,1,RL
7,94,15.804459430910786,13,1243.2842213934787,1,Fixed
7,94,8.65914075603434,16,1086.064968036055,1,RL
7,95,21.281977921400074,10,1032.5295915581673,1,Fixed
7,95,17.464244895805635,20,1272.126640249936,1,RL
7,96,16.047719470952973,17,1113.7574183775716,1,Fixed
7,96,40.161145586065366,26,2099.460539241946,1,RL
7,97,26.62452167295765,18,1278.2907077789037,1,Fixed
7,97,20.39752775177745,15,1267.4525067959744,1,RL
7,98,14.35215256077971,18,1321.70575311617,1,Fixed
7,98,16.831653734665288,14,1392.1800167111655,1,RL
7,99,16.931680711890685,16,1528.2671604294978,1,Fixed
7,99,10.232754050206132,17,1227.4316236692514,1,RL
8,0,13.558962760772612,15,1200.3273496962388,1,Fixed
8,0,21.49758669376666,21,1565.703653161773,1,RL
8,1,22.09918462609675,15,1517.9126879841058,1,Fixed
8,1,10.109580707463392,19,1235.6800430994545,1,RL
8,2,14.051366767181928,15,1128.217205348686,1,Fixed
8,2,28.480563989859235,17,1436.0382685487925,1,RL
8,3,8.461172373995321,17,1099.4644048937273,1,Fixed
8,3,23.661343370306348,16,1619.791327400344,1,RL
8,4,18.808528823965496,16,1319.487097028025,1,Fixed
8,4,11.456145612675432,19,1250.1628367756673,1,RL
8,5,23.52726750541637,19,1305.994470334947,1,Fixed
8,5,10.433575781563858,23,1415.165239111692,1,RL
8,6,21.770390825444306,13,1213.1197008596387,1,Fixed
8,6,20.151789733110213,15,1734.524046344907,1,RL
8,7,26.86553698134569,18,1409.6750869708924,1,Fixed
8,7,26.189877505028527,20,1559.3472985274177,1,RL
8,8,18.85193492215228,14,1261.973092169581,1,Fixed
8,8,14.07483795777448,19,1506.1563769938737,1,RL
8,9,14.566870809860216,17,1527.6597325573275,1,Fixed
8,9,17.514190100780176,17,2009.6132514169196,1,RL
8,10,28.440712737617012,14,1544.9369379283823,1,Fixed
8,10,16.319568618660504,15,1119.7508535044415,1,RL
8,11,11.23643900952006,20,1149.962836288731,1,Fixed
8,11,20.300732470815454,21,1430.481936193513,1,RL
8,12,16.85409618814615,16,1387.5383913449568,1,Fixed
8,12,16.50393001447211,17,1755.6829819313239,1,RL
8,13,16.90593585671707,15,1345.9699523526008,1,Fixed
8,13,13.718203081329793,24,1615.687072713643,1,RL
8,14,12.430086933179211,13,1335.3288084112523,1,Fixed
8,14,21.390980815990094,20,1712.7427042010418,1,RL
8,15,14.0568955589515,15,1027.398473987717,1,Fixed
8,15,17.074690781874867,10,1375.3823111944532,1,RL
8,16,15.3670203262906,15,1324.1739733707768,1,Fixed
8,16,13.31921758694989,15,1381.453545765023,1,RL
8,17,16.2872949398056,16,1398.010113706132,1,Fixed
8,17,27.884126043001583,20,1927.8107313902913,1,RL
8,18,23.089775419456753,16,1200.463000897189,1,Fixed
8,18,13.738645641206167,21,1220.096706409826,1,RL
8,19,21.892424737894594,20,1152.9706053261946,1,Fixed
8,19,27.147955691431104,16,1505.8672848612562,1,RL
8,20,6.319518736967055,15,1207.7247445443256,1,Fixed
8,20,15.530830476960517,16,1295.0833069021692,1,RL
8,21,25.822170277058877,16,1472.1710194740785,1,Fixed
8,21,26.591739111028296,17,1831.2307895716608,1,RL
8,22,16.176228787933645,13,1072.052776950875,1,Fixed
8,22,16.825458689191027,19,1303.8715654892874,1,RL
8,23,16.027509655397346,14,1151.575000438857,1,Fixed
8,23,20.115626078635565,21,1767.1822191161693,1,RL
8,24,13.019022427387835,19,1064.6213633894226,1,Fixed
8,24,22.49683764675157,17,1535.6293198989492,1,RL
8,25,35.07935117902155,29,1418.907073893865,1,Fixed
8,25,18.77621158030739,10,1509.679234770883,1,RL
8,26,10.554702909342586,13,1167.04307657387,1,Fixed
8,26,9.775079558202332,14,1260.1397127043103,1,RL
8,27,10.197075193392873,16,1393.2915206945027,1,Fixed
8,27,11.537781752809185,14,1840.4138576285407,1,RL
8,28,9.436798014212393,20,1527.359123525977,1,Fixed
8,28,17.54145779015048,23,1510.4281008087048,1,RL
8,29,12.709246801977777,13,1298.184486365082,1,Fixed
8,29,21.123280965460534,18,1275.2555868919421,1,RL
8,30,21.797936659798,16,1461.9694877621464,1,Fixed
8,30,13.851284358142824,17,1455.1271236757539,1,RL
8,31,24.148016033718914,16,1535.8694083814316,1,Fixed
8,31,14.500734008615996,18,1563.8857325972904,1,RL
8,32,10.544537254317795,26,1131.873273423395,1,Fixed
8,32,14.461297743058813,13,1243.9320066518917,1,RL
8,33,10.381407121773902,17,1127.3954151124271,1,Fixed
8,33,36.54913558876977,19,2165.6201609610935,1,RL
8,34,12.352430187736024,15,1059.9664072319345,1,Fixed
8,34,9.621485228529568,15,1660.5538220489796,1,RL
8,35,22.136826720417528,19,1343.0854538861552,1,Fixed
8,35,10.535359861039627,16,1639.9355109308733,1,RL
8,36,7.7426742181140416,16,1102.5759192055111,1,Fixed
8,36,6.371280858934646,19,1375.1253700146656,1,RL
8,37,13.93769670757558,15,1058.1015758285819,1,Fixed
8,37,12.774996740141308,16,1503.3771719212248,1,RL
8,38,16.303292001778757,19,1226.5281233633698,1,Fixed
8,38,15.674204505594428,16,1125.1640024299018,1,RL
8,39,7.869021848966352,16,1004.4679663909111,1,Fixed
8,39,24.071250324548224,16,1450.2224389935086,1,RL
8,40,14.759316364345171,18,1269.4336466618456,1,Fixed
8,40,26.240481180516817,19,1925.9041949544735,1,RL
8,41,12.062419600134413,19,1279.6000144355119,1,Fixed
8,41,30.20125753759774,17,1511.0947387871765,1,RL
8,42,10.2697798664506,19,1212.74716815163,1,Fixed
8,42,19.644319247539237,18,1070.6658249465895,1,RL
8,43,8.748146050531208,18,1180.4237135148892,1,Fixed
8,43,26.937814237376564,19,1845.4288668363088,1,RL
8,44,12.88521232428737,19,1603.6726195042772,1,Fixed
8,44,22.29370968106693,23,1679.7595979496007,1,RL
8,45,18.57863632293344,19,1459.6058350768712,1,Fixed
8,45,13.63598118410527,19,1390.4081943771116,1,RL
8,46,15.755937184681054,16,1311.263328626992,1,Fixed
8,46,15.40186993821591,14,1333.847384731724,1,RL
8,47,9.479983848772308,17,1311.9576478214562,1,Fixed
8,47,26.073587309599258,18,1681.632227363174,1,RL
8,48,15.898869962663792,10,1280.0450763011208,1,Fixed
8,48,21.728580718903125,15,1411.5844911028407,1,RL
8,49,14.076149948821046,13,1225.3541117659347,1,Fixed
8,49,21.590651132935786,21,1287.2895409872208,1,RL
8,50,10.4500570801093,15,1563.8765547011392,1,Fixed
8,50,9.975506787903617,17,1025.1548411568551,1,RL
8,51,18.26853453751468,15,1535.327852602728,1,Fixed
8,51,15.461901895762631,20,1717.340711458046,1,RL
8,52,11.460372253866684,17,1349.3367404874855,1,Fixed
8,52,7.813363863486034,19,1129.1198496915856,1,RL
8,53,11.12819695497578,15,975.9132676278314,1,Fixed
8,53,11.631948972315863,14,1639.4915578476964,1,RL
8,54,8.72866034287623,16,1404.8647696120288,1,Fixed
8,54,15.750759198275622,17,1254.8257266763774,1,RL
8,55,10.704227530932602,16,1293.018209488237,1,Fixed
8,55,18.07972836952148,26,1782.1869998867703,1,RL
8,56,17.994345638521736,16,1552.8362092662317,1,Fixed
8,56,12.373775893027172,15,1136.788786268401,1,RL
8,57,14.240612255553476,15,1298.63540957691,1,Fixed
8,57,24.957118997154378,17,1315.1306138209725,1,RL
8,58,10.433541334720148,13,1360.9126952221095,1,Fixed
8,58,13.760177179459493,18,1198.6332943635848,1,RL
8,59,13.290877809918664,13,1289.49301719521,1,Fixed
8,59,9.7048344859088,16,1196.2395606380885,1,RL
8,60,12.252020613615874,20,1279.1211380952618,1,Fixed
8,60,12.765727906639473,21,1357.2395163582014,1,RL
8,61,19.49039599379372,16,1135.2334477480035,1,Fixed
8,61,9.222719435406557,16,1385.1011135007705,1,RL
8,62,27.535126994297976,20,1290.7244811971468,1,Fixed
8,62,14.033406441929007,19,1275.8886712888786,1,RL
8,63,9.364898785450308,16,1152.284289196361,1,Fixed
8,63,9.073381063119005,20,1299.8702215215196,1,RL
8,64,9.818858750481438,18,1307.0172699103357,1,Fixed
8,64,31.569446523319062,25,2053.0640059331504,1,RL
8,65,19.222970788948654,14,1539.4417714114347,1,Fixed
8,65,26.86455863106559,19,1934.6217857190525,1,RL
8,66,14.577014674193075,20,1420.6697007380062,1,Fixed
8,66,17.701815364909933,19,1882.2860753501454,1,RL
8,67,13.340064312818715,25,1417.3960590219533,1,Fixed
8,67,16.105383156667166,19,1591.9930891968472,1,RL
8,68,25.258328183426137,11,1197.5873601626975,1,Fixed
8,68,15.544924886593128,18,1364.134321148777,1,RL
8,69,12.178538991066445,19,1411.8404967749536,1,Fixed
8,69,9.89037309424261,20,1161.8693384679912,1,RL
8,70,12.65732063343301,17,1038.6287402232792,1,Fixed
8,70,18.03122922095369,16,1304.1788217526916,1,RL
8,71,19.98285420881843,19,1285.0362193143255,1,Fixed
8,71,19.741413082484137,18,1767.9666359930636,1,RL
8,72,300.0,300,459.96930102371323,0,Fixed
8,72,28.407446958367597,20,1919.4298250901409,1,RL
8,73,18.74190704952197,16,1118.725616523764,1,Fixed
8,73,12.455032545941254,15,1577.8442444612353,1,RL
8,74,13.779078991519706,15,1285.157247946655,1,Fixed
8,74,15.747440698578714,17,1529.1199793591577,1,RL
8,75,15.327763903839548,17,1261.2229602249954,1,Fixed
8,75,12.500389141197164,15,1543.690426541621,1,RL
8,76,10.454320283367482,17,1307.0686794929359,1,Fixed
8,76,15.200993440801875,23,1805.8557109651417,1,RL
8,77,10.027275357711439,17,1134.8316167651928,1,Fixed
8,77,12.6406808243126,16,1137.447393656123,1,RL
8,78,28.0093348423909,10,1449.1762086977117,1,Fixed
8,78,14.579124989664418,16,1368.682615205359,1,RL
8,79,11.267121269292206,16,1445.9863842850077,1,Fixed
8,79,17.14188462744624,19,1435.2341153213133,1,RL
8,80,22.443110687426547,17,1519.9608390253775,1,Fixed
8,80,11.755177769811054,13,1172.8450275115501,1,RL
8,81,12.228699141448958,15,1060.5250420286347,1,Fixed
8,81,28.780250669152338,22,3158.8157164444074,1,RL
8,82,13.418518557226022,20,1408.976002499032,1,Fixed
8,82,20.402001196365088,21,2022.508309854688,1,RL
8,83,16.387765959711395,18,1154.6750210837488,1,Fixed
8,83,18.354074008172013,16,1328.0952164712771,1,RL
8,84,10.223974282934877,17,1513.175443043203,1,Fixed
8,84,18.760547054870155,31,1710.4180471454335,1,RL
8,85,17.672454743890263,14,1369.8280936059036,1,Fixed
8,85,23.101414063106212,17,1221.0429018446569,1,RL
8,86,7.579858892980535,19,1008.6035730100468,1,Fixed
8,86,23.225282622159302,17,1429.5311698270204,1,RL
8,87,8.790885272874766,12,1541.4835271338436,1,Fixed
8,87,18.207465284393496,15,1310.8463326235437,1,RL
8,88,11.762419482528415,12,1311.500853959614,1,Fixed
8,88,22.485489960333567,28,2088.797654650886,1,RL
8,89,9.529405244883403,14,1135.6972662357377,1,Fixed
8,89,12.256357023343107,17,1207.5792555165071,1,RL
8,90,11.32361387519807,16,965.3595555792423,1,Fixed
8,90,17.683946530710404,17,1407.1608184238194,1,RL
8,91,11.102622496226012,14,1023.9605242719853,1,Fixed
8,91,15.020459120051953,20,1460.3461186942845,1,RL
8,92,27.478003908991422,19,1528.8873556653957,1,Fixed
8,92,23.16943012161382,21,2142.256078888751,1,RL
8,93,22.542013090829208,18,1197.3184915816637,1,Fixed
8,93,14.42299096292517,12,1022.9156526725257,1,RL
8,94,16.260917998687656,14,1356.7878590119115,1,Fixed
8,94,12.36208540248073,17,1200.4767172274633,1,RL
8,95,14.45975487816752,15,1125.4347668071805,1,Fixed
8,95,9.683188565666086,20,1416.557588286133,1,RL
8,96,29.941016723542777,21,1537.6167318206042,1,Fixed
8,96,31.45139140499049,14,1465.7820709016125,1,RL
8,97,18.011760546795923,16,1305.1463967519503,1,Fixed
8,97,9.426708077609236,18,1174.1876371960607,1,RL
8,98,16.60721736791791,19,1109.3862114137864,1,Fixed
8,98,14.325010063172979,16,1490.8827209056963,1,RL
8,99,18.50470096548998,15,1403.3890584547257,1,Fixed
8,99,21.077823451712252,20,1693.0303974006408,1,RL
9,0,18.394554923767668,20,1888.3989033654118,1,Fixed
9,0,17.304976241865095,21,1593.8808397156731,1,RL
9,1,18.003154913367766,15,1263.2983417339633,1,Fixed
9,1,12.264434138479944,16,1635.9032042843428,1,RL
9,2,14.55623069933473,19,1527.8557903014878,1,Fixed
9,2,11.96753713846484,15,1528.8329577394436,1,RL
9,3,19.23870443743899,18,1550.6633449828219,1,Fixed
9,3,10.843171346125828,16,1483.407611248408,1,RL
9,4,13.945739505944431,15,1572.5741434997478,1,Fixed
9,4,20.767405613229936,22,1690.5346735140843,1,RL
9,5,11.94421425513079,16,1376.9689693546884,1,Fixed
9,5,11.474731590265119,16,1226.7999288578128,1,RL
9,6,12.50506790371768,19,1054.6286972512953,1,Fixed
9,6,9.458645728014616,10,1562.575400286927,1,RL
9,7,22.163446326847918,16,1586.047041312038,1,Fixed
9,7,35.78973875250967,30,2655.417584946451,1,RL
9,8,18.04739007133244,17,1693.837447938539,1,Fixed
9,8,21.534926903800812,19,1815.568543286541,1,RL
9,9,10.184480842954434,15,1340.1763224341946,1,Fixed
9,9,19.123762664240218,21,2126.8671614496534,1,RL
9,10,10.765892552495574,17,1504.728395482221,1,Fixed
9,10,11.608315482474522,16,1580.8446505443014,1,RL
9,11,11.725614109751,16,1733.1959352083586,1,Fixed
9,11,25.68437441389251,18,1491.4685728185375,1,RL
9,12,15.849495415421426,17,1436.0280594192413,1,Fixed
9,12,19.250444527528654,18,1641.661495831722,1,RL
9,13,10.490514854243099,14,1363.7358756938052,1,Fixed
9,13,16.76244736435093,15,1539.9366012845596,1,RL
9,14,18.02299800008815,20,1398.0368764150733,1,Fixed
9,14,20.010880889524735,12,1888.4218465260046,1,RL
9,15,12.329893586973357,14,1490.1397476690242,1,Fixed
9,15,12.571237592447378,19,1895.0331580612533,1,RL
9,16,11.338512760707928,15,1338.4997397347126,1,Fixed
9,16,12.026693172806068,16,1797.9048460358013,1,RL
9,17,9.922652913133275,20,1579.2159093858295,1,Fixed
9,17,17.372562295308708,21,2212.5576266485964,1,RL
9,18,22.41387174419317,12,1399.345934562993,1,Fixed
9,18,16.21955088966895,22,1554.0450503372658,1,RL
9,19,17.703379239625434,15,1499.1890666383429,1,Fixed
9,19,14.147987972418425,13,1100.3664092517938,1,RL
9,20,17.59094708447062,9,1290.4729310764615,1,Fixed
9,20,11.768299305929142,17,1916.4298762749158,1,RL
9,21,13.834581913754842,15,1178.4861480324982,1,Fixed
9,21,11.911928997757219,18,1858.0910240131952,1,RL
9,22,20.830730215451716,19,1785.9479417618495,1,Fixed
9,22,10.24122546645498,18,1337.219406241183,1,RL
9,23,11.305985439781976,11,1636.5478950901581,1,Fixed
9,23,23.237467977479,17,1964.0267032009924,1,RL
9,24,20.70258597253323,14,1661.047934747617,1,Fixed
9,24,15.718948554796906,17,2300.167797775441,1,RL
9,25,12.450163768913972,13,1176.3306731295881,1,Fixed
9,25,26.13570232659336,18,1709.0220497868222,1,RL
9,26,30.98251458154788,17,1713.460091976134,1,Fixed
9,26,10.509086181335707,13,1340.8110489779883,1,RL
9,27,29.13788231646894,27,1907.226184478394,1,Fixed
9,27,14.778882061125358,16,1918.5887586627882,1,RL
9,28,24.9519268143327,17,1550.5228537837647,1,Fixed
9,28,11.167467547154596,17,1493.1978755558146,1,RL
9,29,10.700802693334952,16,1426.6653090332502,1,Fixed
9,29,14.519167707902165,19,1482.803741212164,1,RL
9,30,27.428807301885634,22,1922.6124096824342,1,Fixed
9,30,16.0917003902945,18,1664.0499497040676,1,RL
9,31,20.10554059946206,12,1532.5973691370414,1,Fixed
9,31,16.825323214879806,20,1749.1775703658304,1,RL
9,32,15.860547595035857,19,1706.180106922113,1,Fixed
9,32,13.130724932774442,15,1539.7276435563479,1,RL
9,33,17.478232673670217,14,1479.7101507326995,1,Fixed
9,33,23.443965241357017,21,1633.3901013720767,1,RL
9,34,34.47871342119297,17,1734.891644757694,1,Fixed
9,34,13.894587990975063,16,1235.8011434463147,1,RL
9,35,17.880030581872134,15,1409.4363965917942,1,Fixed
9,35,11.472802051717386,18,1365.672821131279,1,RL
9,36,13.499316178511473,12,1436.9524686244233,1,Fixed
9,36,21.304748195028424,15,1443.494301426416,1,RL
9,37,20.148112970226826,17,1820.2481251156166,1,Fixed
9,37,12.819133691120168,13,1505.9410120306688,1,RL
9,38,17.969038013750946,16,1639.1560857952459,1,Fixed
9,38,24.235668318691463,24,1708.2787176826057,1,RL
9,39,21.36271600908525,15,1556.7077038240318,1,Fixed
9,39,20.10598525042018,20,1735.0920612321224,1,RL
9,40,7.83044824756807,19,1372.088163090296,1,Fixed
9,40,10.89648976623221,15,1256.8548584449125,1,RL
9,41,12.539944427408418,15,1256.219431169958,1,Fixed
9,41,12.107339617728373,16,1409.8911221261528,1,RL
9,42,21.438528948092728,15,1572.9537832492958,1,Fixed
9,42,22.785837645298905,16,2217.7935339547394,1,RL
9,43,12.363700835657509,19,1481.7711292912732,1,Fixed
9,43,14.853457801290867,14,1649.6088157264987,1,RL
9,44,13.642783611986966,15,1338.3078293283831,1,Fixed
9,44,13.283283205235273,16,1626.7196129818035,1,RL
9,45,23.670537975081285,18,1405.8652368112107,1,Fixed
9,45,14.524930671824615,18,1690.262192616383,1,RL
9,46,16.154344557995387,15,1444.3848926509029,1,Fixed
9,46,20.640254053725002,18,1871.8489683353873,1,RL
9,47,15.909166652619419,16,1604.1316110240136,1,Fixed
9,47,17.140467244036376,19,1912.4960970486777,1,RL
9,48,14.799510449768594,23,1772.4197399294576,1,Fixed
9,48,30.958635689233397,19,2427.333982493638,1,RL
9,49,17.907965277890792,15,1738.817907553077,1,Fixed
9,49,17.542637646498374,21,1629.5049291809048,1,RL
9,50,11.347161204027245,17,1704.5338218966147,1,Fixed
9,50,15.353750025498291,13,1352.9740464941892,1,RL
9,51,14.543863383126412,16,1384.8977450369061,1,Fixed
9,51,13.040913169033114,13,1215.7744029835858,1,RL
9,52,9.279231058809577,16,1402.680679149762,1,Fixed
9,52,12.285021227097221,18,1574.9372419413712,1,RL
9,53,12.087326759991726,15,1340.6859777569937,1,Fixed
9,53,15.34544173248005,16,1706.265121231984,1,RL
9,54,23.48918135104058,22,1437.5595362867032,1,Fixed
9,54,10.462368151106057,15,1577.9091973213485,1,RL
9,55,9.656810221863028,13,1271.0300463809099,1,Fixed
9,55,16.96169754969559,20,1873.518090513052,1,RL
9,56,31.984408127133992,19,1569.3405790036397,1,Fixed
9,56,10.64250810754829,14,1375.0953369328906,1,RL
9,57,23.82819551438368,18,1573.1798956426614,1,Fixed
9,57,16.66837516147139,13,1763.7112214777594,1,RL
9,58,14.400373894769322,20,1672.509776777527,1,Fixed
9,58,26.87782166579912,22,1885.379141321927,1,RL
9,59,7.964275362666174,9,1241.4503914879167,1,Fixed
9,59,37.537027607951586,17,1692.7911953213281,1,RL
9,60,8.993634510838818,18,1355.4813160262424,1,Fixed
9,60,16.146103719311853,17,1706.3281849631794,1,RL
9,61,12.398239101389592,17,1139.5831761495106,1,Fixed
9,61,13.105372472229465,19,1314.1081166766662,1,RL
9,62,16.11484264580855,15,1578.5627353535144,1,Fixed
9,62,14.478678936575395,26,1906.9120397402003,1,RL
9,63,10.430908947391778,16,1501.3914538524289,1,Fixed
9,63,23.83953809408009,18,1699.7787615576883,1,RL
9,64,12.723942072306844,16,1382.2615574873137,1,Fixed
9,64,14.366801231327551,18,1488.7651794882734,1,RL
9,65,18.955101432345543,15,1731.8826956677105,1,Fixed
9,65,15.01160620041349,17,1617.9620830960753,1,RL
9,66,9.576436273712066,10,1264.2637101575003,1,Fixed
9,66,12.111685485673812,16,1605.8811113093739,1,RL
9,67,12.689892533136506,12,1471.4386935668285,1,Fixed
9,67,15.912581806835835,15,1764.8854528450179,1,RL
9,68,7.854086987796693,18,1240.088234179334,1,Fixed
9,68,10.070256914901952,21,1290.5365867428175,1,RL
9,69,8.99519818200426,21,1531.3485062414486,1,Fixed
9,69,17.220046753225212,14,1909.1295523792592,1,RL
9,70,9.01561985329434,15,1170.4810754442292,1,Fixed
9,70,25.122387996195794,17,1476.5276610981432,1,RL
9,71,20.057288277934013,16,1251.4314862872143,1,Fixed
9,71,10.88229553203664,16,1643.9875938106338,1,RL
9,72,8.20752869277129,18,1405.3771871638612,1,Fixed
9,72,23.111776373066167,23,1650.4951675520363,1,RL
9,73,18.274862479974207,18,1653.712800530014,1,Fixed
9,73,14.81013237455837,19,1832.1301813259468,1,RL
9,74,11.856190722957198,15,1251.0758166983262,1,Fixed
9,74,16.263751417870683,16,1548.6779710085125,1,RL
9,75,11.532800637817484,17,1410.9171915377915,1,Fixed
9,75,12.656637020417515,21,1975.3948505664744,1,RL
9,76,9.204708573246457,26,1470.8924662781951,1,Fixed
9,76,16.933248572246864,24,1794.8193296833915,1,RL
9,77,16.15027504873903,20,1506.245253771517,1,Fixed
9,77,17.71120721229122,17,1335.9335972504937,1,RL
9,78,18.46167886099949,15,1574.6403590746468,1,Fixed
9,78,9.334119226628756,18,1457.6787277751405,1,RL
9,79,9.601600897980855,15,1721.6472136566456,1,Fixed
9,79,10.077172071900584,21,1698.674679428079,1,RL
9,80,14.990401377669922,14,1241.0614773275977,1,Fixed
9,80,21.515086870938017,22,2438.2431021469706,1,RL
9,81,11.446949617222598,14,1207.6189787879737,1,Fixed
9,81,9.68112053111001,17,1483.762201233074,1,RL
9,82,11.15507755017311,16,1473.5880431446212,1,Fixed
9,82,16.37976842568312,13,1228.127299516848,1,RL
9,83,11.866171333228618,22,1597.2356424189704,1,Fixed
9,83,27.94948437920541,21,2251.7975580852576,1,RL
9,84,10.262629637550086,17,1522.407881105346,1,Fixed
9,84,16.728545440772123,13,2149.918044609626,1,RL
9,85,25.35037389629351,16,1470.3555621164219,1,Fixed
9,85,12.146442967588758,18,1815.7002008194,1,RL
9,86,16.108866078514275,18,1299.782633958904,1,Fixed
9,86,10.552597378513136,13,1444.8173024570951,1,RL
9,87,19.48904577151928,15,1628.9629599344348,1,Fixed
9,87,11.016170091215432,21,1420.8451831949803,1,RL
9,88,23.201697241477596,19,1484.1323983101906,1,Fixed
9,88,13.628291983408706,15,1476.0186869127774,1,RL
9,89,12.288320721598797,17,1400.6260007853664,1,Fixed
9,89,16.532464960427383,24,1892.6345040101255,1,RL
9,90,15.19766550161243,16,1307.6618144564968,1,Fixed
9,90,19.086723687394556,17,1545.2071546925863,1,RL
9,91,13.96985386301564,14,1337.5320777612587,1,Fixed
9,91,24.54538181044507,18,2221.1492855401334,1,RL
9,92,18.97846475821074,18,1620.7799733798342,1,Fixed
9,92,9.594153209857138,14,1446.2309552848317,1,RL
9,93,12.940071549324177,14,1781.142364419354,1,Fixed
9,93,11.335397766366622,17,1857.0389747832576,1,RL
9,94,18.833788337113525,16,1578.0189221818341,1,Fixed
9,94,16.911332084019218,19,1617.1803362880921,1,RL
9,95,19.149473273481068,16,1594.5068755851503,1,Fixed
9,95,15.312198907257862,16,1380.1193665150233,1,RL
9,96,8.870150351823806,11,1245.9428281269998,1,Fixed
9,96,29.80413095329421,18,1807.30269834429,1,RL
9,97,14.878944616745603,17,1462.4763137137297,1,Fixed
9,97,23.947299929463593,19,2697.5526623447477,1,RL
9,98,8.50780924459412,14,1354.5861105400718,1,Fixed
9,98,9.96046923453686,22,1440.9896509561022,1,RL
9,99,18.121378453209285,14,1729.2664783098983,1,Fixed
9,99,20.36131345163639,18,1841.6716548153977,1,RL
10,0,15.294255353788296,14,1561.7885496322292,1,Fixed
10,0,13.8365679760494,17,1779.3873711166552,1,RL
10,1,17.103433345878607,16,1786.859836522119,1,Fixed
10,1,13.593394378384236,21,1745.69723742979,1,RL
10,2,11.72246596034996,16,1579.2098012841159,1,Fixed
10,2,8.820465849733072,16,1606.284803478496,1,RL
10,3,17.868623858639786,16,1671.584045282295,1,Fixed
10,3,20.71158573249963,10,2241.215127077207,1,RL
10,4,19.77543976968569,19,1759.907198883468,1,Fixed
10,4,18.638884692420913,14,1695.1486840713433,1,RL
10,5,14.218811328040278,18,1678.0408784305278,1,Fixed
10,5,14.571767805240636,15,2299.9443658325295,1,RL
10,6,25.067167259634225,17,1905.806624639543,1,Fixed
10,6,15.128552757565723,16,1895.1704339009443,1,RL
10,7,13.208149829255337,15,1565.9895200671622,1,Fixed
10,7,12.602848139273217,14,1594.7056617125966,1,RL
10,8,11.707815581034039,15,1516.9098800501663,1,Fixed
10,8,28.995600901259927,17,2369.511938427401,1,RL
10,9,17.836114024885624,13,1626.4908589368881,1,Fixed
10,9,15.686915723735769,16,2035.57758563515,1,RL
10,10,15.517369156768803,15,1938.6430431082467,1,Fixed
10,10,16.219769736295394,15,1729.6339536003238,1,RL
10,11,19.924029209707136,15,1628.5981983745505,1,Fixed
10,11,9.99905644996068,15,1804.1637367582284,1,RL
10,12,13.069205389715886,14,1705.2908033913668,1,Fixed
10,12,16.1910463480192,15,2010.4721811173306,1,RL
10,13,12.087209775441304,17,1752.303345054811,1,Fixed
10,13,13.158549378778531,18,2017.082566143872,1,RL
10,14,14.952570298680465,15,1512.478853650426,1,Fixed
10,14,18.527663936818364,21,2278.83619476954,1,RL
10,15,12.64686318858119,15,1719.1791378572116,1,Fixed
10,15,32.33407627532037,21,3354.1958692209014,1,RL
10,16,16.045602197607902,15,1712.9908194412285,1,Fixed
10,16,6.02141967339979,12,1460.7195121882262,1,RL
10,17,9.360625456582707,14,1553.015608123954,1,Fixed
10,17,12.140248357982443,15,1465.1701621597354,1,RL
10,18,15.818269377768734,16,1819.8176350173223,1,Fixed
10,18,12.825757682189456,17,1882.2820877573986,1,RL
10,19,16.290166997720966,18,2034.112878663839,1,Fixed
10,19,24.179086417133824,22,2022.2406081286763,1,RL
10,20,14.383717185816504,16,1726.3119476916904,1,Fixed
10,20,14.35566525149684,14,1540.5884121228946,1,RL
10,21,12.727326123132597,17,1613.8428780023985,1,Fixed
10,21,16.69221983220863,15,2034.9488900014674,1,RL
10,22,24.050212978193024,18,1830.3681446396351,1,Fixed
10,22,12.563322556974821,15,1703.5844503625387,1,RL
10,23,18.93630510857985,14,1549.0807999681042,1,Fixed
10,23,17.51437977765888,11,1374.4097286878402,1,RL
10,24,12.485467488583378,19,1576.684241757183,1,Fixed
10,24,23.174493534844675,18,2068.310111855858,1,RL
10,25,8.412267793131493,14,1573.8234623907524,1,Fixed
10,25,11.976506886110856,20,2232.495785025966,1,RL
10,26,12.47508616560606,11,1271.5334214782604,1,Fixed
10,26,15.841919094150123,19,2179.8331745512364,1,RL
10,27,17.25820354961976,17,1677.12249531256,1,Fixed
10,27,18.927414732468577,21,1874.8839019160228,1,RL
10,28,8.583388026507503,16,1314.4994698865085,1,Fixed
10,28,9.874460059346596,10,1439.9283356542078,1,RL
10,29,13.70241132140057,15,1762.2367517575528,1,Fixed
10,29,27.24280271106182,19,1947.5200882403708,1,RL
10,30,13.866261858438875,15,1373.1060417044441,1,Fixed
10,30,12.342553277647113,21,1948.7238872583864,1,RL
10,31,20.39916648309582,13,1527.878446335343,1,Fixed
10,31,12.867691052879337,14,1482.6648003830878,1,RL
10,32,16.897973886333297,14,1713.9168435841823,1,Fixed
10,32,9.986162106851266,13,1788.0107965537109,1,RL
10,33,16.36271944666272,10,1490.8770274387136,1,Fixed
10,33,11.074823691761502,18,1830.250277920851,1,RL
10,34,9.959841912486686,15,1546.3437393023219,1,Fixed
10,34,14.555381218661097,18,1637.6765995989151,1,RL
10,35,19.975126780748713,17,1567.3907216707848,1,Fixed
10,35,12.693560570524312,21,2432.860806039577,1,RL
10,36,13.971666230447202,15,1625.8283234901546,1,Fixed
10,36,25.996483101058324,19,1577.3913089905727,1,RL
10,37,25.937184925505573,11,1655.0333214875436,1,Fixed
10,37,22.80642887584467,23,1826.775493453104,1,RL
10,38,11.440169163119512,13,1461.9537570571954,1,Fixed
10,38,14.10915596021295,16,1716.4271837802496,1,RL
10,39,27.413414358296798,15,1704.3826167410286,1,Fixed
10,39,10.392937480246001,18,1922.9963309922705,1,RL
10,40,12.281636806794527,15,1231.4194121967082,1,Fixed
10,40,14.695026933601582,21,1716.5240175375957,1,RL
10,41,19.279325849928544,15,1615.3283239918799,1,Fixed
10,41,14.292510242410236,18,1726.401326913214,1,RL
10,42,18.73108266385012,13,1770.94674830584,1,Fixed
10,42,15.372572546402193,23,2117.5972969508716,1,RL
10,43,18.547290785666785,15,1805.3886627473603,1,Fixed
10,43,17.001189802394332,10,1743.2152554967647,1,RL
10,44,9.835659371567482,15,1343.465696846888,1,Fixed
10,44,10.906722777599235,20,1743.03644483288,1,RL
10,45,9.108185901628174,19,1852.6773862623954,1,Fixed
10,45,19.19570132451423,17,2026.9803112685458,1,RL
10,46,22.263423671001025,20,1893.1680520388893,1,Fixed
10,46,18.730610197955684,15,1864.4537663878507,1,RL
10,47,13.053575403225732,17,1390.8573764832936,1,Fixed
10,47,16.11162509107074,18,1663.3342979582542,1,RL
10,48,16.132959837201884,16,1633.547487113133,1,Fixed
10,48,8.356759974092109,13,1570.7812045002215,1,RL
10,49,8.476082352051401,13,1358.83035685909,1,Fixed
10,49,9.230961570218465,17,1600.777823445987,1,RL
10,50,8.0651546390573,16,1599.6121120092405,1,Fixed
10,50,9.498356477411473,15,1622.4054217196367,1,RL
10,51,11.152288720977833,12,1565.4430083001955,1,Fixed
10,51,9.007997390487699,12,1588.485437936033,1,RL
10,52,8.792483656576879,18,1740.9037974877667,1,Fixed
10,52,15.946085116241937,21,1947.8920872782471,1,RL
10,53,17.833820543144743,14,1770.3706459591317,1,Fixed
10,53,10.896043266652248,17,1816.629263112804,1,RL
10,54,29.328955309447434,14,1852.7223494769244,1,Fixed
10,54,7.9615785343069945,8,1273.8165552489445,1,RL
10,55,16.685552076810783,18,1790.3357909812662,1,Fixed
10,55,14.438244519891722,10,1880.4595848746349,1,RL
10,56,12.27929297058045,19,1603.4586885833774,1,Fixed
10,56,15.584064957004145,18,1506.1978941850182,1,RL
10,57,18.15927979290765,17,2109.5139296907128,1,Fixed
10,57,21.26066051920455,19,2211.629083071817,1,RL
10,58,13.920708558959703,14,1495.211923312847,1,Fixed
10,58,22.60424587130516,23,2170.9814310576585,1,RL
10,59,11.538537016359054,15,1533.523334565191,1,Fixed
10,59,20.847896084070626,16,1659.1515589457656,1,RL
10,60,13.967844609521624,15,1964.5547324844265,1,Fixed
10,60,15.581488954283596,17,1782.0519254900514,1,RL
10,61,27.120418138239508,16,1762.7909393348637,1,Fixed
10,61,16.26711239608657,16,1745.8963496423967,1,RL
10,62,15.676832995263931,16,1552.0119847976669,1,Fixed
10,62,17.21604026958394,17,1867.4015806907603,1,RL
10,63,20.86701221694404,15,1696.3121070068366,1,Fixed
10,63,27.32772194815998,22,2537.964249797244,1,RL
10,64,15.44377298404475,17,1572.7889125844865,1,Fixed
10,64,23.491061203589986,19,1722.8174938825093,1,RL
10,65,14.213312802582061,17,1498.2125938811103,1,Fixed
10,65,18.748825759163626,25,2146.7282538645472,1,RL
10,66,12.276854404726448,18,1551.8676793249579,1,Fixed
10,66,14.06383991208991,17,2038.0774784748287,1,RL
10,67,12.30075534766318,14,1586.4261720035743,1,Fixed
10,67,24.32050597254688,18,1942.2832254067534,1,RL
10,68,18.228783460586133,13,1556.7432611287065,1,Fixed
10,68,17.144055204149655,15,1665.3372975631887,1,RL
10,69,22.54829570254101,21,1944.5868339247356,1,Fixed
10,69,19.173744123512,15,1457.517771167687,1,RL
10,70,10.045165457337122,16,1356.0759578436898,1,Fixed
10,70,13.466122102669345,16,1953.2966556525,1,RL
10,71,9.396715290606284,17,1489.3076733102014,1,Fixed
10,71,20.59743836399805,19,1879.72979545232,1,RL
10,72,20.064581335767063,22,1860.3719607059666,1,Fixed
10,72,23.651587938732852,22,1966.8792050051247,1,RL
10,73,9.248080327444171,13,1404.9022369052839,1,Fixed
10,73,27.290270525020297,25,2030.1574340458696,1,RL
10,74,8.991952352532472,13,1634.144163964139,1,Fixed
10,74,15.065829594910463,15,1652.4603940979623,1,RL
10,75,12.78527702785357,14,1539.9876711633347,1,Fixed
10,75,14.963194231964167,14,1559.0265532798737,1,RL
10,76,13.731161969519125,18,1764.2129177871593,1,Fixed
10,76,12.297125476226487,19,1667.3565826799784,1,RL
10,77,19.31996734533982,12,1366.1882956263646,1,Fixed
10,77,11.861687067979089,17,2048.9973836382455,1,RL
10,78,10.947753312384178,14,1593.0065139314042,1,Fixed
10,78,19.767971799143886,13,1658.319062645573,1,RL
10,79,10.343547654323599,15,1577.417742652623,1,Fixed
10,79,13.887444685662237,20,1835.8596821424028,1,RL
10,80,12.749668281707129,11,1361.422911287469,1,Fixed
10,80,25.801848924282417,16,1431.1686425821983,1,RL
10,81,11.778093073662056,16,1558.7070017288681,1,Fixed
10,81,16.56814137620463,18,1733.71078826196,1,RL
10,82,16.666345326122467,16,1918.4777532824517,1,Fixed
10,82,11.657621424350804,12,1780.6367064231847,1,RL
10,83,17.888307088539307,15,1603.4693657423509,1,Fixed
10,83,20.617108669830372,20,2189.253013948409,1,RL
10,84,17.783897303253937,18,1869.7264455893146,1,Fixed
10,84,17.00689318089479,18,1354.699086107875,1,RL
10,85,14.02397350191519,15,1468.6162221628088,1,Fixed
10,85,9.009551065440576,13,1628.2272791320554,1,RL
10,86,13.354132146004707,16,1568.244836258436,1,Fixed
10,86,14.948832771423355,19,1911.3001619289669,1,RL
10,87,18.37857585864129,15,1519.0362637736357,1,Fixed
10,87,13.236889655183443,15,1956.5598692675349,1,RL
10,88,12.490191888133346,22,1313.7141209162735,1,Fixed
10,88,13.926868745455916,15,2087.294598976456,1,RL
10,89,25.838927095491634,21,1811.582973510806,1,Fixed
10,89,16.414906324101175,20,1509.3953199344091,1,RL
10,90,10.936562600266885,12,1383.741610100131,1,Fixed
10,90,9.952944465039666,17,2048.336027274329,1,RL
10,91,10.409634142738152,13,1371.877902501517,1,Fixed
10,91,8.505541030736506,20,1763.7715104333026,1,RL
10,92,14.740797703399576,16,1592.942771591015,1,Fixed
10,92,14.628684596727382,18,1645.6774671849826,1,RL
10,93,23.521031537778676,16,1601.6672837356496,1,Fixed
10,93,9.49566500420168,19,1863.9205063327493,1,RL
10,94,10.281323665616018,13,1781.7168768024403,1,Fixed
10,94,10.79725209189464,18,1722.5817107857479,1,RL
10,95,9.353865987366797,23,1544.7189540496774,1,Fixed
10,95,11.192955529155933,23,1866.677600547183,1,RL
10,96,14.007687614206205,17,1588.7322067887767,1,Fixed
10,96,14.665277575869178,15,1842.928717747653,1,RL
10,97,11.084533745102599,16,1798.8130567442615,1,Fixed
10,97,23.806280036005067,14,1649.5390575888869,1,RL
10,98,14.053293980179358,14,1879.138021413279,1,Fixed
10,98,9.811764864195304,17,1861.925770192536,1,RL
10,99,8.393741145309667,21,1480.9437650277837,1,Fixed
10,99,14.068013405599945,17,1679.608523281411,1,RL
11,0,14.842967912495283,18,1925.1848846530806,1,Fixed
11,0,15.904996147422121,13,1894.3390044781909,1,RL
11,1,11.62920418509974,15,1700.2262637860317,1,Fixed
11,1,12.343558200513323,19,1532.0215786491144,1,RL
11,2,12.464483455616408,17,1960.0883266098604,1,Fixed
11,2,12.324188230415277,13,2229.6707399639945,1,RL
11,3,8.540429707117275,17,1753.5725518256381,1,Fixed
11,3,14.832643200542957,17,2747.902255174345,1,RL
11,4,8.81430365559973,13,1574.4972800730175,1,Fixed
11,4,14.860871035304125,14,1908.7082643914869,1,RL
11,5,16.452463859791077,11,1866.2371100988707,1,Fixed
11,5,13.781165226240343,13,1825.5141142612883,1,RL
11,6,18.727055574886613,12,1700.606600068242,1,Fixed
11,6,17.75857827475815,23,2248.7784267122374,1,RL
11,7,21.64915233533751,15,2146.1705976382523,1,Fixed
11,7,20.054895948649857,10,1992.5755758575367,1,RL
11,8,16.13393161305209,12,1851.5715286931293,1,Fixed
11,8,15.004956851905842,14,1748.064591251619,1,RL
11,9,21.825081831932444,17,1702.4321872207804,1,Fixed
11,9,17.457114607380415,14,1788.6236411007599,1,RL
11,10,15.597442286390024,17,2041.8689802966587,1,Fixed
11,10,13.85584921058331,19,2079.3172857634754,1,RL
11,11,12.267701454731453,13,1662.2391853935871,1,Fixed
11,11,30.916368835513218,17,2497.421783786874,1,RL
11,12,10.27816022445982,13,1996.0298989242915,1,Fixed
11,12,10.744186788407255,17,2322.108765205366,1,RL
11,13,13.822584299930506,18,1759.4922182542632,1,Fixed
11,13,10.418580457865424,15,1971.2807273123294,1,RL
11,14,10.38875879812549,16,1684.0453737703292,1,Fixed
11,14,13.72003812305634,17,1526.2731447970727,1,RL
11,15,10.408827109737963,10,1518.9760723092454,1,Fixed
11,15,12.882140532067833,17,2406.0024755570976,1,RL
11,16,11.32986818430078,16,1758.84536575838,1,Fixed
11,16,7.946838335908626,20,2838.4384905373445,1,RL
11,17,11.345837588276861,19,1902.2366547555732,1,Fixed
11,17,9.779189724495772,18,1989.3579305066903,1,RL
11,18,13.977569759288741,18,1842.630759865465,1,Fixed
11,18,9.324086936910353,19,2000.624897470767,1,RL
11,19,32.918973596570204,14,1912.449059420405,1,Fixed
11,19,23.51661714246732,22,2100.393159891336,1,RL
11,20,16.024028583852562,17,1835.6015092723264,1,Fixed
11,20,9.866914509115606,19,1704.8718431497412,1,RL
11,21,15.409321467130928,18,1844.498700332544,1,Fixed
11,21,28.509097314004464,16,1877.4965692353558,1,RL
11,22,15.85268477231904,14,2118.9330003002647,1,Fixed
11,22,8.495816932674186,13,1982.4755094633747,1,RL
11,23,14.425093436824108,13,1748.962715355415,1,Fixed
11,23,21.302901755678565,11,1483.2766212675783,1,RL
11,24,20.194073091047912,18,2366.391532759179,1,Fixed
11,24,10.194670805156445,11,1763.9958837982558,1,RL
11,25,10.414234528881414,15,1722.7527770183779,1,Fixed
11,25,20.99372186833285,24,2660.2535180198593,1,RL
11,26,22.00699229131792,18,2072.7256817183456,1,Fixed
11,26,41.16374713551631,20,2368.812782339862,1,RL
11,27,18.802595738603888,13,1947.2357924798794,1,Fixed
11,27,11.283206551839474,13,1713.465383761854,1,RL
11,28,10.854354887959834,20,1815.0543187430028,1,Fixed
11,28,10.42802551093428,16,1799.2544937073137,1,RL
11,29,15.628661617322507,15,1809.2901774714553,1,Fixed
11,29,11.791395116426775,16,1994.6132024165,1,RL
11,30,13.160674997767694,16,1971.0962768997333,1,Fixed
11,30,14.312156048085205,15,1713.1725562379288,1,RL
11,31,300.0,300,1302.865621518919,0,Fixed
11,31,16.596755062499604,11,2168.544394733501,1,RL
11,32,13.038783925417935,21,1888.6475009177188,1,Fixed
11,32,34.60289135049159,16,2725.4041361908226,1,RL
11,33,12.855924271322058,12,1788.6722809345958,1,Fixed
11,33,21.940779629392885,13,2040.0637035016007,1,RL
11,34,15.361761401068685,15,1863.7649839161495,1,Fixed
11,34,17.818584020469864,14,1580.825248458258,1,RL
11,35,28.079816681822088,12,1761.201060383207,1,Fixed
11,35,23.81212593633315,14,1741.2400169767113,1,RL
11,36,35.47726296296385,17,1790.4527007120355,1,Fixed
11,36,15.723518165378579,19,2039.7305323201126,1,RL
11,37,17.59554272745154,14,1714.3900439158267,1,Fixed
11,37,11.172666661030492,18,2305.2663647393883,1,RL
11,38,16.84648058049223,18,1545.3950127330222,1,Fixed
11,38,14.162142713221229,14,2102.776277157679,1,RL
11,39,17.172688589524473,15,1790.7928597557054,1,Fixed
11,39,10.001924153675052,16,2470.420566931714,1,RL
11,40,18.832393865763596,13,1729.6536527261135,1,Fixed
11,40,28.049274984668283,20,2372.2532298588653,1,RL
11,41,13.269441168732408,16,1985.7274603181745,1,Fixed
11,41,16.42246982924271,15,1829.3414450594414,1,RL
11,42,20.61631287382632,14,2141.5192798410208,1,Fixed
11,42,28.887108688091423,16,1820.5770298278346,1,RL
11,43,10.844430844050915,13,1727.9310723374351,1,Fixed
11,43,33.32714228237456,19,3049.2806617193073,1,RL
11,44,8.113307764037675,16,1944.9854962050456,1,Fixed
11,44,18.477505325910794,15,1580.4633846138581,1,RL
11,45,9.458905928175142,18,1736.8212917419994,1,Fixed
11,45,22.30119583106024,11,1683.8336476448374,1,RL
11,46,15.549843440136417,16,2084.965138721285,1,Fixed
11,46,10.57125320307593,15,1954.066002627133,1,RL
11,47,17.421514470521338,15,1275.490525618257,1,Fixed
11,47,25.181100842071668,19,2382.046913892239,1,RL
11,48,15.440532463322942,17,1921.2618280618085,1,Fixed
11,48,10.177229099672555,17,1805.6042016207768,1,RL
11,49,25.226583039721966,18,1763.7731161048007,1,Fixed
11,49,9.399763591067028,14,1954.393307333708,1,RL
11,50,13.065261133090502,16,1786.5352909709168,1,Fixed
11,50,17.208989368649192,19,2047.1758808376153,1,RL
11,51,9.222180259684771,13,1604.2698322614917,1,Fixed
11,51,17.43109002661987,14,1522.5482986474997,1,RL
11,52,9.844244253521598,15,2204.026347412815,1,Fixed
11,52,17.36623390412999,15,2008.7519865625281,1,RL
11,53,14.46393662308416,17,2035.273146148888,1,Fixed
11,53,10.819659542491024,23,2150.5298535040283,1,RL
11,54,8.682502715038446,14,1594.731899825583,1,Fixed
11,54,12.879152290928669,13,2203.014691474993,1,RL
11,55,18.867440167984434,17,2152.081418777988,1,Fixed
11,55,33.8152500076589,18,2625.412287083332,1,RL
11,56,13.571510096813393,15,1553.6313152588098,1,Fixed
11,56,17.39309729036214,19,2875.988082541244,1,RL
11,57,13.57927497533486,17,1702.1177852743915,1,Fixed
11,57,8.30713898877467,15,1853.8802646270317,1,RL
11,58,18.332044194154378,11,1902.9494719834513,1,Fixed
11,58,12.44826134442017,10,1804.4447949615299,1,RL
11,59,15.360142618205742,16,2327.18979294727,1,Fixed
11,59,8.316956597606918,14,1848.861661136064,1,RL
11,60,15.362728228440398,14,1781.4730412960753,1,Fixed
11,60,20.698795939845038,19,2346.0262172678117,1,RL
11,61,9.537454110045857,13,1538.6009094229516,1,Fixed
11,61,15.647482000182901,15,1667.1390755398281,1,RL
11,62,10.558913436873096,12,1685.6987913692253,1,Fixed
11,62,15.588562291769511,15,1639.9984316599832,1,RL
11,63,8.654734545154597,15,1782.370995504511,1,Fixed
11,63,8.201901022732505,16,1752.5993275213875,1,RL
11,64,26.769803387690793,14,1737.8389959927895,1,Fixed
11,64,25.985193907982296,21,2080.854387228147,1,RL
11,65,14.044882599147186,18,1886.6863156773175,1,Fixed
11,65,16.635674743116343,18,1927.2582352522484,1,RL
11,66,13.483328637452212,16,1849.8185694254746,1,Fixed
11,66,29.64584891923864,21,2313.8845330576446,1,RL
11,67,23.582810829451645,15,1994.679932657854,1,Fixed
11,67,9.508903246165529,12,1623.0553120270492,1,RL
11,68,17.655378114752633,20,1944.6158587471027,1,Fixed
11,68,23.629370413211227,16,1783.2913763096217,1,RL
11,69,10.364359802082172,17,1875.341061909411,1,Fixed
11,69,16.26511884309342,15,1957.0043877674686,1,RL
11,70,17.047662056708656,15,1635.106391777921,1,Fixed
11,70,18.844704388153037,18,2493.7691367887246,1,RL
11,71,12.255254943087781,15,2061.7875600963152,1,Fixed
11,71,15.124449870114685,15,1918.3445066399534,1,RL
11,72,20.28907584839427,18,1785.8442460756364,1,Fixed
11,72,11.190159556625934,23,1714.677390776338,1,RL
11,73,11.353892024835135,18,1681.4479036964856,1,Fixed
11,73,9.525007524573946,17,1657.4096747345525,1,RL
11,74,15.262512211621694,14,1802.4583108940706,1,Fixed
11,74,17.50773930004721,13,2157.378333800928,1,RL
11,75,10.77084055898322,13,1420.457244665606,1,Fixed
11,75,24.868600384853398,17,2175.707156404978,1,RL
11,76,28.689082196646545,15,2220.7617111402733,1,Fixed
11,76,11.74156214479413,18,2203.5044143165187,1,RL
11,77,8.043184772553415,16,1761.1000980064705,1,Fixed
11,77,10.536339946307356,18,2186.4321441638917,1,RL
11,78,11.916277162803587,10,1534.6724723759387,1,Fixed
11,78,14.900333768145941,20,2238.0076123204735,1,RL
11,79,12.846351319571564,13,1653.5097016056322,1,Fixed
11,79,16.718784804620643,13,1647.312136337806,1,RL
11,80,13.139613746752783,13,2293.469476607638,1,Fixed
11,80,15.730844577809378,17,2368.2833945413636,1,RL
11,81,13.54359691123538,15,1803.7359991411508,1,Fixed
11,81,9.954481725073588,16,1715.8957249060916,1,RL
11,82,13.45795357983125,19,2142.3800093223317,1,Fixed
11,82,36.17935666651006,24,2491.4354794628903,1,RL
11,83,13.315939675943941,14,1534.2231418669483,1,Fixed
11,83,14.87656359077447,15,1568.3468166106486,1,RL
11,84,8.812934929670485,16,1570.4748175844613,1,Fixed
11,84,25.02848149696197,16,1988.1458829159906,1,RL
11,85,10.853620318093942,14,1719.7906732640781,1,Fixed
11,85,29.028625319208437,16,2038.8141932629119,1,RL
11,86,18.672614477739646,16,1899.6950343976675,1,Fixed
11,86,31.368548751712535,20,2684.9580302760396,1,RL
11,87,27.178843436480065,17,2033.8070828240438,1,Fixed
11,87,6.701968553471306,14,1714.6811697145224,1,RL
11,88,11.504002647252339,14,2070.7334978220474,1,Fixed
11,88,14.385699477149938,18,1836.955000794554,1,RL
11,89,11.808516751959756,13,1663.4360525536988,1,Fixed
11,89,23.344611133513034,31,3426.661072418854,1,RL
11,90,17.30437957215481,19,1663.2763955841156,1,Fixed
11,90,24.518526173493996,17,1965.5683015010027,1,RL
11,91,6.979544753927653,13,1843.2399237807672,1,Fixed
11,91,18.382583697515294,25,2804.8010851982167,1,RL
11,92,7.148373430379742,13,1722.9503417129406,1,Fixed
11,92,10.067060729406636,13,1708.4084430535218,1,RL
11,93,19.28596460108563,14,1973.0833013673678,1,Fixed
11,93,12.520559501413128,20,1711.3215016185554,1,RL
11,94,10.63022390654543,14,1865.819692843309,1,Fixed
11,94,16.235832095918656,16,1750.4519296716123,1,RL
11,95,14.677468127139885,16,1682.430571666899,1,Fixed
11,95,12.363535966143637,15,1411.5302543493003,1,RL
11,96,13.43555681774713,16,1759.894904538666,1,Fixed
11,96,11.4965443173523,12,1547.9019344167455,1,RL
11,97,18.097976403913645,14,1510.6374873820664,1,Fixed
11,97,17.676757172435227,15,2058.032273230815,1,RL
11,98,8.03379923584617,10,1511.0726494646099,1,Fixed
11,98,21.162930981560564,18,1792.37568659334,1,RL
11,99,9.755444505609525,13,1639.4396559270226,1,Fixed
11,99,10.038864579659293,16,2415.735628672901,1,RL
12,0,17.80903364104545,12,2282.1517879825396,1,Fixed
12,0,10.516630893471534,12,2134.102361852389,1,RL
12,1,15.362812411592548,14,1724.6295308706713,1,Fixed
12,1,13.79372346784795,13,2250.0996937405653,1,RL
12,2,13.122281331448416,17,2462.5736734323677,1,Fixed
12,2,10.122607845662069,16,2721.2594247580228,1,RL
12,3,17.752092413553736,13,1971.743711404587,1,Fixed
12,3,14.913766948632647,18,2586.4849821579282,1,RL
12,4,16.488606319608188,12,2127.2295439902605,1,Fixed
12,4,20.216454661295014,21,2911.1328915140407,1,RL
12,5,11.322072460724282,11,1696.4429763962748,1,Fixed
12,5,15.29373795079528,14,1713.235327415897,1,RL
12,6,18.59561812783597,15,1793.128496468829,1,Fixed
12,6,14.606481648499889,16,1930.4052298708446,1,RL
12,7,11.287669667101024,13,2131.432301796414,1,Fixed
12,7,17.414801124678423,16,2320.4697883824847,1,RL
12,8,15.508286748902828,18,2108.6940169484183,1,Fixed
12,8,11.209625641443521,15,2139.9989253109197,1,RL
12,9,22.30768054499452,16,1969.3841354224867,1,Fixed
12,9,8.525554785068433,19,1821.916113856279,1,RL
12,10,19.761867980393326,12,1820.7610827261426,1,Fixed
12,10,16.203421349708492,21,3173.7696789199467,1,RL
12,11,9.992362851789741,20,1919.5735249628765,1,Fixed
12,11,30.732839328951524,18,2259.4417857672015,1,RL
12,12,10.90081641212943,15,1927.2180097312253,1,Fixed
12,12,21.123918430415433,16,2140.230616764367,1,RL
12,13,14.724952045615002,10,1822.726797202111,1,Fixed
12,13,9.168516932754729,17,2191.2480787944887,1,RL
12,14,10.69506871003422,13,1976.33697103942,1,Fixed
12,14,12.256430094946925,15,2110.4863211748134,1,RL
12,15,17.882265542912176,15,2155.702018808432,1,Fixed
12,15,24.295663124866497,20,2699.495019604528,1,RL
12,16,13.833372335062771,17,1913.109935790953,1,Fixed
12,16,16.39825345087535,31,2038.111912890343,1,RL
12,17,11.14703278105274,12,1809.0547808628664,1,Fixed
12,17,11.945424174027405,17,2019.6054661478124,1,RL
12,18,25.794885943653593,18,2284.9013009712858,1,Fixed
12,18,14.73560303043378,15,1930.760704993885,1,RL
12,19,6.963102390062078,13,1864.4290653949743,1,Fixed
12,19,15.307730453964291,13,1776.5155674583543,1,RL
12,20,17.250680971427606,13,1811.9638214719387,1,Fixed
12,20,17.192171991160833,17,2150.155757523934,1,RL
12,21,15.688492941798703,15,2128.6652981837437,1,Fixed
12,21,21.482362081488652,17,2540.629208659847,1,RL
12,22,10.328657373114396,15,1905.9861914336623,1,Fixed
12,22,22.806905133119365,23,2490.6827307759454,1,RL
12,23,20.91980493871669,15,2164.6535968137187,1,Fixed
12,23,30.709673053007748,20,2614.197031944303,1,RL
12,24,17.519955746845216,16,2053.6087725350876,1,Fixed
12,24,20.465807457306525,17,1926.296529353369,1,RL
12,25,32.674778298600806,14,2422.7380795716235,1,Fixed
12,25,16.546616353403287,14,1896.9441351508049,1,RL
12,26,10.660269169990185,15,2076.5108362976584,1,Fixed
12,26,17.6417737247469,18,2307.4682981829847,1,RL
12,27,24.719918063957813,12,1922.4622681063956,1,Fixed
12,27,19.152766772817,12,2040.3588918261826,1,RL
12,28,12.500744285226912,15,1884.469759660066,1,Fixed
12,28,18.323280644659643,14,2165.498495397668,1,RL
12,29,13.91289333010135,14,1729.8739685101818,1,Fixed
12,29,20.61613627753483,17,2247.2019067085785,1,RL
12,30,16.559582880532467,14,1921.574975141755,1,Fixed
12,30,24.384861063634343,16,2073.326667152043,1,RL
12,31,20.48830878990355,15,2014.6294579317996,1,Fixed
12,31,17.78428882796975,15,2030.870017095086,1,RL
12,32,16.65356066558556,13,2409.6816582780093,1,Fixed
12,32,9.953885545806111,16,1874.4691277402414,1,RL
12,33,20.994986056274012,13,2175.7706766073898,1,Fixed
12,33,21.275665025805367,20,3085.785562498044,1,RL
12,34,14.34028329465654,14,1778.7820594253276,1,Fixed
12,34,26.18279197226198,29,3256.140099814713,1,RL
12,35,22.695664434207504,17,2085.5564047997636,1,Fixed
12,35,15.686492628734177,16,2193.7962097975355,1,RL
12,36,13.697732534640346,13,1813.8021151032972,1,Fixed
12,36,9.061606420755087,15,1641.7565381138468,1,RL
12,37,15.932232430613544,14,2272.580172871164,1,Fixed
12,37,15.513513438094268,16,1941.3326619186685,1,RL
12,38,9.679434213284855,14,1768.2650216023942,1,Fixed
12,38,11.739365784898887,15,1757.5532507447444,1,RL
12,39,15.396111367065325,15,1721.9989832847418,1,Fixed
12,39,24.74614211301263,14,2400.75725799385,1,RL
12,40,12.226581649669274,12,1996.2025507562907,1,Fixed
12,40,20.38370253774715,18,2459.305420171284,1,RL
12,41,14.242911961777693,10,2022.042270875058,1,Fixed
12,41,10.074078783189108,19,1880.3290533932732,1,RL
12,42,15.473932979916555,14,2005.7388868932348,1,Fixed
12,42,8.778358179214859,16,1641.7767838210834,1,RL
12,43,23.50662573954823,16,2018.7509922740528,1,Fixed
12,43,28.092147911588334,15,2360.0971663881064,1,RL
12,44,12.722256294983428,13,1964.4764501079148,1,Fixed
12,44,15.683248137755328,16,2241.0276464906206,1,RL
12,45,13.030727571281025,15,1910.4063185954108,1,Fixed
12,45,11.885416921167698,14,2272.0645292402637,1,RL
12,46,28.543516030020253,15,1658.0412974941194,1,Fixed
12,46,15.737998658470769,19,2288.7702736198594,1,RL
12,47,9.4512699133844,15,2146.9096659514394,1,Fixed
12,47,18.497845595057473,14,1742.9263422167942,1,RL
12,48,14.093935456308406,12,1899.076311473969,1,Fixed
12,48,21.259300535308398,13,2062.842223601726,1,RL
12,49,10.353282656530295,11,1834.4191710164328,1,Fixed
12,49,12.339160339003481,16,1862.3841245512958,1,RL
12,50,17.796222694064422,12,1831.5529808729075,1,Fixed
12,50,12.539362173075315,13,2416.5287929343463,1,RL
12,51,21.921992180679716,18,2117.2396846000074,1,Fixed
12,51,12.346351133477574,14,2013.2290224671253,1,RL
12,52,28.388816542414226,15,2143.671270333006,1,Fixed
12,52,16.458819272506624,24,2837.0424277568127,1,RL
12,53,11.438984898741738,10,1697.732434787226,1,Fixed
12,53,26.08701379844273,16,2397.3377411029333,1,RL
12,54,16.882004551554953,13,2090.4450453457857,1,Fixed
12,54,8.349647708989792,9,1635.8589756285182,1,RL
12,55,17.894968067056205,15,2138.571598690277,1,Fixed
12,55,13.999228842811812,18,2113.305142768218,1,RL
12,56,28.353445419131372,18,2139.2980576785176,1,Fixed
12,56,24.14265673299946,17,2873.0787727598376,1,RL
12,57,14.707931660901087,14,2080.6848300127795,1,Fixed
12,57,13.519603090421265,17,2167.0937993213747,1,RL
12,58,20.07377117612051,12,1828.5869689962371,1,Fixed
12,58,15.504475627033875,12,1904.9374303157172,1,RL
12,59,13.208321448602542,13,1616.6948567472302,1,Fixed
12,59,16.481431414162067,16,2435.59545678844,1,RL
12,60,26.960301146863866,24,2222.1341995348457,1,Fixed
12,60,22.937115195975288,15,2331.471461229834,1,RL
12,61,19.587878582404837,11,2023.869664997246,1,Fixed
12,61,14.327237416600877,23,3896.33388458233,1,RL
12,62,5.961452929396313,21,2036.8539002117666,1,Fixed
12,62,32.39003331472153,11,2329.033174625199,1,RL
12,63,24.52836978811603,15,1694.8161479356254,1,Fixed
12,63,21.406131347745532,15,1904.163111682234,1,RL
12,64,11.185406302460748,13,1509.0490165113106,1,Fixed
12,64,9.656737478947475,15,1931.515583133545,1,RL
12,65,15.09580083120334,15,2191.0829940454296,1,Fixed
12,65,19.48318904587797,21,2497.9389136283685,1,RL
12,66,10.576691704004467,16,1930.3534401715397,1,Fixed
12,66,21.985452915984077,19,1897.8194128396499,1,RL
12,67,20.16593958168511,15,1705.944938996972,1,Fixed
12,67,14.044649980910688,15,2667.326888467158,1,RL
12,68,8.12427147029023,17,1754.8064821843977,1,Fixed
12,68,10.018219780362783,12,1846.828131750311,1,RL
12,69,14.494820677465786,10,1869.9440773566428,1,Fixed
12,69,16.449224439862636,12,1847.661721305017,1,RL
12,70,7.499939827684275,14,1866.412883870686,1,Fixed
12,70,13.422839330574243,18,2181.9078343266146,1,RL
12,71,23.477564738756534,14,2171.8107539618472,1,Fixed
12,71,27.64940199025839,18,2700.5553115578987,1,RL
12,72,18.381787891644134,15,2208.030707861286,1,Fixed
12,72,19.746642906680442,16,2409.0915506224483,1,RL
12,73,9.154401470719431,15,1930.2675853925418,1,Fixed
12,73,23.481637343516226,18,2265.20657545866,1,RL
12,74,21.565530069121607,15,2288.541647382307,1,Fixed
12,74,27.741392877164333,15,2285.4001290289875,1,RL
12,75,10.890830207417853,13,1751.166159532092,1,Fixed
12,75,6.598739797788982,13,2321.439030237003,1,RL
12,76,16.46842227769836,15,1715.8451123679058,1,Fixed
12,76,8.996838543367652,17,2094.913439541202,1,RL
12,77,14.277138595607749,11,1890.1087375890197,1,Fixed
12,77,27.00616539735167,15,2239.723683634767,1,RL
12,78,9.634532369324003,14,1868.7325308191446,1,Fixed
12,78,9.337820022764763,11,2530.066970257748,1,RL
12,79,10.119502583427007,12,1695.5974492792984,1,Fixed
12,79,24.796825285881624,18,2164.7267789250745,1,RL
12,80,11.096249279979775,15,1962.5820059116552,1,Fixed
12,80,20.97404510127094,18,2373.2769639710723,1,RL
12,81,20.496846507540273,13,1845.4502258071782,1,Fixed
12,81,27.372819383461128,14,1876.1257034503553,1,RL
12,82,13.36260830987481,16,2092.1558050398844,1,Fixed
12,82,9.280903842857995,17,2340.8995462799176,1,RL
12,83,8.130607589995163,17,1845.676211491224,1,Fixed
12,83,10.543568675432955,21,2740.8350207321564,1,RL
12,84,25.669557975630028,17,2239.681163928463,1,Fixed
12,84,29.395034257433615,16,2454.9226841280824,1,RL
12,85,11.254856945987466,20,1720.3201369146511,1,Fixed
12,85,21.697900323310257,15,2024.47717979199,1,RL
12,86,16.072795684352467,13,1593.9614836070773,1,Fixed
12,86,15.130819332085384,12,1905.6025273643866,1,RL
12,87,12.149267570369638,13,1982.0979915581254,1,Fixed
12,87,11.145072429897262,12,2408.138654742748,1,RL
12,88,6.4300471758397055,17,1670.679695971636,1,Fixed
12,88,16.767473335612998,15,2079.894548445222,1,RL
12,89,16.42992782663064,18,2207.362905625094,1,Fixed
12,89,16.824820886198168,17,2564.3977472236256,1,RL
12,90,13.59782321074626,15,1844.2441148728503,1,Fixed
12,90,20.562049310696974,16,2299.5303224263735,1,RL
12,91,13.576783921887984,13,1951.8434794047644,1,Fixed
12,91,15.429208529454476,9,1759.3150865933799,1,RL
12,92,18.42070581171036,15,1633.3654072027216,1,Fixed
12,92,11.80776358555165,16,2210.261549081506,1,RL
12,93,19.275957266466587,15,2260.907541199842,1,Fixed
12,93,25.688508049136885,13,2092.9416900778306,1,RL
12,94,19.796831518940117,16,2019.535380576177,1,Fixed
12,94,13.828025993285902,15,2056.124412330909,1,RL
12,95,9.456973416626365,9,1701.249680521306,1,Fixed
12,95,28.628882351768873,20,3137.4917495851796,1,RL
12,96,12.454588966350983,15,2113.6622019233123,1,Fixed
12,96,21.778702829662215,21,2526.955511244989,1,RL
12,97,17.302019320997438,19,2284.8846310061667,1,Fixed
12,97,10.820846831217406,12,1968.713677202984,1,RL
12,98,19.217392083250807,11,1728.9987737397207,1,Fixed
12,98,10.21567649331487,13,1662.614186932775,1,RL
12,99,29.204722020701098,16,2321.219811650009,1,Fixed
12,99,16.453829781836905,15,2128.8300905231677,1,RL
13,0,18.71239600405449,14,2265.4942121184245,1,Fixed
13,0,9.326770524081017,14,2163.1545152579547,1,RL
13,1,11.207015062237819,13,2010.0257354440253,1,Fixed
13,1,10.848989506720581,16,2003.125922906383,1,RL
13,2,22.17402599475375,15,2131.4297532759274,1,Fixed
13,2,9.685557615730787,14,2224.7997186025464,1,RL
13,3,24.77453584719006,15,2122.1320085197285,1,Fixed
13,3,26.41443246183916,16,2662.005551353885,1,RL
13,4,11.754952613298261,18,2198.5767039145635,1,Fixed
13,4,24.94219244988915,18,2504.3558294272775,1,RL
13,5,10.460744911832704,14,1966.7947194350324,1,Fixed
13,5,15.073967818466723,12,2877.039672663819,1,RL
13,6,23.57889097180075,14,1891.7035037363348,1,Fixed
13,6,19.292244204017386,16,2103.692411144103,1,RL
13,7,11.398936746780794,17,2082.605469005511,1,Fixed
13,7,12.904768856611323,12,1603.0461700466467,1,RL
13,8,13.367205014226647,13,2138.6311046088267,1,Fixed
13,8,13.034051141452906,10,2177.837166492531,1,RL
13,9,15.58505658793857,11,2288.6745406913574,1,Fixed
13,9,15.761612677801557,15,2758.9436831383255,1,RL
13,10,11.681046144860137,18,2418.9171374515254,1,Fixed
13,10,10.1697921673491,17,2155.2484390116265,1,RL
13,11,13.651606790432439,14,2268.6683874288165,1,Fixed
13,11,9.018075819850973,9,2349.5884173572786,1,RL
13,12,7.72916707800394,12,1830.5719075841107,1,Fixed
13,12,14.659019862885776,18,2361.600527672961,1,RL
13,13,15.315767045898411,17,1820.3656362159186,1,Fixed
13,13,15.296065467779638,16,2010.4788501388705,1,RL
13,14,12.909657705713684,12,2039.534757873675,1,Fixed
13,14,14.080899308320733,17,2686.990413075416,1,RL
13,15,13.416452874826708,14,1991.5895521802418,1,Fixed
13,15,12.173868706661596,15,2087.243248293422,1,RL
13,16,12.604013510444702,14,1872.0888971728157,1,Fixed
13,16,17.30634595143493,22,2827.1875232977877,1,RL
13,17,11.719484393854447,15,1927.7200149381215,1,Fixed
13,17,10.298507241496521,15,1672.8104858354513,1,RL
13,18,14.673202587568937,14,1892.9949243311376,1,Fixed
13,18,12.008852155642066,15,1967.4576041728528,1,RL
13,19,13.790187235296719,14,2048.2162469364466,1,Fixed
13,19,7.08459559027322,16,2185.772867712887,1,RL
13,20,19.63953288936799,14,2441.951486494371,1,Fixed
13,20,12.786777008046643,14,2120.032463001897,1,RL
13,21,14.112866504799324,11,2284.9391473449177,1,Fixed
13,21,15.393083900267175,15,2593.52014322927,1,RL
13,22,14.51129887912067,15,2213.5021632591224,1,Fixed
13,22,15.404283861341293,17,2273.44923195271,1,RL
13,23,19.223137670923528,17,2323.5063055111077,1,Fixed
13,23,23.80616922595317,17,2527.535005782705,1,RL
13,24,14.87576919541001,14,1855.6142680810592,1,Fixed
13,24,12.891823339908825,14,2018.819319624472,1,RL
13,25,15.552673987895432,15,2169.8684356229596,1,Fixed
13,25,7.789829121343693,17,2399.4575101710184,1,RL
13,26,13.622196499026895,10,1709.8551895620844,1,Fixed
13,26,22.156773073949946,12,2248.9433842646154,1,RL
13,27,16.521710679210546,15,1904.3774417532636,1,Fixed
13,27,13.395988840973825,14,2029.0599928888573,1,RL
13,28,12.228258048263662,15,2383.8472923458726,1,Fixed
13,28,10.83677588765813,19,2037.2928613349688,1,RL
13,29,16.876142696518475,14,2184.6324966560715,1,Fixed
13,29,13.1589741985206,18,2196.440148707959,1,RL
13,30,11.467770046632346,13,1901.6338722972393,1,Fixed
13,30,20.351451837292704,14,2255.642360125238,1,RL
13,31,17.31561825936464,11,2068.851242298506,1,Fixed
13,31,15.868586415280806,14,2476.3277556794615,1,RL
13,32,13.40134771363501,13,2354.184358301169,1,Fixed
13,32,17.956605120060168,12,1742.5717592323056,1,RL
13,33,11.272413005490584,18,1958.047521381114,1,Fixed
13,33,14.780334014726279,14,2621.5350138690947,1,RL
13,34,13.62289214870286,11,1844.4194553926623,1,Fixed
13,34,13.406911829766162,16,3066.535319156113,1,RL
13,35,10.21995858322385,11,1840.057092790879,1,Fixed
13,35,11.476176048169275,12,2336.3842520279068,1,RL
13,36,26.576854138888336,13,2363.2974490960537,1,Fixed
13,36,11.23736599955932,20,2893.080397592766,1,RL
13,37,16.23719615552138,15,2051.215653356259,1,Fixed
13,37,15.429381902428062,13,2568.8175344094925,1,RL
13,38,10.377779995940074,14,2051.678276093751,1,Fixed
13,38,17.97368947330495,15,2434.4764109570633,1,RL
13,39,9.411808936304478,13,1824.984191234695,1,Fixed
13,39,32.38019333281285,20,3235.5930304573326,1,RL
13,40,13.99010767125319,16,2405.6476921585677,1,Fixed
13,40,13.703490762268785,17,2422.391068210285,1,RL
13,41,8.877279541319696,13,1915.6504911801903,1,Fixed
13,41,14.437023005280093,13,2080.347073466278,1,RL
13,42,22.06405837554882,16,2426.986445550522,1,Fixed
13,42,14.844381542979448,17,1715.2616666216245,1,RL
13,43,14.270419480629041,16,2010.658033012084,1,Fixed
13,43,17.604651318035103,15,2187.7855235244288,1,RL
13,44,19.22577625867911,12,2310.043521706052,1,Fixed
13,44,15.390321755259825,17,2487.919255593754,1,RL
13,45,17.51021069031761,17,2200.817419351512,1,Fixed
13,45,14.799214046610217,18,1946.734676573135,1,RL
13,46,16.979756025429907,14,1996.4397183161748,1,Fixed
13,46,13.423746540530342,9,1941.4913432914816,1,RL
13,47,8.084987631612304,13,1860.005400443179,1,Fixed
13,47,12.903146222568576,14,2203.2347674672133,1,RL
13,48,11.22194495793767,13,1983.5630188961302,1,Fixed
13,48,28.762887114864185,16,2295.357775350868,1,RL
13,49,11.546144520384283,11,2278.619751556885,1,Fixed
13,49,11.522886830011341,15,2281.146515106561,1,RL
13,50,25.385287580638494,19,2472.591710175431,1,Fixed
13,50,9.96640572516877,15,2024.911918439582,1,RL
13,51,12.736297185557671,14,2285.035167443763,1,Fixed
13,51,25.51873413349694,18,2300.550173440238,1,RL
13,52,10.453015559203488,12,1935.543102813114,1,Fixed
13,52,15.890865129359986,12,2161.0847467519534,1,RL
13,53,7.663885710844992,13,2055.1692194287493,1,Fixed
13,53,12.041058332019004,14,2082.471221420085,1,RL
13,54,14.08361040260149,13,2030.1805870890767,1,Fixed
13,54,16.666630218984334,14,2310.258069652463,1,RL
13,55,8.697824946432473,14,1898.7457442496918,1,Fixed
13,55,19.795013086654045,14,1962.6575808778925,1,RL
13,56,9.182525475225635,16,2077.008360618883,1,Fixed
13,56,20.89356161690355,14,2791.563129560334,1,RL
13,57,17.72972682136193,15,1881.5534314569613,1,Fixed
13,57,8.453624196708544,16,2843.938192724121,1,RL
13,58,10.978078640803048,10,1936.7974841536002,1,Fixed
13,58,18.27411315562836,10,1842.1795241329114,1,RL
13,59,9.521156607075678,16,1931.9666073412993,1,Fixed
13,59,17.218933079163143,16,1966.786577787853,1,RL
13,60,11.437974680577863,14,2144.0421378499514,1,Fixed
13,60,15.59526357892079,19,2204.478420080541,1,RL
13,61,11.381437081758913,17,2162.7220435995064,1,Fixed
13,61,18.078451712465615,12,2106.076241794038,1,RL
13,62,17.72941397325091,17,1982.2418689983492,1,Fixed
13,62,8.207377948559403,18,2444.7466279303885,1,RL
13,63,12.270978296761594,14,1711.6635524537064,1,Fixed
13,63,10.791619780547272,18,2967.3546858840205,1,RL
13,64,10.881206189585962,16,2190.714606569949,1,Fixed
13,64,19.496311462402826,16,1747.6437450704311,1,RL
13,65,20.270694189722857,15,1937.637419730363,1,Fixed
13,65,16.28348744073984,20,2592.7882712366295,1,RL
13,66,19.84042963019525,15,1872.560390627217,1,Fixed
13,66,8.521806267824505,12,1996.6653384841948,1,RL
13,67,14.703031926758303,15,1764.7008294982586,1,Fixed
13,67,12.070988127224828,10,1975.3105374375077,1,RL
13,68,10.476901337799912,12,2012.5121534013915,1,Fixed
13,68,16.56818418851917,17,2744.7564466082536,1,RL
13,69,8.487353018881663,9,1600.4869773958474,1,Fixed
13,69,9.536969212619116,13,1407.4676708093673,1,RL
13,70,8.57849428663273,15,2107.421431226741,1,Fixed
13,70,16.8867469998439,15,2382.9406730322175,1,RL
13,71,9.773295346543497,15,2691.8881039437783,1,Fixed
13,71,21.381901114948477,21,2753.9277101311122,1,RL
13,72,15.270254997397984,14,2045.576681411617,1,Fixed
13,72,12.898765754451333,14,2352.682827174582,1,RL
13,73,10.85048291805271,14,2404.0108762358077,1,Fixed
13,73,10.513738399974295,11,1667.2749571146653,1,RL
13,74,13.474295245924589,17,2229.511499520285,1,Fixed
13,74,15.696824825156849,13,2779.8157271578075,1,RL
13,75,9.362418925715609,15,1946.6963387866224,1,Fixed
13,75,9.49365186935284,10,2134.1228510236147,1,RL
13,76,8.137691482023993,14,2430.481727264345,1,Fixed
13,76,12.587910043825858,14,2543.0534391357664,1,RL
13,77,14.330945288197707,16,2069.409672751725,1,Fixed
13,77,12.399116059408733,11,2442.7151313320433,1,RL
13,78,16.78423943522629,14,2092.819397623588,1,Fixed
13,78,25.120219698928565,17,3408.050189276986,1,RL
13,79,26.85724646815554,13,2450.339612089545,1,Fixed
13,79,30.074780072541188,12,2642.376332608863,1,RL
13,80,13.340705054801935,14,1870.225211398401,1,Fixed
13,80,18.583294170784978,13,2478.5570217473746,1,RL
13,81,8.7276624465914,15,2102.483504596351,1,Fixed
13,81,8.193138517381799,16,1914.884568990024,1,RL
13,82,13.010640436985579,15,2159.847746865964,1,Fixed
13,82,17.77577647453138,14,2388.5911929242898,1,RL
13,83,14.301209018617186,12,2169.6284211230923,1,Fixed
13,83,22.44382164118238,15,3189.945307602719,1,RL
13,84,15.858069044581276,15,1860.9719769476635,1,Fixed
13,84,29.53229281415426,18,2816.865887622419,1,RL
13,85,10.211204992933727,15,1899.253239462039,1,Fixed
13,85,9.322513097662025,14,2310.889228473482,1,RL
13,86,19.824955981265983,16,2356.387472986099,1,Fixed
13,86,15.760847062592438,17,2229.929174384901,1,RL
13,87,10.61803344853184,14,2348.4276137862053,1,Fixed
13,87,8.856727323859825,9,2061.273835024725,1,RL
13,88,20.32050692363552,16,2571.2078911340022,1,Fixed
13,88,8.80694508602796,17,1977.134749894995,1,RL
13,89,9.154272334823277,14,2083.1633830052383,1,Fixed
13,89,13.032873258106388,15,2559.9693227797497,1,RL
13,90,20.764335587897918,14,1942.6238165174507,1,Fixed
13,90,19.38972394544728,19,2904.089214390883,1,RL
13,91,7.841984830780359,14,2001.3843529993283,1,Fixed
13,91,12.645763489494467,12,2765.4479869295697,1,RL
13,92,18.956383707619388,15,1814.2373090310953,1,Fixed
13,92,10.714525889454116,13,1742.4304781855753,1,RL
13,93,13.185310894591302,14,1993.6774648508022,1,Fixed
13,93,14.44308213618459,16,2039.2567696058543,1,RL
13,94,26.20991214913592,12,2413.6777673734696,1,Fixed
13,94,22.02134302566659,18,2254.119848284689,1,RL
13,95,17.561450756444636,13,2026.9278752556347,1,Fixed
13,95,25.37176868444164,16,2397.6336502856047,1,RL
13,96,16.828007513653198,16,2087.6984833699053,1,Fixed
13,96,10.747893643297243,15,2681.6096773676118,1,RL
13,97,24.077017395208316,14,2148.161865558147,1,Fixed
13,97,9.697191265553307,14,1984.723215453973,1,RL
13,98,16.76227907648498,13,1702.4247565277271,1,Fixed
13,98,26.521601900691543,22,3458.938909775945,1,RL
13,99,20.186829121869163,14,2158.535234406793,1,Fixed
13,99,15.854504955519431,14,2529.9964252161435,1,RL
14,0,13.864852595612556,15,2367.065625108715,1,Fixed
14,0,16.03547838916731,21,3125.790230946091,1,RL
14,1,14.21872248389487,13,1905.1565287375531,1,Fixed
14,1,17.057766909510413,10,2674.8995655118956,1,RL
14,2,19.611891385665253,12,2180.5460678119766,1,Fixed
14,2,24.10794261419327,13,2465.7131005687843,1,RL
14,3,8.282197900638845,16,2183.960732619165,1,Fixed
14,3,16.461052165486755,16,3282.3966160542973,1,RL
14,4,9.779839463928656,9,2072.599539192075,1,Fixed
14,4,11.322207220243083,12,1915.080786664335,1,RL
14,5,9.168651188673007,14,2430.7970359479114,1,Fixed
14,5,14.638338794094526,17,2385.0721092611016,1,RL
14,6,16.456458718328648,17,2476.842278956675,1,Fixed
14,6,21.79312853977423,20,2589.9057471528467,1,RL
14,7,21.658538849262545,17,2732.629004536739,1,Fixed
14,7,23.513183129949105,18,3050.681093789895,1,RL
14,8,26.31864749198803,15,2381.560802374554,1,Fixed
14,8,22.345799193168407,18,2711.7935963701298,1,RL
14,9,18.89912376058258,17,2322.4872809896506,1,Fixed
14,9,22.88365524766521,21,2757.7972660435266,1,RL
14,10,16.916906030723528,13,2270.162365662268,1,Fixed
14,10,9.032577903533632,16,2434.1642130572613,1,RL
14,11,16.752213128266398,14,2226.9143538073313,1,Fixed
14,11,10.001126129732125,17,2450.7873106730053,1,RL
14,12,15.507216258871017,14,2171.3622081637122,1,Fixed
14,12,13.998312287748425,18,2420.9034642985694,1,RL
14,13,9.073607647247155,14,2648.832527780274,1,Fixed
14,13,20.984100498618623,16,2848.4461688496976,1,RL
14,14,11.436701083362111,15,2800.6299953092966,1,Fixed
14,14,26.545571126420015,19,2372.455600632727,1,RL
14,15,10.97391067100849,13,1975.9422512237625,1,Fixed
14,15,12.145269474781982,14,1864.8511704828052,1,RL
14,16,11.356955116259654,14,2250.2532094695775,1,Fixed
14,16,10.045122381659375,17,2281.432384972522,1,RL
14,17,9.528995765622366,16,2304.5295850013117,1,Fixed
14,17,10.40601711235612,14,2623.5238909816435,1,RL
14,18,9.134870953036751,13,2403.9657722491793,1,Fixed
14,18,28.651068993852157,21,4458.909119238347,1,RL
14,19,9.910276884210656,16,2487.056488491237,1,Fixed
14,19,17.873457046641946,16,3275.2307051066,1,RL
14,20,16.638248117449123,14,2447.7399640785416,1,Fixed
14,20,12.594561437117171,6,2010.4400836574384,1,RL
14,21,13.425039297827349,15,2611.189342413215,1,Fixed
14,21,13.361683990000248,18,2695.0636310709738,1,RL
14,22,8.11361077804092,18,2038.2026181745603,1,Fixed
14,22,11.100524774206509,13,2108.512818211775,1,RL
14,23,14.774271625259242,14,2203.1564529430834,1,Fixed
14,23,32.962373478662734,19,4046.5852618585404,1,RL
14,24,15.970587943398797,17,2104.280463329847,1,Fixed
14,24,39.75768392338143,16,3694.773326098612,1,RL
14,25,15.295517725568256,16,2534.2086363563044,1,Fixed
14,25,11.32166999901536,13,2047.688369601529,1,RL
14,26,10.179478140407971,12,2077.24902111685,1,Fixed
14,26,18.133661325019936,16,3163.9707282003246,1,RL
14,27,13.813683697035007,15,2533.198431781617,1,Fixed
14,27,23.565647362970513,16,2999.736489772137,1,RL
14,28,12.752527605241838,14,2436.9257251031763,1,Fixed
14,28,22.604429968633674,19,3342.1352152921427,1,RL
14,29,12.691722362474632,16,2054.0262863568155,1,Fixed
14,29,27.318380533287048,16,2899.5112870738003,1,RL
14,30,9.29792063583935,14,1946.9400821418105,1,Fixed
14,30,17.966506036854064,16,2457.0415858040164,1,RL
14,31,18.92371203461634,17,2106.4388701248536,1,Fixed
14,31,7.672206376385286,14,2100.353223447677,1,RL
14,32,6.9088476764753155,14,2070.3259968826105,1,Fixed
14,32,16.109732371882032,11,2179.280843002471,1,RL
14,33,8.05249927624186,13,1844.6279916358076,1,Fixed
14,33,26.96800158020998,24,3797.2334807828943,1,RL
14,34,14.267938805049454,16,2881.7763811491627,1,Fixed
14,34,17.983457337838722,18,2750.7983154789727,1,RL
14,35,13.199544718679093,16,2103.807790455259,1,Fixed
14,35,19.68918355649015,14,2342.51739518076,1,RL
14,36,15.154336179677012,16,2276.709814856407,1,Fixed
14,36,7.023149263248767,16,2774.211867104228,1,RL
14,37,19.52418532904423,11,2312.7024075611735,1,Fixed
14,37,27.596851807392586,19,2822.8629129369956,1,RL
14,38,17.731472198086387,13,2514.137325954116,1,Fixed
14,38,15.029135490026324,10,1966.596183803695,1,RL
14,39,12.912878299953107,12,2116.970752920541,1,Fixed
14,39,16.018108735739425,18,4099.530939414888,1,RL
14,40,17.115176313990226,14,2470.5698545646856,1,Fixed
14,40,16.943359046945748,15,1980.6935326734636,1,RL
14,41,16.38207793341454,15,2068.051099752762,1,Fixed
14,41,8.660012675744026,15,2725.4134225294783,1,RL
14,42,21.029063247785427,10,2395.259683285234,1,Fixed
14,42,8.893603447374037,14,2503.0357314455523,1,RL
14,43,16.325375278549778,9,2038.7263584632658,1,Fixed
14,43,11.878005678032851,14,1966.7631574686213,1,RL
14,44,11.52283266349374,14,2163.0801246368646,1,Fixed
14,44,11.24955838518672,17,2317.9289189576048,1,RL
14,45,24.565326263020285,17,2994.286804804985,1,Fixed
14,45,13.587251115494539,17,2017.485604293374,1,RL
14,46,12.736444787603903,16,2378.7762152186056,1,Fixed
14,46,11.516514377506272,14,2499.580593101936,1,RL
14,47,19.641964768749354,10,2143.3409526008677,1,Fixed
14,47,12.320454688726223,12,2183.474837741167,1,RL
14,48,22.15352412879343,14,2109.8047623267744,1,Fixed
14,48,28.01168514698731,17,3971.1355382541155,1,RL
14,49,22.526529710380295,14,2072.2299119093504,1,Fixed
14,49,19.6003853112612,19,2159.4416477199256,1,RL
14,50,11.34507765489958,13,2393.2051086755428,1,Fixed
14,50,11.959811698969048,14,2319.6649372120523,1,RL
14,51,9.954644381561007,13,2215.0584941876723,1,Fixed
14,51,20.717957172999814,13,2615.049824119063,1,RL
14,52,15.661739089202461,14,2165.571390073034,1,Fixed
14,52,17.880337283691368,13,2095.6713564010674,1,RL
14,53,10.69384794391647,12,1712.692944157058,1,Fixed
14,53,13.078293349480967,11,2378.9417656826427,1,RL
14,54,9.720290405362295,14,2328.5805723145118,1,Fixed
14,54,23.057848782086033,16,2804.8230719281805,1,RL
14,55,17.012939556772768,17,2792.049673621642,1,Fixed
14,55,10.155015959346763,15,2796.8750431994777,1,RL
14,56,20.0469434360186,16,2662.0287535227335,1,Fixed
14,56,12.511031670689919,14,1864.1871256312745,1,RL
14,57,13.507497441996586,14,2416.931978983001,1,Fixed
14,57,11.383701923540164,14,2433.184250641538,1,RL
14,58,18.680072456562357,15,2056.1691366741843,1,Fixed
14,58,19.035662985869003,8,2067.879443518026,1,RL
14,59,18.945512781749578,15,2269.6399742459275,1,Fixed
14,59,13.88842076019491,15,2682.882312812964,1,RL
14,60,12.651348195555325,16,2205.8172131546226,1,Fixed
14,60,17.543526492402307,13,2292.166329205406,1,RL
14,61,18.32303193171437,18,2534.2702597198986,1,Fixed
14,61,16.545271367692443,13,2431.9457122527383,1,RL
14,62,19.022913510433654,16,2650.167066769663,1,Fixed
14,62,21.841494884672244,16,3264.8349607628224,1,RL
14,63,11.975425729397687,13,2398.5852506304086,1,Fixed
14,63,13.465027790757793,22,2864.9953025728623,1,RL
14,64,13.21517789168404,11,2023.122903200419,1,Fixed
14,64,16.286999839412744,20,2750.57260414678,1,RL
14,65,10.2498223527948,17,2658.525329502084,1,Fixed
14,65,19.0885014986403,15,2961.225656184089,1,RL
14,66,17.653581353657298,14,2360.758755062318,1,Fixed
14,66,16.77764381568487,17,3060.9120444146306,1,RL
14,67,11.186492304054564,11,2451.0771921685473,1,Fixed
14,67,23.526364156862115,11,2186.262610658791,1,RL
14,68,13.414252894220885,15,2324.3302488732393,1,Fixed
14,68,23.85332753022499,16,2997.22827215341,1,RL
14,69,12.881946001515214,14,1949.838870385818,1,Fixed
14,69,14.094142964599252,18,2677.240956994714,1,RL
14,70,11.740630131851558,14,2182.8219255011445,1,Fixed
14,70,18.069664181022148,12,2281.4489926014235,1,RL
14,71,10.082357795843649,8,1950.3967274304682,1,Fixed
14,71,19.782212834206042,15,3101.88026768982,1,RL
14,72,14.650528136207019,11,2101.5213106844726,1,Fixed
14,72,12.77603283275009,18,2742.7892024299704,1,RL
14,73,17.5839885310019,16,2112.84874651508,1,Fixed
14,73,12.760960803457744,19,2456.941879297585,1,RL
14,74,9.499315528763386,14,1953.6497866414306,1,Fixed
14,74,19.26208272730125,16,2832.2566657976663,1,RL
14,75,13.682028686357729,12,2347.077471713443,1,Fixed
14,75,12.323199079385294,12,2408.4684880718887,1,RL
14,76,7.476126022752683,12,2193.712755061872,1,Fixed
14,76,28.89326189091895,18,2979.4071597955517,1,RL
14,77,14.830914016611013,14,2041.3336287793795,1,Fixed
14,77,19.602324182788095,15,2663.8697388281767,1,RL
14,78,12.768985522078287,14,2153.572955143313,1,Fixed
14,78,16.739625622647914,17,2877.2618589779554,1,RL
14,79,6.661043312809847,14,2204.0791495512135,1,Fixed
14,79,16.20664236668988,20,3007.768076418478,1,RL
14,80,14.202002316387672,14,2148.410701645483,1,Fixed
14,80,16.813139590811414,14,2273.050559314647,1,RL
14,81,15.292163887188815,18,2430.431988620023,1,Fixed
14,81,12.493460340120425,14,2223.1575028930733,1,RL
14,82,13.443416207512144,13,2124.269631642981,1,Fixed
14,82,9.389120331021823,12,2269.03099109265,1,RL
14,83,13.051654870435751,15,2035.2973840888792,1,Fixed
14,83,27.85824544992057,14,2840.1363096841897,1,RL
14,84,11.020120973322575,14,2220.752850000468,1,Fixed
14,84,21.56565538074642,18,2943.600524345552,1,RL
14,85,12.43963203183436,12,1836.0093868686768,1,Fixed
14,85,15.727185382836954,15,2380.417285452753,1,RL
14,86,17.48910737103771,12,2478.9790370415126,1,Fixed
14,86,15.53831299307375,18,2807.9907873565217,1,RL
14,87,13.318021427035537,11,2362.939777152484,1,Fixed
14,87,13.72038234513028,16,2791.725156089809,1,RL
14,88,14.815750801863569,16,2523.4430153627422,1,Fixed
14,88,18.320460292539522,23,3433.395363601222,1,RL
14,89,13.120411249937252,14,2148.1018036239407,1,Fixed
14,89,19.341038738790438,14,2406.8889053212165,1,RL
14,90,7.2483599899171836,16,2001.1569375077988,1,Fixed
14,90,16.341197313082965,12,2695.7332620186025,1,RL
14,91,8.649436033941173,14,1994.5424224093751,1,Fixed
14,91,7.842615806046458,13,2246.625691840001,1,RL
14,92,14.847167820801067,18,2638.63280200553,1,Fixed
14,92,17.84180402481298,13,3073.396205440832,1,RL
14,93,21.9397167423861,11,2628.695952478632,1,Fixed
14,93,14.532253930544877,16,2490.074263621673,1,RL
14,94,18.112435352171126,18,2601.0374904721284,1,Fixed
14,94,14.292154455059826,19,3720.7492069587724,1,RL
14,95,10.746939412225984,15,2591.4566926369007,1,Fixed
14,95,19.26363396668374,13,2444.9642103354204,1,RL
14,96,17.625898118421375,15,2239.110992642604,1,Fixed
14,96,17.562726269440674,18,2787.3168543756397,1,RL
14,97,10.858476385809876,14,2340.9090819329854,1,Fixed
14,97,20.929330324568532,12,2315.6338342592608,1,RL
14,98,6.914799779616144,14,2242.1008675643534,1,Fixed
14,98,12.646740181351442,18,2810.0012217984554,1,RL
14,99,9.341112400566857,15,2370.5972739620133,1,Fixed
14,99,14.613495693958162,23,3264.7221000003433,1,RL
15,0,17.217234928955712,14,2531.5584636819062,1,Fixed
15,0,13.052400087366383,14,2429.3023826748617,1,RL
15,1,8.948552004874044,16,2094.3248221422737,1,Fixed
15,1,9.061130934343772,15,2336.052137031487,1,RL
15,2,14.781656692004645,13,2347.7606060812327,1,Fixed
15,2,9.395278543402078,14,2716.9027121288254,1,RL
15,3,11.491586603128635,11,2321.5468828911858,1,Fixed
15,3,16.78714037646343,18,2908.2625312403256,1,RL
15,4,10.264110980628,14,2683.0055933028148,1,Fixed
15,4,16.431575596694294,15,3950.642095374217,1,RL
15,5,9.245189300275698,12,2433.7383496265234,1,Fixed
15,5,16.348831232052667,19,2668.7197318976896,1,RL
15,6,12.887726547714527,14,2179.8887801871283,1,Fixed
15,6,9.722860254265989,12,2998.655026585704,1,RL
15,7,20.177246975840454,13,2634.1685897466427,1,Fixed
15,7,16.17010623126606,16,2896.736104213898,1,RL
15,8,17.656589065894075,17,2542.5900507931624,1,Fixed
15,8,23.159551703728773,16,2691.432953114637,1,RL
15,9,17.109272851828038,14,2553.7580945768987,1,Fixed
15,9,10.112137022157587,13,1886.1405663424225,1,RL
15,10,12.394112662964798,15,2719.1593274801107,1,Fixed
15,10,19.159995703701203,13,2252.973675102203,1,RL
15,11,22.36122601240054,18,2683.899272705411,1,Fixed
15,11,15.428020079570533,21,2830.0180573483804,1,RL
15,12,11.196275330057851,18,2418.791444554529,1,Fixed
15,12,15.57512507142449,15,2107.8447941573886,1,RL
15,13,14.488804941349608,13,3093.3336370653237,1,Fixed
15,13,13.859077318737008,16,2533.995355658938,1,RL
15,14,25.342472203875566,13,2500.6725563404507,1,Fixed
15,14,8.501033841082108,17,2593.364708678828,1,RL
15,15,14.115041952520446,12,2013.3358365050537,1,Fixed
15,15,9.871775717036886,16,2620.3054091286635,1,RL
15,16,10.162818582936948,17,2358.219208735618,1,Fixed
15,16,8.51386415660876,18,3122.7964342388054,1,RL
15,17,11.44830476029251,16,2891.888973805178,1,Fixed
15,17,13.240541705821016,14,2305.9501059569106,1,RL
15,18,9.710258190578795,8,1982.327647826697,1,Fixed
15,18,8.667682894625733,7,2057.120407324984,1,RL
15,19,10.294039604696133,6,1994.8034211723882,1,Fixed
15,19,30.428296554999385,21,3315.599791752437,1,RL
15,20,9.964908052561467,13,2430.858849947243,1,Fixed
15,20,16.833673000250542,17,2755.2509569976874,1,RL
15,21,8.32808371470301,17,2548.078085344186,1,Fixed
15,21,9.433101545866217,13,2323.7380524196747,1,RL
15,22,12.272549168334255,14,2430.446127461312,1,Fixed
15,22,18.322589857055156,12,2569.04884035553,1,RL
15,23,12.166746557910162,14,2191.572001436739,1,Fixed
15,23,11.42754671586635,14,2888.263778186676,1,RL
15,24,11.99518674032397,17,2650.1721062703577,1,Fixed
15,24,22.027203125734577,20,2543.722593278341,1,RL
15,25,12.000691814008787,15,2585.936302378247,1,Fixed
15,25,20.49595260536663,14,2409.809538400876,1,RL
15,26,11.77279269650987,15,2698.7766880251,1,Fixed
15,26,21.21939116985002,15,2453.2330319436633,1,RL
15,27,14.046542770942484,13,2530.3897439894254,1,Fixed
15,27,33.927008812059995,17,3755.988359208659,1,RL
15,28,14.295981772639939,16,2528.595712673947,1,Fixed
15,28,15.028554039651308,16,2422.8555721248667,1,RL
15,29,18.597589157457517,14,2650.5265750832727,1,Fixed
15,29,14.390820285195014,14,2414.1003448881934,1,RL
15,30,17.6614712949194,11,2192.112647283403,1,Fixed
15,30,18.52622076755693,17,3022.2695942101554,1,RL
15,31,12.112783952842042,16,2246.009832697564,1,Fixed
15,31,24.14935760280003,16,2455.2991234917604,1,RL
15,32,12.896615894467427,14,3024.2478758746074,1,Fixed
15,32,10.553688262768897,15,2230.8775269370008,1,RL
15,33,13.981436251434198,12,2478.883271466723,1,Fixed
15,33,13.249267240050973,15,2482.8740070822046,1,RL
15,34,12.363262263303104,13,2470.2466039637616,1,Fixed
15,34,15.51780727239463,14,2381.8839121597643,1,RL
15,35,12.870700950078284,12,1981.949014771818,1,Fixed
15,35,31.761152559735944,13,2789.2657266675915,1,RL
15,36,17.13939103240481,14,2401.7191040250937,1,Fixed
15,36,7.659957980588651,19,2574.082486057654,1,RL
15,37,14.199726076382618,16,2135.2209179295214,1,Fixed
15,37,9.527188041030474,15,2341.0118841599974,1,RL
15,38,14.416582707076847,12,2229.473678962937,1,Fixed
15,38,16.201998938740136,15,2754.9080842953604,1,RL
15,39,22.340324147098222,12,2686.4942603875425,1,Fixed
15,39,14.164708149056457,18,2913.1557523163196,1,RL
15,40,9.857268590878391,13,2358.239256043598,1,Fixed
15,40,16.44049100290167,19,2762.321174014748,1,RL
15,41,19.730282818318756,17,2650.4649622646957,1,Fixed
15,41,12.804537591177668,15,2865.3173171320727,1,RL
15,42,12.130164657085944,17,2342.863619487279,1,Fixed
15,42,19.931968927686306,20,3681.5442349875775,1,RL
15,43,25.301893371340693,17,2697.1958445249047,1,Fixed
15,43,25.438416014731455,16,2217.6540562168193,1,RL
15,44,18.373150886908327,16,3118.6057666093593,1,Fixed
15,44,22.071918303841297,16,3256.496906298779,1,RL
15,45,13.31390359013064,15,2207.192230211861,1,Fixed
15,45,12.808604525039533,13,2160.786800628161,1,RL
15,46,10.875807200260954,13,2397.0777267393373,1,Fixed
15,46,32.45770239643376,15,2546.513869586204,1,RL
15,47,9.73223137040674,13,2261.6583252741175,1,Fixed
15,47,14.759577574758982,16,3119.5977375650154,1,RL
15,48,17.273701593045796,14,2488.5263343649995,1,Fixed
15,48,15.32213257028385,16,2893.0609512566903,1,RL
15,49,21.034443435658666,17,2582.3377036802103,1,Fixed
15,49,18.16390852451242,14,2805.851251343369,1,RL
15,50,21.05046549320088,13,2595.950557317975,1,Fixed
15,50,17.935597039043618,18,2712.198274677361,1,RL
15,51,13.196763642405765,16,2349.911403064418,1,Fixed
15,51,20.621916978974152,16,2666.2432391336897,1,RL
15,52,13.26500073158428,13,2152.8020147673355,1,Fixed
15,52,13.137107162976744,16,3550.6686771634922,1,RL
15,53,18.633938854743526,12,2251.758283315445,1,Fixed
15,53,12.574021205088062,15,3775.356118994416,1,RL
15,54,10.472288254226326,12,2495.0469298479943,1,Fixed
15,54,31.940455420550073,14,2593.90019118182,1,RL
15,55,11.280159103179079,15,2507.76886506405,1,Fixed
15,55,9.44567006297989,13,1951.4236138079214,1,RL
15,56,13.544788811670847,13,2512.574694181925,1,Fixed
15,56,20.751840499813863,16,2513.560205513602,1,RL
15,57,11.603773542740987,13,2400.1598279558466,1,Fixed
15,57,17.678753354584952,18,2858.947903663652,1,RL
15,58,14.417010020036281,14,2167.06188227044,1,Fixed
15,58,22.401452613866233,16,2871.76668907746,1,RL
15,59,18.964274015724698,16,2460.779001010902,1,Fixed
15,59,17.119193058987776,19,3341.872209103851,1,RL
15,60,8.873157619928133,16,2287.450811986031,1,Fixed
15,60,13.478742483292939,18,2168.598402105651,1,RL
15,61,10.38249807815272,14,2187.8217170358193,1,Fixed
15,61,16.94624819057986,15,2947.1912262629057,1,RL
15,62,14.144613922404625,10,2220.6696443768533,1,Fixed
15,62,18.71738021145923,12,2929.365924904176,1,RL
15,63,12.857712382933618,15,2661.2777915137785,1,Fixed
15,63,14.681127481140598,15,2355.2895939777795,1,RL
15,64,11.806403243075602,14,2623.1064501413703,1,Fixed
15,64,13.375637867996556,14,2839.003543073135,1,RL
15,65,16.374716252520347,18,2614.1284679794176,1,Fixed
15,65,14.680951686289768,11,2682.937370497661,1,RL
15,66,11.166089883794333,16,2845.3468280237325,1,Fixed
15,66,27.954011245343157,13,2597.5071354833844,1,RL
15,67,13.392415503675153,15,2416.9392114536595,1,Fixed
15,67,8.569104301565066,14,2020.5562575046438,1,RL
15,68,26.468141887549642,15,2561.76231319619,1,Fixed
15,68,12.339519970716635,13,2407.8324102285533,1,RL
15,69,15.485719646391313,16,2783.906150209806,1,Fixed
15,69,11.53841626093934,11,2239.213705924442,1,RL
15,70,9.767964395694634,16,2503.777638659793,1,Fixed
15,70,19.24270165752349,10,3202.131657685726,1,RL
15,71,19.348931119342144,13,2362.1117362511704,1,Fixed
15,71,9.005619281168043,16,2471.914851931182,1,RL
15,72,12.858918978765342,13,2252.1331888376562,1,Fixed
15,72,20.59403291809334,13,2441.793421437524,1,RL
15,73,19.71620672283596,15,2532.786686326914,1,Fixed
15,73,15.475581293248586,14,2186.4099616803014,1,RL
15,74,10.653909360648921,17,2709.464440368407,1,Fixed
15,74,15.594109315147374,16,2369.3355044179316,1,RL
15,75,20.00464416656156,14,2205.138586137099,1,Fixed
15,75,9.102325155764433,16,2253.3151881319113,1,RL
15,76,16.77264369321184,14,2456.6309068566393,1,Fixed
15,76,12.329806741663294,16,2581.4966818201806,1,RL
15,77,7.004127047474684,7,2250.0388238266414,1,Fixed
15,77,8.996689636359049,5,2218.5838693252126,1,RL
15,78,19.99717586194889,13,2265.3505636728432,1,Fixed
15,78,15.262440966012411,14,2634.457324331298,1,RL
15,79,11.199855476034646,15,2653.892664170964,1,Fixed
15,79,7.179914953156215,16,2392.7223990528983,1,RL
15,80,15.505885604307949,16,2749.492624328231,1,Fixed
15,80,24.47899112840944,20,4164.016990357981,1,RL
15,81,8.914859777984173,17,2414.0223435201515,1,Fixed
15,81,17.224177440378476,22,2994.1147896578073,1,RL
15,82,10.128250329837169,13,2176.935980210209,1,Fixed
15,82,14.082641935984654,9,3044.8162947267197,1,RL
15,83,13.48941754282574,13,2309.0272861723165,1,Fixed
15,83,14.070854283089934,15,2402.709623418374,1,RL
15,84,11.480189711243645,15,2341.6068569261124,1,Fixed
15,84,19.403880345319884,18,3171.6950079469425,1,RL
15,85,19.055052903792078,16,2281.8607165728768,1,Fixed
15,85,9.957652821720526,16,2188.6562225587563,1,RL
15,86,12.173271043488796,15,2107.8744498412593,1,Fixed
15,86,21.865457341049165,20,3363.129876803842,1,RL
15,87,23.42160661304356,14,2593.743846047597,1,Fixed
15,87,19.624754258468812,22,2632.989356593939,1,RL
15,88,11.548560752518352,13,2458.006517144133,1,Fixed
15,88,30.576557368399072,22,3898.9642251227942,1,RL
15,89,12.809989634881669,15,2147.2835600552776,1,Fixed
15,89,13.044465920683923,18,2504.025676729275,1,RL
15,90,11.70587215474316,13,2278.685373551309,1,Fixed
15,90,22.82834880762325,16,3176.9461378767783,1,RL
15,91,27.86329089792709,16,2540.188171812102,1,Fixed
15,91,12.239654447396578,14,2936.9147473931216,1,RL
15,92,14.06153419679355,17,2317.9369148426085,1,Fixed
15,92,14.78666190967781,15,2793.219406273636,1,RL
15,93,10.245841516245807,14,2268.953360144376,1,Fixed
15,93,29.500878439422145,15,3143.242282232853,1,RL
15,94,21.43012150951196,15,2767.9025097196713,1,Fixed
15,94,12.513918958710256,14,2799.393122737013,1,RL
15,95,13.86744175216258,15,2600.2316161765566,1,Fixed
15,95,19.64563440893337,13,2268.041038150211,1,RL
15,96,15.229875598534928,11,2411.0917493662278,1,Fixed
15,96,8.327945796818195,15,2605.06842846201,1,RL
15,97,20.339324865128347,13,2794.0882215948327,1,Fixed
15,97,18.47792890157215,12,2830.3594890129216,1,RL
15,98,9.789682888082215,14,2145.3701595972975,1,Fixed
15,98,15.277766682708227,12,2859.103017687765,1,RL
15,99,11.135311222483923,12,2193.1208718883686,1,Fixed
15,99,13.271686869933276,18,2719.961751745779,1,RL
16,0,11.911779350586823,14,2497.858426348471,1,Fixed
16,0,28.805049387265786,17,3252.7819078278008,1,RL
16,1,18.360286408093238,15,2489.8695113802914,1,Fixed
16,1,15.942708905114424,21,3892.3612256772985,1,RL
16,2,10.343207489015398,14,2016.7947932067996,1,Fixed
16,2,9.320972225733893,14,2461.8899283091855,1,RL
16,3,9.024323727462965,13,2456.6701167893693,1,Fixed
16,3,18.531338574180033,18,3015.1553889114175,1,RL
16,4,8.948615489445436,14,2537.570585070128,1,Fixed
16,4,8.78410902849248,9,2285.028006548644,1,RL
16,5,13.142891019056055,13,2667.187407958153,1,Fixed
16,5,20.802407224338396,13,2849.9407411715433,1,RL
16,6,20.07122985907724,14,2576.9256954600714,1,Fixed
16,6,19.49622826187889,17,3860.1159145257993,1,RL
16,7,24.6478040266773,13,2675.093207961903,1,Fixed
16,7,19.477870259909857,13,2405.7382137054647,1,RL
16,8,10.594651835725953,17,2614.9381383307236,1,Fixed
16,8,11.803335779373425,17,2888.6237954534035,1,RL
16,9,12.959752761936363,13,2412.3876621024524,1,Fixed
16,9,10.44542305542368,15,2764.0940530372213,1,RL
16,10,13.280146785925377,14,2964.611748851852,1,Fixed
16,10,21.700514011692682,16,3134.9985335996234,1,RL
16,11,12.043818314174139,13,2771.2383932275075,1,Fixed
16,11,13.387367261853978,12,2812.245662812134,1,RL
16,12,19.759480473433033,12,2946.888147841914,1,Fixed
16,12,12.582321209439863,13,2822.5119952454866,1,RL
16,13,13.56992235632006,9,2105.029571279822,1,Fixed
16,13,26.813391101288886,14,3469.7933950741153,1,RL
16,14,16.692265182675776,15,2575.9267937337286,1,Fixed
16,14,15.535360329973713,21,3430.627211298541,1,RL
16,15,13.31372634411438,10,2448.098426142186,1,Fixed
16,15,12.704448102315915,18,2628.225503150299,1,RL
16,16,10.906976854614802,15,2507.461908740489,1,Fixed
16,16,9.784021147127412,16,2975.350068669411,1,RL
16,17,24.543747286392858,16,2939.8636899416733,1,Fixed
16,17,13.206268638181584,14,2603.1213075381975,1,RL
16,18,11.916618550157919,10,2407.5862066346963,1,Fixed
16,18,19.435311215361462,17,3080.267601470659,1,RL
16,19,25.328142529820592,10,2520.2704211963287,1,Fixed
16,19,14.860052181279816,13,2589.6864550519317,1,RL
16,20,11.599718602385096,15,3060.653862992569,1,Fixed
16,20,23.85080307810457,16,3349.7967726114553,1,RL
16,21,8.304372189239487,12,2676.4536887218437,1,Fixed
16,21,8.488831517647938,13,2660.465027617816,1,RL
16,22,16.81319248545506,13,2564.632512660422,1,Fixed
16,22,13.625006918391716,13,2381.977386601917,1,RL
16,23,16.425520485263963,13,2178.066116327629,1,Fixed
16,23,15.321948344371762,16,3533.4909393516323,1,RL
16,24,5.001441632751175,2,1013.7742618897835,1,Fixed
16,24,16.691791868559758,15,2853.569842004531,1,RL
16,25,15.347612660388396,11,2677.5081089790265,1,Fixed
16,25,23.402238887041356,15,2810.3931315352647,1,RL
16,26,14.50263373911917,13,2555.0272352261995,1,Fixed
16,26,18.796705479193886,16,2936.3449288895486,1,RL
16,27,14.717274551235956,18,3187.4804198107317,1,Fixed
16,27,14.098303463503157,19,3240.1114491107455,1,RL
16,28,10.435392293853065,13,2548.7799094956677,1,Fixed
16,28,11.679610548993487,16,3384.3212283033317,1,RL
16,29,12.210738297279885,17,3131.831877023261,1,Fixed
16,29,11.982598049392038,11,2310.689944849274,1,RL
16,30,12.917832629711778,13,2330.943449253884,1,Fixed
16,30,15.820593976869052,15,3052.6942400712846,1,RL
16,31,13.858005435911753,15,2597.1905503953258,1,Fixed
16,31,14.170629655940052,16,2800.48196779333,1,RL
16,32,12.166000176650638,15,2304.8277420419577,1,Fixed
16,32,19.622089762518996,13,2487.6779203553137,1,RL
16,33,19.337363614907122,14,2730.002036868993,1,Fixed
16,33,15.875294149172095,8,2478.5273628952955,1,RL
16,34,300.0,300,1954.5242320200045,0,Fixed
16,34,20.50763903601517,16,3101.376776614908,1,RL
16,35,21.13244909579191,14,2626.4954679004923,1,Fixed
16,35,24.31490902960106,15,2906.2604753771093,1,RL
16,36,11.222698881022444,16,3198.7132210699583,1,Fixed
16,36,15.771979656054238,17,2718.281311000167,1,RL
16,37,23.016176874586137,18,3294.275693370557,1,Fixed
16,37,18.124799065529682,15,3041.483697393888,1,RL
16,38,19.56370579607949,17,2959.0872074645454,1,Fixed
16,38,14.263521260435786,14,2690.6948921331937,1,RL
16,39,10.58677044475162,15,2533.5366696221386,1,Fixed
16,39,11.915323938075872,11,2712.14840186196,1,RL
16,40,12.7933726172628,12,2835.8973729452046,1,Fixed
16,40,8.836249931702863,16,2521.236513506731,1,RL
16,41,20.34275910362934,16,2806.8970999179705,1,Fixed
16,41,29.07614868568067,16,2699.3539642571673,1,RL
16,42,15.717059563560724,14,2968.1217228842065,1,Fixed
16,42,10.425451079664821,15,2580.1109357924392,1,RL
16,43,15.00876512635195,11,2434.081781769207,1,Fixed
16,43,25.690357036141485,14,3109.849066345311,1,RL
16,44,28.5030367824947,15,3503.6602315943146,1,Fixed
16,44,19.991319165284402,15,3316.2032150623395,1,RL
16,45,13.669210983845963,13,2432.6363541536853,1,Fixed
16,45,25.194940777023795,18,2857.483466413523,1,RL
16,46,9.618477217579647,15,2311.572965942124,1,Fixed
16,46,12.657214910457721,16,2756.173052826139,1,RL
16,47,15.331933511888526,16,3225.6893198347507,1,Fixed
16,47,15.988100059383063,18,2762.7197643999143,1,RL
16,48,19.82709050732026,13,2269.594384006222,1,Fixed
16,48,15.17724868455844,20,3277.9226016558187,1,RL
16,49,8.10927464848064,12,2664.733204616791,1,Fixed
16,49,20.30310506739435,16,3086.9459222876776,1,RL
16,50,7.311637780060268,9,2531.006042132673,1,Fixed
16,50,17.68665739029,17,2999.3322993384486,1,RL
16,51,23.590486638867723,18,2737.823301214793,1,Fixed
16,51,18.786700997536826,17,3605.342127043935,1,RL
16,52,14.517993941487438,13,2650.8863210922977,1,Fixed
16,52,12.053816459461036,13,2168.739631211769,1,RL
16,53,17.978755713288308,16,2477.8544283821375,1,Fixed
16,53,25.940736213403625,20,3719.2615744242867,1,RL
16,54,15.493099413185963,13,2669.08158431676,1,Fixed
16,54,14.540517550970112,16,2848.7586874954895,1,RL
16,55,15.481480643747076,18,3056.3480252034756,1,Fixed
16,55,9.48059524835561,14,2669.675317907191,1,RL
16,56,16.282319768605134,13,2835.355699096421,1,Fixed
16,56,8.060166306451503,9,2543.6213758556764,1,RL
16,57,11.472243200456965,12,2574.771330474583,1,Fixed
16,57,22.24803952773647,13,3572.3191136894784,1,RL
16,58,12.902899219026434,15,2541.757089453239,1,Fixed
16,58,12.747534574379191,14,3025.5981856452972,1,RL
16,59,13.929633095595339,18,2565.4849028961235,1,Fixed
16,59,14.472520904827874,13,2790.2178777081836,1,RL
16,60,14.492921257558331,15,2684.272354463596,1,Fixed
16,60,25.61082083781229,14,2809.940024044117,1,RL
16,61,12.446707959632656,13,3104.2257247485218,1,Fixed
16,61,28.210077812092067,15,3102.411098336353,1,RL
16,62,10.537199518269144,11,2351.4364506400634,1,Fixed
16,62,17.673066125969758,10,2828.1205739368415,1,RL
16,63,24.11622951045687,13,2683.251674828979,1,Fixed
16,63,15.350141888010478,12,2483.592065501973,1,RL
16,64,24.692462524915108,11,2494.1250046232485,1,Fixed
16,64,19.256520397501866,13,3184.2981708692796,1,RL
16,65,19.31555643757672,7,2235.28179865372,1,Fixed
16,65,13.712853390827371,17,2590.6561678569715,1,RL
16,66,11.71093828077284,13,2533.9131947182755,1,Fixed
16,66,16.1277381596145,18,3908.7837401055804,1,RL
16,67,14.10965327665905,13,2425.2981763854054,1,Fixed
16,67,14.074916866998667,17,2656.984142264192,1,RL
16,68,19.973901323873,13,2945.6068853938164,1,Fixed
16,68,18.849830872405366,15,3272.244790133489,1,RL
16,69,15.713942261076198,14,2699.538491726636,1,Fixed
16,69,14.370201829234883,17,2913.310693821272,1,RL
16,70,13.935629975443884,15,2623.8143208321244,1,Fixed
16,70,22.54918911287169,14,3714.815489262345,1,RL
16,71,10.676092880895649,15,2794.109470720293,1,Fixed
16,71,9.946095617300122,11,2406.456865764428,1,RL
16,72,15.957771285955413,6,2109.364530882045,1,Fixed
16,72,22.291086660541488,16,2951.951545015255,1,RL
16,73,18.21324164082801,9,2254.5588903654047,1,Fixed
16,73,25.30355554288983,16,3051.3941594253943,1,RL
16,74,12.850190043015454,14,2532.3252895343126,1,Fixed
16,74,18.312776353313634,13,2491.3478037517125,1,RL
16,75,14.781363199796587,13,2564.0920230383954,1,Fixed
16,75,31.866972212315194,20,3704.2539435675344,1,RL
16,76,8.450980430976129,13,2296.4103048641928,1,Fixed
16,76,15.329126595364531,16,3616.8313481913856,1,RL
16,77,18.365189750347948,13,2634.07337477812,1,Fixed
16,77,9.894433675875952,14,2251.3437681590294,1,RL
16,78,12.57588176562079,14,2556.946035117703,1,Fixed
16,78,14.257516952703094,15,2906.0326670493178,1,RL
16,79,8.778484789884367,14,2361.2916254253064,1,Fixed
16,79,19.712127871888804,16,2675.1862881008424,1,RL
16,80,9.000850901292626,14,2589.20683005381,1,Fixed
16,80,15.706968825704951,17,2709.937767951852,1,RL
16,81,10.476701848340252,15,2678.8498645992854,1,Fixed
16,81,9.074342033863084,15,2715.63506151215,1,RL
16,82,8.825822298644152,15,2466.9783837165182,1,Fixed
16,82,11.794051778940277,14,2916.188957234497,1,RL
16,83,21.759340838310166,19,3011.8773538736054,1,Fixed
16,83,25.57798826659909,16,3472.94495113769,1,RL
16,84,7.556208690572357,8,2055.030645704899,1,Fixed
16,84,17.623765414173267,13,3135.2109174956286,1,RL
16,85,9.391451135644374,13,2337.784020646488,1,Fixed
16,85,13.746345014513011,13,2278.0351154855966,1,RL
16,86,10.334303615324309,9,2160.5861471437747,1,Fixed
16,86,17.368056313353907,14,3695.3698024277896,1,RL
16,87,10.978220050600047,9,2101.0748685514477,1,Fixed
16,87,20.27605991887806,17,3329.557573927082,1,RL
16,88,22.73758819324834,14,2830.1286741847334,1,Fixed
16,88,20.460631561499543,20,3268.73508815806,1,RL
16,89,7.553834653293052,14,2345.131761500321,1,Fixed
16,89,13.849956676499975,18,3040.3729542474857,1,RL
16,90,10.387592119295856,11,2939.0680432409513,1,Fixed
16,90,16.624834283612095,13,3252.0592230527595,1,RL
16,91,11.51628098416968,16,2633.3105235140183,1,Fixed
16,91,16.301312336667657,14,2303.8243981142723,1,RL
16,92,10.895517863313987,14,2547.7891173436556,1,Fixed
16,92,22.386230543146652,17,3405.892684563099,1,RL
16,93,12.233384568862245,15,3036.743570237576,1,Fixed
16,93,14.442519824630557,13,2287.231729137629,1,RL
16,94,10.423235655580822,13,2768.6877271885705,1,Fixed
16,94,15.361677821158187,16,3296.380765991694,1,RL
16,95,18.93659611012366,16,2766.264645100425,1,Fixed
16,95,17.92770541395716,12,2971.7710158386712,1,RL
16,96,21.23871470432456,14,2653.444672631564,1,Fixed
16,96,19.88279457955321,14,2762.107699438058,1,RL
16,97,17.030141953129448,16,2749.734434015298,1,Fixed
16,97,19.355081182811798,14,2168.329267327972,1,RL
16,98,23.515212839672113,10,2481.4326505119934,1,Fixed
16,98,12.312423299139738,14,2788.2178662073875,1,RL
16,99,11.39489625371928,15,2630.368217734155,1,Fixed
16,99,11.484799028322712,16,2478.3984915259834,1,RL
17,0,31.74194850275678,14,2814.2535404334653,1,Fixed
17,0,13.54889620717266,15,2505.7743180206153,1,RL
17,1,11.963378621432694,16,3435.3967276176145,1,Fixed
17,1,14.398748513696926,21,3662.687423838675,1,RL
17,2,20.602240208169462,13,3033.511069599009,1,Fixed
17,2,12.16538415834545,15,3101.8185344440462,1,RL
17,3,14.659368972670885,15,2785.8468472299724,1,Fixed
17,3,15.964291848035185,17,3252.4485028467016,1,RL
17,4,20.11351913524387,15,3019.331073438805,1,Fixed
17,4,14.721660233051221,18,4246.033093799055,1,RL
17,5,8.761894278663723,12,2761.8714120839577,1,Fixed
17,5,16.327312058518753,15,2999.3949992463554,1,RL
17,6,12.502951923727693,13,3182.8643446592296,1,Fixed
17,6,16.127718862432292,19,3431.08960714893,1,RL
17,7,30.68166239593243,17,2928.3193793403907,1,Fixed
17,7,17.350562561543494,14,2988.2169201219876,1,RL
17,8,12.368788411337905,11,2708.5980446915028,1,Fixed
17,8,20.121621753179234,11,2791.181660137504,1,RL
17,9,11.831234315588507,14,2861.7740936842156,1,Fixed
17,9,8.7072698741785,13,3188.7685393009847,1,RL
17,10,12.428543934076014,11,2369.0892663886425,1,Fixed
17,10,18.87379005191206,14,2852.956253624603,1,RL
17,11,20.90844091271874,11,2569.9259784558512,1,Fixed
17,11,20.50438171716109,17,3003.175797557239,1,RL
17,12,12.602924851851553,17,3051.7329913339595,1,Fixed
17,12,16.90807357737848,15,3514.6092178184163,1,RL
17,13,18.364024467162352,14,3031.354070715886,1,Fixed
17,13,11.757413780597146,16,2822.4673397307524,1,RL
17,14,14.38813319177164,16,2777.090328351382,1,Fixed
17,14,9.100508445135352,15,2606.964535581422,1,RL
17,15,17.910297438304603,14,2562.2687908101298,1,Fixed
17,15,31.001507952500294,17,3381.6995488911493,1,RL
17,16,20.198818053024567,11,2642.4476712819305,1,Fixed
17,16,16.397074476361112,12,3094.3854787101313,1,RL
17,17,10.20997666189972,16,2949.1046484731523,1,Fixed
17,17,25.50015839759788,14,3607.420074069914,1,RL
17,18,19.419527337758538,12,2503.6807011684737,1,Fixed
17,18,9.260642870240295,10,2494.973804188852,1,RL
17,19,11.170611090147082,12,2628.2186953490886,1,Fixed
17,19,7.848417902887124,14,2957.2120342262824,1,RL
17,20,12.315536117976846,15,2834.521746182414,1,Fixed
17,20,16.36341304446398,18,3321.3958663110607,1,RL
17,21,14.637517779333098,10,2850.5139867607822,1,Fixed
17,21,19.881299163707546,16,3415.380094739855,1,RL
17,22,13.825337002871589,12,2871.0202396664185,1,Fixed
17,22,15.142389012708014,17,3156.9030631772703,1,RL
17,23,16.292045524167804,14,2852.082146696972,1,Fixed
17,23,13.735417891906405,14,3141.9362661579953,1,RL
17,24,11.295347592093194,15,2596.9745976120157,1,Fixed
17,24,21.07669651268015,12,3034.7179930528337,1,RL
17,25,19.89842998772388,13,2748.433322353886,1,Fixed
17,25,6.814972687371245,14,3023.2983868960973,1,RL
17,26,16.9338263779588,12,2720.464833431026,1,Fixed
17,26,18.298881106348517,15,3964.171658770665,1,RL
17,27,12.762636323675446,14,2896.0183297354006,1,Fixed
17,27,18.047382004993555,13,2456.6816299241505,1,RL
17,28,8.479731512966048,15,2391.754792831839,1,Fixed
17,28,13.78543274526703,14,3368.804482294853,1,RL
17,29,16.16406187686706,9,2461.9782327837956,1,Fixed
17,29,18.987116263288303,20,3381.9681439031033,1,RL
17,30,14.617326444780153,12,2621.3391415223377,1,Fixed
17,30,11.837880997671789,14,2680.7892502613067,1,RL
17,31,7.156752249919714,10,2963.272038669147,1,Fixed
17,31,11.548494923405656,17,3376.3145901918824,1,RL
17,32,9.526325963014035,12,2818.495175349283,1,Fixed
17,32,15.165743874981256,15,3008.764062516293,1,RL
17,33,19.93701898651033,11,2429.0359918176086,1,Fixed
17,33,10.07134235795105,15,2713.08519738914,1,RL
17,34,11.307523752649255,15,2735.109708648643,1,Fixed
17,34,19.549125341226425,9,2403.1125603239807,1,RL
17,35,11.686509654694795,8,2516.1209327257116,1,Fixed
17,35,14.928398422731666,17,3228.355592948467,1,RL
17,36,13.733764996947574,13,2721.939600386287,1,Fixed
17,36,7.709228372709203,10,2573.7896064471197,1,RL
17,37,22.074420074082443,17,2663.7221318267107,1,Fixed
17,37,16.579148082873793,14,3154.1840996235987,1,RL
17,38,12.248727400088693,12,2952.288476672957,1,Fixed
17,38,25.26688214381413,14,3166.3480842858585,1,RL
17,39,8.449133490422154,11,2358.1352498827264,1,Fixed
17,39,13.330889794255437,16,3001.930801596306,1,RL
17,40,18.678007250201706,13,2784.9692481876236,1,Fixed
17,40,27.717987364043314,16,3371.1818085122436,1,RL
17,41,16.197183727552204,15,2817.0216042719094,1,Fixed
17,41,15.117107906308963,16,2974.237270417366,1,RL
17,42,13.287681654969692,14,2649.7820967548173,1,Fixed
17,42,11.758729584804051,11,2468.994314453448,1,RL
17,43,20.127912910686298,16,3020.275446704673,1,Fixed
17,43,16.6582315095108,18,3138.5575711396036,1,RL
17,44,9.744997425931032,12,2419.6493287895364,1,Fixed
17,44,20.012714136620254,18,3822.2937756439896,1,RL
17,45,15.072735387716339,14,2575.381277508083,1,Fixed
17,45,14.627676026019113,16,2869.8677664516404,1,RL
17,46,17.740634022300064,12,2820.1103362844665,1,Fixed
17,46,16.771494486775442,15,2803.7584126771144,1,RL
17,47,15.521461941027514,17,3014.8757923712506,1,Fixed
17,47,14.247651937424521,16,2598.301307530314,1,RL
17,48,26.113496748541962,16,2969.2663156896197,1,Fixed
17,48,7.605580281076267,14,3063.332938883189,1,RL
17,49,18.49484052591453,15,3238.987887200721,1,Fixed
17,49,8.459511023927368,13,2597.647155945419,1,RL
17,50,13.68732850754979,12,2804.131957380938,1,Fixed
17,50,12.463196531600978,13,2773.566250364555,1,RL
17,51,18.708310892271772,8,2492.952444682728,1,Fixed
17,51,15.95780637275331,12,3399.140113448727,1,RL
17,52,9.06131838416087,8,2404.730223478138,1,Fixed
17,52,11.09518159289964,13,2772.6921562654748,1,RL
17,53,10.618673346931866,15,2489.587676957827,1,Fixed
17,53,27.184885047943332,16,2935.6158456475005,1,RL
17,54,12.136800775751805,13,2716.690407227262,1,Fixed
17,54,15.424080905978752,19,3519.8678121915173,1,RL
17,55,16.661027914956385,14,2702.9597202888863,1,Fixed
17,55,13.181948125261467,14,2521.156371006712,1,RL
17,56,16.23956264027103,13,2738.126875166113,1,Fixed
17,56,11.307675908851317,14,2868.1996280771477,1,RL
17,57,7.491566955765229,8,2185.1363924870575,1,Fixed
17,57,30.57174835427544,15,3247.2557198598074,1,RL
17,58,13.720787902510082,14,2701.699236948871,1,Fixed
17,58,24.39483090847346,17,3040.960014360685,1,RL
17,59,11.365715049003647,16,2658.4218070057345,1,Fixed
17,59,12.2473410729635,15,2726.058382692501,1,RL
17,60,12.878431903920937,16,2499.433926956416,1,Fixed
17,60,10.047746337589327,16,1972.9264862655764,1,RL
17,61,8.870731217265824,14,3084.8262198750617,1,Fixed
17,61,24.817280993722353,13,3061.8446893337855,1,RL
17,62,12.626431819245601,14,2422.4769212169113,1,Fixed
17,62,19.673511451556564,19,4228.214222838322,1,RL
17,63,27.16732522243915,11,2645.5843984754647,1,Fixed
17,63,16.592968808855026,14,3432.266124124712,1,RL
17,64,14.108071860783003,15,2566.6498586355206,1,Fixed
17,64,18.834820591733383,16,3177.126813034635,1,RL
17,65,17.180406909876318,16,2583.657455083215,1,Fixed
17,65,26.726041604950773,15,3903.7034564812066,1,RL
17,66,17.376413735141426,11,2944.6280858160408,1,Fixed
17,66,22.276811093676493,14,2729.4290630113146,1,RL
17,67,10.568964024327782,14,3326.767255025932,1,Fixed
17,67,20.941865555649127,19,3020.9483950771446,1,RL
17,68,7.4558574022718105,11,2833.2605594596616,1,Fixed
17,68,10.908017088878333,8,2467.227968650216,1,RL
17,69,14.286569180090897,14,2709.5669289698476,1,Fixed
17,69,15.294505749783221,14,3275.6851200751453,1,RL
17,70,12.714129163056224,14,2771.7414555132427,1,Fixed
17,70,20.340125456502747,12,3136.5718286538217,1,RL
17,71,16.323312637924055,17,2993.309910015182,1,Fixed
17,71,14.411012912543097,17,2644.9898036891936,1,RL
17,72,17.748976251060817,15,2806.5071491066315,1,Fixed
17,72,10.740650574437858,10,2705.6825835409413,1,RL
17,73,9.212203235065582,16,3130.1308124008156,1,Fixed
17,73,23.50008081230656,14,2803.80400431886,1,RL
17,74,16.685875843513546,13,3007.798409754272,1,Fixed
17,74,18.440852822823445,16,3042.4590383640066,1,RL
17,75,10.734019275636925,14,2434.9723628062984,1,Fixed
17,75,31.718141558462634,16,3498.3725294467968,1,RL
17,76,10.669571625763824,12,2269.8610778241914,1,Fixed
17,76,17.15969193326296,15,2687.6134234709175,1,RL
17,77,9.544050533432198,17,3075.7806061677993,1,Fixed
17,77,27.36797391307033,18,4378.475828070109,1,RL
17,78,13.301963367980147,14,3013.8172109382717,1,Fixed
17,78,16.75008455454501,9,3009.2577620989564,1,RL
17,79,23.197262875127613,14,3279.7280595153634,1,Fixed
17,79,12.522102886227781,14,3689.6059349657667,1,RL
17,80,15.704477436859728,11,2959.7629119622875,1,Fixed
17,80,15.518343898359854,13,2931.380650441654,1,RL
17,81,11.034398206711142,16,3146.5925003116236,1,Fixed
17,81,17.555231947955072,15,3452.8590589797222,1,RL
17,82,22.864819431215892,16,2676.4419447097644,1,Fixed
17,82,11.447442719013411,10,2306.891197851343,1,RL
17,83,19.398035535234442,12,2697.570500556139,1,Fixed
17,83,17.74915627099968,17,2987.62237193848,1,RL
17,84,9.849118239265023,8,2175.88763114155,1,Fixed
17,84,20.186995467361097,15,3379.52220211321,1,RL
17,85,11.411855805123817,14,2790.5825064008127,1,Fixed
17,85,9.569753148988166,14,2278.5685828301575,1,RL
17,86,14.125877848031843,8,2360.5856123358003,1,Fixed
17,86,16.375927240631878,17,3591.964896640228,1,RL
17,87,21.020201662724762,15,3122.195863190889,1,Fixed
17,87,10.590068837880233,13,2311.9128023711514,1,RL
17,88,8.439515301685104,14,2868.1086600091367,1,Fixed
17,88,13.163033550370994,15,2987.041646707278,1,RL
17,89,16.311652270425274,15,2732.724493551961,1,Fixed
17,89,40.60667293790809,20,4643.443157051801,1,RL
17,90,13.525146404488604,12,2554.0372609375017,1,Fixed
17,90,19.168030253766972,17,2599.3113057190644,1,RL
17,91,16.85537088122582,12,2715.481547124912,1,Fixed
17,91,9.583730600167106,14,3056.8386992268524,1,RL
17,92,20.374797145967115,14,2871.3063608990324,1,Fixed
17,92,26.536119393363787,17,3515.406550968473,1,RL
17,93,18.200850025102916,12,3014.1516901026557,1,Fixed
17,93,12.806521780971593,13,2867.3123786544297,1,RL
17,94,13.556371881954922,14,3059.178420977532,1,Fixed
17,94,10.442832447919054,6,2552.2042932638556,1,RL
17,95,16.921654279690205,19,3256.010982400835,1,Fixed
17,95,15.69287514576414,12,2851.7102651433593,1,RL
17,96,14.509788922707457,15,2698.223521740972,1,Fixed
17,96,17.47337449327152,14,3190.8962872754655,1,RL
17,97,8.786438913076589,12,2519.29655636025,1,Fixed
17,97,11.9872306248495,12,2588.613477298197,1,RL
17,98,22.10796503433141,16,3323.725783224932,1,Fixed
17,98,17.077013658261514,19,3495.4852890763714,1,RL
17,99,22.487237061470374,15,2722.724807874366,1,Fixed
17,99,29.229630114754094,13,3657.041738153909,1,RL
18,0,9.411916469626979,12,2897.831931541309,1,Fixed
18,0,8.924880400133333,14,3436.7962342627065,1,RL
18,1,15.452514586747517,16,3301.410572387598,1,Fixed
18,1,15.159847523014474,15,4222.046096851318,1,RL
18,2,13.331223523294877,13,2992.0685598298182,1,Fixed
18,2,11.194932007857403,14,3010.7791803344912,1,RL
18,3,12.528682617300962,14,2699.154045750621,1,Fixed
18,3,16.33895590224855,11,3174.775861974095,1,RL
18,4,19.568611535690827,14,3194.6491056310288,1,Fixed
18,4,13.557180383708337,11,3682.398303674656,1,RL
18,5,22.74967165151565,17,3519.7556547104273,1,Fixed
18,5,14.134654004133044,18,3793.986146643404,1,RL
18,6,14.303195112989318,13,2932.1027630312137,1,Fixed
18,6,7.463957457246087,10,2355.024002662762,1,RL
18,7,9.262869300730618,11,2607.1133180010243,1,Fixed
18,7,10.080360465543368,14,3062.731003305607,1,RL
18,8,13.11392925668164,12,2807.154300160838,1,Fixed
18,8,21.957485045965182,14,4656.744137438778,1,RL
18,9,22.40722341345766,13,2971.14314067809,1,Fixed
18,9,16.385989806021293,12,2729.3544496784552,1,RL
18,10,9.118712863857606,16,3124.0822270951403,1,Fixed
18,10,14.8149043381875,16,2918.8060887555403,1,RL
18,11,15.665873352925846,12,2840.982176659951,1,Fixed
18,11,11.886538842230314,16,2934.769713153081,1,RL
18,12,14.114404647897578,12,3202.47494792852,1,Fixed
18,12,10.090537649827834,11,3369.0947591364275,1,RL
18,13,12.053104361922228,15,3252.9615969450015,1,Fixed
18,13,14.171560057143239,14,2897.1978754810375,1,RL
18,14,14.808618071240968,16,2687.305443742988,1,Fixed
18,14,29.762521758246624,16,4022.259295688715,1,RL
18,15,9.92897620285221,14,2911.750638432549,1,Fixed
18,15,12.229064724771963,14,3616.5353271097256,1,RL
18,16,9.421626077742769,13,2733.6882298550017,1,Fixed
18,16,32.45023680557365,12,3589.4889437648394,1,RL
18,17,8.1403074127549,13,2736.9543628693773,1,Fixed
18,17,8.510799900001619,13,3439.2994392094997,1,RL
18,18,12.024111964957843,11,2275.3180935301198,1,Fixed
18,18,17.102085846253562,16,3251.383711904881,1,RL
18,19,15.339645755516472,16,3075.2091638457937,1,Fixed
18,19,17.63204439232161,14,3348.706349723495,1,RL
18,20,18.580930514111028,10,2555.2844945207366,1,Fixed
18,20,15.31910194785362,15,3265.4659887405055,1,RL
18,21,11.347605562991943,10,2838.976186372305,1,Fixed
18,21,24.564132644945282,13,3000.5974092023475,1,RL
18,22,8.729610818372638,15,2951.5232403573373,1,Fixed
18,22,16.118964903714392,19,3388.409375912307,1,RL
18,23,25.615348620209733,14,2955.0202716701283,1,Fixed
18,23,10.394207072562683,15,3222.989970721096,1,RL
18,24,14.338766062339877,13,2755.799801616194,1,Fixed
18,24,7.429036290081584,9,2549.2291272313123,1,RL
18,25,12.064366298664162,16,2858.5448089227557,1,Fixed
18,25,26.528693795729822,13,3103.736141004984,1,RL
18,26,9.471685127785436,14,2566.5246394078376,1,Fixed
18,26,20.12941440728528,15,3284.6542644655674,1,RL
18,27,16.969898931693855,16,3135.1531333830712,1,Fixed
18,27,7.5533694313918405,15,2726.7752580506026,1,RL
18,28,14.09080065483838,15,2956.910627427753,1,Fixed
18,28,15.957864723553755,13,2732.581991882247,1,RL
18,29,11.74163995004785,15,2849.5441919349573,1,Fixed
18,29,18.975940762740148,14,3586.6839551807925,1,RL
18,30,9.885350536179242,16,3032.646399301875,1,Fixed
18,30,16.622832589248116,14,3104.3571442531024,1,RL
18,31,11.63915417751292,10,2698.683573168995,1,Fixed
18,31,15.394670602668446,15,2740.545623636332,1,RL
18,32,17.18381295343707,12,3199.17667140695,1,Fixed
18,32,11.536225994414707,17,4168.820939142082,1,RL
18,33,11.719778235720916,14,2512.3936686338193,1,Fixed
18,33,19.917069911905564,13,2730.976449833205,1,RL
18,34,14.415323463793763,12,2770.714395696482,1,Fixed
18,34,17.732543526682193,21,3561.3987108336823,1,RL
18,35,9.153632536103482,13,2394.880869610766,1,Fixed
18,35,10.519559663218804,13,3318.2218151237603,1,RL
18,36,11.103374950548941,18,2968.8634059270516,1,Fixed
18,36,16.147284191416432,17,3191.8844999885855,1,RL
18,37,14.33504084537925,13,2624.503249172337,1,Fixed
18,37,10.917061877302631,17,3142.22181164215,1,RL
18,38,8.578210849831178,6,2358.7832741839225,1,Fixed
18,38,14.396207991285138,15,2876.545687063105,1,RL
18,39,12.65795887853152,10,2420.516355054152,1,Fixed
18,39,13.82183368715043,20,3116.0235472518148,1,RL
18,40,10.6911393862681,12,2949.743637757531,1,Fixed
18,40,23.644891709719538,13,3024.775066578282,1,RL
18,41,10.475793001451999,13,2766.0566737815693,1,Fixed
18,41,20.496815143277043,18,3816.8214768306725,1,RL
18,42,13.471235895420586,11,2792.1106708884913,1,Fixed
18,42,24.742639985575245,16,4048.6386093150622,1,RL
18,43,17.836286962997928,14,3009.678493599265,1,Fixed
18,43,10.298569200369958,10,2912.6462239775583,1,RL
18,44,10.351940147489271,14,3495.641595251914,1,Fixed
18,44,18.280012788255743,18,3409.830937348533,1,RL
18,45,18.86890936264298,16,3330.4036273274496,1,Fixed
18,45,9.654436987991494,13,3188.2080006523875,1,RL
18,46,18.98546390554865,13,2598.1004266104237,1,Fixed
18,46,13.532081764986685,17,2793.8589104386824,1,RL
18,47,10.002785177304485,11,2515.695410826691,1,Fixed
18,47,13.602567126863127,11,2857.0081240036016,1,RL
18,48,15.725367811168965,14,2431.59940218277,1,Fixed
18,48,17.619144799487753,19,3897.067536606589,1,RL
18,49,15.204229205237576,8,2781.3188392903944,1,Fixed
18,49,10.018974675592323,13,3394.111106332046,1,RL
18,50,8.961617798638983,14,2895.8897102792876,1,Fixed
18,50,20.541348746610986,18,3892.5599758155718,1,RL
18,51,15.072687260054389,14,2496.967041726392,1,Fixed
18,51,11.546400557544953,17,3952.2853676311715,1,RL
18,52,12.997231515315297,13,2643.868854488146,1,Fixed
18,52,13.786304594064934,12,3273.7776172793738,1,RL
18,53,10.852110933935835,16,2732.6072117749395,1,Fixed
18,53,29.19078535135813,16,3767.282303499674,1,RL
18,54,12.776263043663006,10,2715.589260376007,1,Fixed
18,54,25.509494976864126,14,3023.432779170881,1,RL
18,55,14.580516174818092,14,3201.6577971637894,1,Fixed
18,55,22.541385883905413,15,2761.1880239284437,1,RL
18,56,14.075488904876726,15,3121.736088039062,1,Fixed
18,56,17.379566320298704,14,3316.017333829116,1,RL
18,57,14.83861860975947,17,3602.9295998515004,1,Fixed
18,57,15.092724448540618,10,2676.505627984152,1,RL
18,58,15.555218581586924,13,2828.4908801304196,1,Fixed
18,58,11.448790991770041,8,2429.724448648402,1,RL
18,59,13.053738169470767,9,2404.5842955336257,1,Fixed
18,59,26.429566589303363,20,3652.9002936947486,1,RL
18,60,18.26162985738248,13,3078.1363774946544,1,Fixed
18,60,12.232065857831447,9,2613.1303921444646,1,RL
18,61,18.059425059853247,14,3042.9304824233277,1,Fixed
18,61,8.936615876402183,13,2689.7707276919614,1,RL
18,62,7.607355717013934,14,2860.6364327858682,1,Fixed
18,62,18.63845573688048,12,2749.3366718235197,1,RL
18,63,10.048106179471507,11,2484.2876895225168,1,Fixed
18,63,28.99599315297538,15,3754.8523151453987,1,RL
18,64,9.850507966289227,14,3071.6018808998506,1,Fixed
18,64,20.604378351833276,15,3118.682021685247,1,RL
18,65,14.747363948796655,16,2567.9701219753783,1,Fixed
18,65,27.182143975459745,17,3680.1868095994987,1,RL
18,66,16.695009457918054,16,2924.2277098121313,1,Fixed
18,66,8.676746454625663,16,2738.5118684667486,1,RL
18,67,18.42207871010584,14,2820.5394906153606,1,Fixed
18,67,9.589355041198434,14,3146.3633161504413,1,RL
18,68,24.642025207533067,16,3584.0804239989648,1,Fixed
18,68,23.815471899542995,16,3892.774239623385,1,RL
18,69,14.734585625395074,11,2912.365075776457,1,Fixed
18,69,18.623448211561914,14,3217.5642502492515,1,RL
18,70,8.135144757176992,11,2747.6250941373005,1,Fixed
18,70,25.042225780851787,14,3354.335837890099,1,RL
18,71,17.83270563079231,15,2936.0915455766217,1,Fixed
18,71,29.82196390688763,18,4150.193494330645,1,RL
18,72,20.79277863822538,13,2740.4940770915646,1,Fixed
18,72,11.043710411698441,12,3230.346796784258,1,RL
18,73,11.391406807151334,16,2667.0795039977056,1,Fixed
18,73,16.820783128352993,20,3972.428650087749,1,RL
18,74,15.052142044617591,13,2852.4850923798526,1,Fixed
18,74,20.188464583152943,10,3020.882751872168,1,RL
18,75,11.091269360473673,15,3030.3634857250395,1,Fixed
18,75,14.801044367034432,13,2934.2176740540435,1,RL
18,76,23.848920502980516,11,2882.2331124048487,1,Fixed
18,76,15.5660272172991,8,2787.7641612556727,1,RL
18,77,9.81493920053007,16,3144.2227798099066,1,Fixed
18,77,16.030861638040932,15,3293.09426871635,1,RL
18,78,9.758878546891651,12,2977.1101243920757,1,Fixed
18,78,15.67719787086133,12,3340.0620040159793,1,RL
18,79,17.87573772468063,13,2981.5063177242437,1,Fixed
18,79,20.47142593743421,16,3231.1586571074504,1,RL
18,80,23.854222223948053,11,3363.194520396594,1,Fixed
18,80,14.226951742238716,15,3344.1998733992014,1,RL
18,81,13.345986139340443,14,2858.041463724568,1,Fixed
18,81,20.17288341363344,7,3272.40946139874,1,RL
18,82,12.168445078072352,14,2590.028801634291,1,Fixed
18,82,15.002563149371692,15,2806.3780142526334,1,RL
18,83,19.518517438202657,13,3188.0927326211604,1,Fixed
18,83,16.219323347027444,18,3829.2690534504036,1,RL
18,84,9.817009588911336,14,3077.1659062565504,1,Fixed
18,84,10.651119562359842,12,2813.8295423931604,1,RL
18,85,24.79450542011965,15,3298.6892451001104,1,Fixed
18,85,22.038281910674726,17,3055.176846260383,1,RL
18,86,11.089542711122375,15,2251.81261471445,1,Fixed
18,86,12.143353911517407,12,2612.7699163216716,1,RL
18,87,9.327925378707594,13,2740.5896453388477,1,Fixed
18,87,17.236807188765567,16,3404.9479713997002,1,RL
18,88,15.56068802724027,13,3045.5028442898574,1,Fixed
18,88,13.273660973082704,19,4560.64828309299,1,RL
18,89,23.03087968648832,15,3285.0144227380624,1,Fixed
18,89,22.78719638323904,18,4022.0337037435515,1,RL
18,90,17.020268340867734,14,3103.288606107008,1,Fixed
18,90,9.757095505850552,17,3004.5702199404604,1,RL
18,91,21.55750059229939,16,2977.7292491989706,1,Fixed
18,91,11.35462120744456,5,2369.5785032512285,1,RL
18,92,16.649957203716863,12,2683.9410733154564,1,Fixed
18,92,10.187923264367498,14,3368.5248099574346,1,RL
18,93,13.167616917337787,15,3567.084565964762,1,Fixed
18,93,11.044858051361258,23,3821.329471058441,1,RL
18,94,12.44721485409248,14,3076.3466462124866,1,Fixed
18,94,21.452237723329823,17,3857.112143429797,1,RL
18,95,21.99873131533942,14,3219.236534848824,1,Fixed
18,95,17.667593186604467,16,3960.916590527201,1,RL
18,96,12.036563541534303,10,3204.7540064682257,1,Fixed
18,96,11.789050833041276,15,3007.069780257784,1,RL
18,97,14.405973696256353,16,3001.5460424310218,1,Fixed
18,97,11.086184809658834,9,3111.895228179513,1,RL
18,98,10.3407702382302,14,2971.776813941924,1,Fixed
18,98,22.540066715523075,14,2932.267963892319,1,RL
18,99,10.459387337372235,13,2692.388736049601,1,Fixed
18,99,19.187097591928868,14,2742.063689254196,1,RL
19,0,13.703680360326493,10,2726.8651481211887,1,Fixed
19,0,26.70709756713605,20,5166.32384994508,1,RL
19,1,9.899112468437597,11,3384.341946888848,1,Fixed
19,1,8.513156497181711,11,3439.3156158277948,1,RL
19,2,13.70654395484772,17,2950.1659712559244,1,Fixed
19,2,13.631364903195347,14,3041.779180972152,1,RL
19,3,7.495964727858649,9,2906.4210158728024,1,Fixed
19,3,20.154385768155645,15,2944.8764404437575,1,RL
19,4,18.3873209133125,8,2870.986380729475,1,Fixed
19,4,12.990010974063821,12,3530.5453618215433,1,RL
19,5,21.6356337617884,10,3191.7267916496867,1,Fixed
19,5,12.36488310469512,13,2523.2752359911506,1,RL
19,6,33.588269833606645,16,3393.940791753041,1,Fixed
19,6,13.052357709889424,9,3268.169944472705,1,RL
19,7,8.595788342947312,10,3159.127310723524,1,Fixed
19,7,36.529362795008595,14,3668.843509339983,1,RL
19,8,12.214695548210457,15,3380.7426120187356,1,Fixed
19,8,8.666061690689169,13,3068.774822774016,1,RL
19,9,13.235442610414946,13,2903.5160154318164,1,Fixed
19,9,32.37160278029579,17,4739.587195538178,1,RL
19,10,13.463733937085337,11,2960.3145305790877,1,Fixed
19,10,10.610078333315716,15,3275.9818069395938,1,RL
19,11,11.39074408423587,15,3328.7750211583852,1,Fixed
19,11,24.94299969165167,18,4208.269631154836,1,RL
19,12,10.009410119650717,14,3025.4015577993023,1,Fixed
19,12,29.787497643011058,15,3744.402610464477,1,RL
19,13,8.936338105579694,15,3013.059123329651,1,Fixed
19,13,16.724948358305664,11,3141.755155435842,1,RL
19,14,8.421870790487082,14,2697.452709754948,1,Fixed
19,14,13.787861204210813,14,3346.590139665549,1,RL
19,15,14.109843646902808,14,2618.2350114403994,1,Fixed
19,15,18.736542121867956,15,2700.766686120634,1,RL
19,16,15.552385084193068,11,3162.578388962446,1,Fixed
19,16,14.741538351298392,15,3189.428226194281,1,RL
19,17,14.282663403652398,16,2943.191766767793,1,Fixed
19,17,17.371018041544644,11,3091.5303571104755,1,RL
19,18,13.164411434914905,15,3421.7102691195128,1,Fixed
19,18,12.392054681617575,16,3044.048628693312,1,RL
19,19,13.23299795088506,14,3135.0105787585408,1,Fixed
19,19,26.090994192204004,17,4279.766808627216,1,RL
19,20,9.745412866756162,13,3010.969870632135,1,Fixed
19,20,17.55376184498328,19,4140.370856587835,1,RL
19,21,18.297967373203083,12,3066.5144962563,1,Fixed
19,21,9.934082979909123,15,3261.8440486847394,1,RL
19,22,17.014210596945095,15,3449.39426621397,1,Fixed
19,22,12.36783782319117,10,3087.753532127408,1,RL
19,23,10.885802724745703,13,3394.253809321054,1,Fixed
19,23,21.2446003493506,15,3831.967354712853,1,RL
19,24,14.147466049675092,14,3619.824743526623,1,Fixed
19,24,16.164121518640894,14,3220.437075061881,1,RL
19,25,14.12684953650147,13,3012.027428593911,1,Fixed
19,25,20.134158133978396,13,2589.298084653061,1,RL
19,26,16.14651468632527,14,2930.591713729187,1,Fixed
19,26,27.942593835384617,13,4165.139959835233,1,RL
19,27,9.90532330473521,16,3137.855579812551,1,Fixed
19,27,18.07947652881004,16,4021.8753741128035,1,RL
19,28,9.539807521209516,12,2859.6167204870108,1,Fixed
19,28,11.890256002161653,11,2804.9576288469816,1,RL
19,29,13.242033078926903,12,2881.7077833355074,1,Fixed
19,29,10.203918898722817,17,3358.852277579707,1,RL
19,30,21.753900283930054,12,3037.5776226806506,1,Fixed
19,30,19.45857310539524,19,4940.397987112888,1,RL
19,31,16.658514069876528,12,3183.277346474144,1,Fixed
19,31,21.848261254475425,17,3089.4517542706785,1,RL
19,32,9.609503612157992,12,3064.4252535672404,1,Fixed
19,32,18.90286290251624,17,3381.1213860652056,1,RL
19,33,20.81695958402127,15,2952.8521514726763,1,Fixed
19,33,16.44227871023272,14,2960.6234818070175,1,RL
19,34,10.933511606992761,11,2796.90734039807,1,Fixed
19,34,10.53811519076795,6,2768.8827172511756,1,RL
19,35,26.362355390921532,13,3268.1298422172913,1,Fixed
19,35,17.909845890368963,17,3493.47326650759,1,RL
19,36,9.987088043355234,12,2892.3539213736112,1,Fixed
19,36,13.27667218966107,13,2947.5761389206186,1,RL
19,37,10.199074593897546,15,3142.8613142322893,1,Fixed
19,37,15.032732787550923,13,3483.260640290698,1,RL
19,38,15.747575278689734,14,3285.9984130726493,1,Fixed
19,38,26.610448793142638,16,3509.3798826890506,1,RL
19,39,9.690250849741131,10,2364.3120455846233,1,Fixed
19,39,10.980849489365507,13,2893.939194757723,1,RL
19,40,10.801589494800883,11,3240.480459730749,1,Fixed
19,40,15.45636471319113,15,3003.9435207009406,1,RL
19,41,15.651754637245052,11,3211.425439902232,1,Fixed
19,41,15.407535215178115,13,3348.640643969683,1,RL
19,42,10.776489007453693,14,2733.9988659200794,1,Fixed
19,42,8.69622826410608,15,3001.627426783357,1,RL
19,43,24.03717158416584,12,2895.524810881255,1,Fixed
19,43,10.153761635291675,15,4108.10952711005,1,RL
19,44,24.42006536840861,17,3548.304994451558,1,Fixed
19,44,15.792675634917511,14,3102.9241918822527,1,RL
19,45,8.892751583556535,11,3051.735973519254,1,Fixed
19,45,12.848830656912778,12,2820.6193732139127,1,RL
19,46,12.545780723623484,16,3205.174099148413,1,Fixed
19,46,11.783984117403362,18,3207.0572072303785,1,RL
19,47,7.157771271327578,12,2946.3535762689953,1,Fixed
19,47,20.677549832245322,17,3956.5684383940043,1,RL
19,48,9.402346089374584,14,2740.222912696933,1,Fixed
19,48,27.745694360413484,14,4720.181072193707,1,RL
19,49,16.970080555872833,15,3045.579018621872,1,Fixed
19,49,30.923741126764337,12,4275.450241168733,1,RL
19,50,11.781062618990008,13,3149.9091253635897,1,Fixed
19,50,18.431845877236235,22,3668.413644442627,1,RL
19,51,10.371818783204029,9,2789.9236332832897,1,Fixed
19,51,12.713195184040126,12,2920.7976108984813,1,RL
19,52,15.160684784761491,15,3171.4743357672005,1,Fixed
19,52,17.524787144778664,16,4413.3910889681365,1,RL
19,53,10.173456586223775,15,2999.738725088691,1,Fixed
19,53,9.145374860374265,16,3341.0574564819494,1,RL
19,54,9.277254261685489,10,2908.939831888581,1,Fixed
19,54,21.46725183439394,16,3623.385198976573,1,RL
19,55,13.17469620855999,9,2992.7736977953546,1,Fixed
19,55,28.575135850944918,17,3441.5177791663914,1,RL
19,56,15.634610964854257,14,3201.6119703806703,1,Fixed
19,56,15.121024820881278,10,2905.658135233764,1,RL
19,57,17.15443212626433,14,3227.373759046855,1,Fixed
19,57,9.669211763767402,12,2863.466045354546,1,RL
19,58,10.999940501016356,14,3142.5105929819047,1,Fixed
19,58,18.334636209976672,19,3691.5563063843883,1,RL
19,59,13.931554643919805,12,3354.4379517420552,1,Fixed
19,59,11.177066051548554,15,3567.7894025324244,1,RL
19,60,11.43133892050081,12,3035.041037182985,1,Fixed
19,60,7.69905352202659,15,3051.0668218994265,1,RL
19,61,20.09762640177454,11,2830.4978949463084,1,Fixed
19,61,8.753792344790913,16,3508.8932100114134,1,RL
19,62,13.289391332098134,15,2770.1110548346724,1,Fixed
19,62,15.546427831179638,16,3435.255422730828,1,RL
19,63,14.882628895404576,8,2679.2184263514337,1,Fixed
19,63,10.68178010145636,13,3660.607992190847,1,RL
19,64,9.62156346151407,11,3018.30737384584,1,Fixed
19,64,12.369507813591913,14,3872.257087683231,1,RL
19,65,21.294132451291055,11,2921.590720336604,1,Fixed
19,65,13.895739071881298,16,3854.649695639339,1,RL
19,66,23.256483763745,12,3490.536679146259,1,Fixed
19,66,14.210186692535107,14,3206.400052575753,1,RL
19,67,24.967103670797194,14,3268.2312221533793,1,Fixed
19,67,10.33981502014583,13,3233.343573514678,1,RL
19,68,13.239868765910739,13,2471.6870035123707,1,Fixed
19,68,15.369873197849236,14,3298.734871577391,1,RL
19,69,12.034704460516036,12,3060.0384503306927,1,Fixed
19,69,9.421214287873331,13,2926.8013286135965,1,RL
19,70,11.230578583244826,14,3294.958689026364,1,Fixed
19,70,23.697351727617313,13,3221.903458705078,1,RL
19,71,18.500937804640063,11,3324.4168331926917,1,Fixed
19,71,22.04033542754778,17,3860.5656417903497,1,RL
19,72,14.599648795227377,16,2822.0457491524394,1,Fixed
19,72,15.0192275488381,16,3289.0673434820274,1,RL
19,73,14.070600650749403,13,2915.4096123256627,1,Fixed
19,73,10.901017114183192,14,2894.9646349786217,1,RL
19,74,21.598391190845973,13,3111.9251135917984,1,Fixed
19,74,15.33658327581181,16,3974.6663526329603,1,RL
19,75,19.541928235363624,8,2779.5249486450007,1,Fixed
19,75,21.404698457471742,17,3272.2187644665496,1,RL
19,76,24.537318385432442,17,3408.736258338588,1,Fixed
19,76,25.715214914691256,14,3358.734744649289,1,RL
19,77,22.002799464753974,11,3233.0182145494987,1,Fixed
19,77,20.329452834570706,16,4071.83246308034,1,RL
19,78,9.54725269126746,15,2888.9176510509205,1,Fixed
19,78,13.4622427485702,18,4672.788064109529,1,RL
19,79,14.10218034127207,15,3337.8286444901573,1,Fixed
19,79,13.72084402298693,10,2509.529539879242,1,RL
19,80,9.3836531953538,12,2997.3016130242936,1,Fixed
19,80,23.457202416680122,17,4357.8756326583225,1,RL
19,81,17.66726727644005,12,3135.8669417072497,1,Fixed
19,81,16.80704226611418,16,4212.030955241359,1,RL
19,82,17.067263230344473,13,3176.0596013411873,1,Fixed
19,82,15.185829997891862,13,2871.303542703466,1,RL
19,83,14.09872223632956,14,3789.2791419569394,1,Fixed
19,83,15.43407498300103,11,2871.0102883898044,1,RL
19,84,10.861288039931505,10,3209.8884404116184,1,Fixed
19,84,15.074415817927363,16,3396.2973738163237,1,RL
19,85,9.89667227604636,13,2984.714825714036,1,Fixed
19,85,16.830184114948004,16,3421.460603666585,1,RL
19,86,12.269871370970666,15,3068.421564901063,1,Fixed
19,86,11.103703222089013,15,4140.52934239387,1,RL
19,87,13.824800274104959,13,3143.2321298677593,1,Fixed
19,87,18.743829042494554,20,3490.7534400413315,1,RL
19,88,12.080099273179913,13,2969.48495420515,1,Fixed
19,88,15.467974347427003,15,3007.2594106366973,1,RL
19,89,16.63889310771639,11,3070.506565788145,1,Fixed
19,89,20.955612069664426,16,4174.755157644824,1,RL
19,90,13.602557868377762,14,3085.340044101424,1,Fixed
19,90,11.220833184459483,18,3971.2992318474253,1,RL
19,91,7.87305973339687,14,3593.992603938824,1,Fixed
19,91,14.722843035827648,18,3867.8795573601637,1,RL
19,92,10.695723274316826,11,3235.641824611379,1,Fixed
19,92,21.138581183268137,13,3249.9246356140666,1,RL
19,93,10.848983694096976,14,2965.5881393110817,1,Fixed
19,93,27.75557952386785,12,3507.7481030627264,1,RL
19,94,9.74444274038165,7,3036.9765807803897,1,Fixed
19,94,23.796591766350396,14,3050.399796410304,1,RL
19,95,14.662493389340218,11,2653.701688825504,1,Fixed
19,95,14.586042337666544,17,3905.8200477203545,1,RL
19,96,10.005503068024183,13,3087.502414272685,1,Fixed
19,96,17.033947659814498,15,3574.103174705531,1,RL
19,97,20.612056881420617,15,3022.5328202219325,1,Fixed
19,97,14.802030484594098,13,3171.763556669937,1,RL
19,98,19.001007542344954,15,3611.0660991427653,1,Fixed
19,98,22.85579816318679,15,3873.6251946751595,1,RL
19,99,19.475649850032458,12,2979.507898674392,1,Fixed
19,99,11.245477485811303,13,3263.1579690716644,1,RL
20,0,10.151168965360226,10,2991.924036120976,1,Fixed
20,0,12.778118070470297,15,3374.1737541004613,1,RL
20,1,18.120772652216154,9,3558.148095912097,1,Fixed
20,1,9.771111023709553,11,3215.0098896019636,1,RL
20,2,15.346061987922294,9,3057.1273687733665,1,Fixed
20,2,13.426379098142382,12,3406.7058268065184,1,RL
20,3,17.31365171909483,14,3435.6399405269176,1,Fixed
20,3,13.232895684569906,10,3397.7757712158514,1,RL
20,4,27.620700850192737,13,3273.9549627179676,1,Fixed
20,4,17.092652833518745,13,3325.7525410860458,1,RL
20,5,9.03470919126288,13,2972.858541414205,1,Fixed
20,5,11.177424121443249,11,3746.320375390511,1,RL
20,6,11.858179181860915,17,3247.8194936935265,1,Fixed
20,6,12.351454351217175,10,3081.736181858914,1,RL
20,7,16.802912109327917,12,3169.7660689771637,1,Fixed
20,7,12.060839755982759,11,3006.384710229406,1,RL
20,8,16.23885958368459,14,3313.70536548371,1,Fixed
20,8,22.697621626205372,7,2894.119936809001,1,RL
20,9,10.776113591250358,15,3797.7302690275237,1,Fixed
20,9,12.856287249512608,14,3538.096361122134,1,RL
20,10,13.74921627153663,11,3098.677337081487,1,Fixed
20,10,10.254422906712403,14,3810.9043441136732,1,RL
20,11,19.493837508141496,14,3296.564505507093,1,Fixed
20,11,13.552337652657613,13,4204.697848169902,1,RL
20,12,15.67592252895266,17,3383.294033605054,1,Fixed
20,12,19.84884857540592,16,3425.088645175146,1,RL
20,13,25.746847332678975,16,3572.7694693369035,1,Fixed
20,13,13.363412409435728,16,3311.1726071149455,1,RL
20,14,18.606173747060147,11,3325.5660048721807,1,Fixed
20,14,10.74630575882755,15,3095.7631918288,1,RL
20,15,22.39849663771212,16,3182.3815534988707,1,Fixed
20,15,32.70294845399751,13,3797.9924065496684,1,RL
20,16,7.9229976297565585,12,3393.696014350062,1,Fixed
20,16,6.655020800893782,13,3588.9958411992643,1,RL
20,17,13.827487049715259,15,3271.364403182481,1,Fixed
20,17,20.58202836409118,12,4032.0400931599384,1,RL
20,18,16.596237891860763,17,3477.4528821611175,1,Fixed
20,18,21.40151713357691,15,4028.5073511813334,1,RL
20,19,11.747500280833028,14,2988.782330689686,1,Fixed
20,19,16.271938629865733,15,3522.6655314687555,1,RL
20,20,18.800789052098754,15,2886.1390530261415,1,Fixed
20,20,12.776885877887104,16,3971.0193011108863,1,RL
20,21,15.651153213035101,17,3507.911759731736,1,Fixed
20,21,13.219873949689491,14,3524.2416499794967,1,RL
20,22,18.908216816928167,13,3210.9915816920256,1,Fixed
20,22,15.476869624435931,16,3589.079119826644,1,RL
20,23,8.756991971248993,11,3336.5341126053713,1,Fixed
20,23,18.863118100115674,12,3412.308958350341,1,RL
20,24,10.925767439604074,14,3508.670823931184,1,Fixed
20,24,14.838324771309527,11,3289.86607688843,1,RL
20,25,12.458083573229308,13,3256.9134652824314,1,Fixed
20,25,9.622997196897844,12,2700.258271645588,1,RL
20,26,11.068251332539006,12,3001.7766739746853,1,Fixed
20,26,9.816581288063492,15,3737.319919410815,1,RL
20,27,14.54845166880034,14,3259.2748903049574,1,Fixed
20,27,10.950874055169548,21,3814.4043834395234,1,RL
20,28,15.767795956425678,14,3207.3337153879856,1,Fixed
20,28,18.543028239253236,19,4549.450009933551,1,RL
20,29,9.20596392311484,15,3488.302513678522,1,Fixed
20,29,25.389473516192687,19,5105.772387919534,1,RL
20,30,10.115204455576762,14,3140.4302597308447,1,Fixed
20,30,10.741506199695618,13,3457.771525047233,1,RL
20,31,13.219524849460786,11,3070.4166397237113,1,Fixed
20,31,13.212579331999645,13,3055.9915505199338,1,RL
20,32,19.10857899821578,12,2949.2364000990983,1,Fixed
20,32,31.74118308746488,15,5322.144326272174,1,RL
20,33,16.009332826281295,15,3002.495979718448,1,Fixed
20,33,25.003467135288968,14,3705.90067831867,1,RL
20,34,24.305509909664877,17,3847.070256106467,1,Fixed
20,34,18.74292189633616,12,4527.186108249631,1,RL
20,35,8.981920361435053,11,3068.2974763056723,1,Fixed
20,35,10.403692107810564,16,3619.7042827213363,1,RL
20,36,12.117919676656259,17,3429.5079069695985,1,Fixed
20,36,9.301188318508306,14,3464.862678822836,1,RL
20,37,11.343903266425192,15,2990.450139970889,1,Fixed
20,37,15.770175138381841,20,3837.8247432279695,1,RL
20,38,11.970235013195223,14,3559.1380244752063,1,Fixed
20,38,18.474566096097405,11,3065.753633189105,1,RL
20,39,19.5980149150335,14,3559.1585928452623,1,Fixed
20,39,14.905929291475838,13,3305.8039027365053,1,RL
20,40,9.171280556299433,14,3264.6861906013364,1,Fixed
20,40,18.631910305171388,15,3348.7370456834897,1,RL
20,41,12.14837372280161,14,3499.0436986749537,1,Fixed
20,41,20.77664882968828,15,3907.1150358634127,1,RL
20,42,9.804089325771393,15,3258.283655426183,1,Fixed
20,42,26.444684407257473,18,3658.7784492271094,1,RL
20,43,11.40985222921677,14,2800.888401189586,1,Fixed
20,43,20.22845417184842,19,5368.633082878756,1,RL
20,44,24.592920523976275,15,3719.615293730318,1,Fixed
20,44,9.525909918804825,17,4030.240526964577,1,RL
20,45,13.086635237286956,10,3026.4753805189457,1,Fixed
20,45,7.217890292718531,12,2980.720785682612,1,RL
20,46,10.771317153527004,15,3256.5247319183914,1,Fixed
20,46,25.69187378333093,13,3355.0352954033283,1,RL
20,47,12.301943439612135,15,3375.3154377800415,1,Fixed
20,47,10.173445756615317,16,3225.5926808547415,1,RL
20,48,19.16848292316988,11,3742.6456459296187,1,Fixed
20,48,12.946404236689478,12,2984.694952271008,1,RL
20,49,14.906083537296135,11,3130.747332249171,1,Fixed
20,49,14.597232713757773,15,3701.8157773246776,1,RL
20,50,24.28308872238146,16,3239.4845442933124,1,Fixed
20,50,20.447921630210615,13,3079.6586082896565,1,RL
20,51,21.066883298288708,14,3163.856758854737,1,Fixed
20,51,11.59485627021218,17,3306.6667766503447,1,RL
20,52,9.350506180866665,13,3461.236793746439,1,Fixed
20,52,14.603032936685977,17,4995.579261761144,1,RL
20,53,13.635439419378372,14,3444.5321519346357,1,Fixed
20,53,13.09358180515189,18,3381.5339627287563,1,RL
20,54,23.919060113890723,11,3416.6850641826263,1,Fixed
20,54,28.60077540269153,17,4510.128953201855,1,RL
20,55,13.345951123880303,13,3047.493813938021,1,Fixed
20,55,10.34475328306554,16,4063.000219900054,1,RL
20,56,11.698830204683592,13,2977.421722853347,1,Fixed
20,56,13.192417562455764,12,3081.7403593649697,1,RL
20,57,21.769935217691355,15,3238.870857427384,1,Fixed
20,57,13.17023065979522,13,3485.4896823763297,1,RL
20,58,19.6660252963551,10,3098.06790960067,1,Fixed
20,58,16.556610603244856,10,3366.262566973364,1,RL
20,59,8.666610195150328,13,2827.2320845308673,1,Fixed
20,59,11.37888327943169,15,3186.4591443930217,1,RL
20,60,11.189167477817637,14,3199.5526898829303,1,Fixed
20,60,15.585082984892239,12,3276.805467848449,1,RL
20,61,9.960536999731774,14,2991.6376357619906,1,Fixed
20,61,10.535300647691352,17,3755.149975550934,1,RL
20,62,23.90853828205064,15,3006.1382573391566,1,Fixed
20,62,17.627880125633666,11,3385.9063538609885,1,RL
20,63,12.973350021906693,12,3376.291574454186,1,Fixed
20,63,8.855456240441473,12,3460.2717420892814,1,RL
20,64,15.136971002227872,11,3095.1161442223174,1,Fixed
20,64,11.167421579691261,13,3183.2407849299784,1,RL
20,65,12.816560981183164,10,2867.8507955834716,1,Fixed
20,65,14.48112160808719,15,3284.9159372399154,1,RL
20,66,13.988115467673566,14,3032.2454500981694,1,Fixed
20,66,15.831468849361306,20,4103.481160261755,1,RL
20,67,18.61272761991644,17,3555.354688267545,1,Fixed
20,67,21.42372464931981,17,3970.835975683132,1,RL
20,68,9.378931469928078,11,3264.9662564601754,1,Fixed
20,68,14.09707430154754,18,3604.2358889312845,1,RL
20,69,12.110424538930875,13,3372.190028543733,1,Fixed
20,69,16.832856935338107,13,3282.7837565778273,1,RL
20,70,20.931076103287854,15,3152.037214249682,1,Fixed
20,70,8.957644461951013,13,2873.199854354304,1,RL
20,71,7.09055120338171,13,2629.5655123406787,1,Fixed
20,71,12.674085955741386,18,2946.925458514505,1,RL
20,72,9.888922287244617,13,3466.2105331727666,1,Fixed
20,72,15.419000652693677,8,4045.213108351624,1,RL
20,73,8.990448518742017,14,3703.2857447984966,1,Fixed
20,73,14.07857453799754,13,3430.888613757834,1,RL
20,74,11.849052512661078,13,2949.214579259584,1,Fixed
20,74,10.703597196028397,15,3350.995863568108,1,RL
20,75,13.537663096481936,12,3031.8997328372393,1,Fixed
20,75,14.589576082239367,12,3500.3912090541326,1,RL
20,76,11.152443261027113,14,3424.616187815654,1,Fixed
20,76,21.974235577047715,13,4270.8650743184735,1,RL
20,77,25.721659208540196,14,3452.819082475899,1,Fixed
20,77,13.894178715328291,14,3329.527426335707,1,RL
20,78,17.162470696040735,15,3158.34558409035,1,Fixed
20,78,20.99685252607606,11,3833.1570498580613,1,RL
20,79,14.032941568057376,13,3277.8191700681364,1,Fixed
20,79,12.899702364278976,14,3422.932113908658,1,RL
20,80,16.344054027970177,13,3028.136858280419,1,Fixed
20,80,17.34205224041648,16,3715.00075182343,1,RL
20,81,11.20765212141271,15,3531.286427864594,1,Fixed
20,81,14.727696410879597,10,3266.220042858316,1,RL
20,82,15.29040904320073,17,3682.9794006118227,1,Fixed
20,82,11.219301467190594,14,3416.9872384640785,1,RL
20,83,10.874891568142226,15,3252.9239566464607,1,Fixed
20,83,17.498487016857275,17,3934.875522961702,1,RL
20,84,9.307006928700428,14,2802.1698812775307,1,Fixed
20,84,14.136957285973406,15,3690.351641395241,1,RL
20,85,13.928025686334356,7,2495.615890171285,1,Fixed
20,85,17.081526255016865,11,3706.6581257270614,1,RL
20,86,14.743187462411024,15,3363.5200851871664,1,Fixed
20,86,12.282986814212537,14,3666.3688037741963,1,RL
20,87,12.745760163628194,11,2919.429865946242,1,Fixed
20,87,22.86156894386074,14,3059.577151936829,1,RL
20,88,20.367898300089834,13,2843.9745161694914,1,Fixed
20,88,13.884021706577911,12,3487.9154911669248,1,RL
20,89,10.504095758975232,12,3095.0603278471244,1,Fixed
20,89,22.245049185970043,17,5416.290485242705,1,RL
20,90,12.59653621232202,10,2848.974814884379,1,Fixed
20,90,19.970721833130334,11,3240.659048361246,1,RL
20,91,8.986160175948365,12,2975.3116961247865,1,Fixed
20,91,18.10073075277596,16,3099.1953671213287,1,RL
20,92,12.699756186837279,12,2793.817298712109,1,Fixed
20,92,17.17031924833531,16,3253.521335604378,1,RL
20,93,8.96437177968697,9,2777.600584966219,1,Fixed
20,93,11.884988729078822,11,2997.843496283587,1,RL
20,94,18.784821347743918,14,3076.0748009489,1,Fixed
20,94,13.795216917797543,18,4604.517897350463,1,RL
20,95,25.172097284026666,14,2943.241906338869,1,Fixed
20,95,23.011198722792155,16,3918.3166994480407,1,RL
20,96,9.959943035677021,11,2657.2914488897495,1,Fixed
20,96,20.78694196277788,19,3789.7198602933768,1,RL
20,97,17.463117640774026,17,3766.7060051840394,1,Fixed
20,97,12.848982116339192,7,2847.7290918607428,1,RL
20,98,22.298757383280737,17,3857.7785519809922,1,Fixed
20,98,18.34591957806058,17,3588.6457901809486,1,RL
20,99,8.413512709184792,14,2806.8649296086323,1,Fixed
20,99,23.22719780406551,17,4066.0713043005585,1,RL
21,0,18.373292541615832,12,3775.040987156156,1,Fixed
21,0,16.080344883962155,15,3131.1761410831796,1,RL
21,1,7.115651577589652,16,3503.6837248062643,1,Fixed
21,1,8.406693595436755,11,3039.387419631924,1,RL
21,2,12.218286695426913,10,3170.942230745623,1,Fixed
21,2,11.540684605054595,13,3098.767588607699,1,RL
21,3,8.90376637251538,9,3104.242885014493,1,Fixed
21,3,11.960870302476204,11,3533.7171646992324,1,RL
21,4,12.178590107259307,14,3409.9931683036575,1,Fixed
21,4,11.078818558632838,13,3400.106378350786,1,RL
21,5,15.499854498187284,15,3488.5032821568216,1,Fixed
21,5,19.658203055299612,17,3417.701957592205,1,RL
21,6,15.539043474437884,10,3236.4565841725876,1,Fixed
21,6,19.06345963205756,17,2879.4266544514253,1,RL
21,7,11.439875365189208,12,3620.5770521077025,1,Fixed
21,7,15.433053249506424,15,4143.833917817863,1,RL
21,8,14.957420732491505,16,3546.274588158182,1,Fixed
21,8,12.41262828309593,13,3857.5751439616847,1,RL
21,9,23.56031334257878,13,3590.3600976186112,1,Fixed
21,9,15.603244670589069,18,4251.360816714334,1,RL
21,10,12.944154653371763,16,3260.6432355427837,1,Fixed
21,10,10.402646442190377,12,3333.292810860803,1,RL
21,11,12.486445199476432,11,3511.2829958243333,1,Fixed
21,11,14.940003614578313,13,3871.2179781200475,1,RL
21,12,9.558039292048699,14,3733.758362500758,1,Fixed
21,12,10.960690471310079,14,3698.782441424973,1,RL
21,13,17.442321743004282,13,3358.502836911539,1,Fixed
21,13,19.50819194232756,15,3374.457155481475,1,RL
21,14,13.450253412822907,13,3531.917199251882,1,Fixed
21,14,10.406881250867714,15,3518.854870834146,1,RL
21,15,20.2832753861449,16,3350.3124813030126,1,Fixed
21,15,12.378784889157874,14,4549.292459177535,1,RL
21,16,11.809098988472979,15,3528.6894642250913,1,Fixed
21,16,11.863398131092442,15,4210.072924654376,1,RL
21,17,13.96002831856875,14,2904.0787002745606,1,Fixed
21,17,15.717714936411934,16,4451.520638331707,1,RL
21,18,18.1647721011892,10,3383.246096020069,1,Fixed
21,18,9.49473824011569,13,3621.6746010309653,1,RL
21,19,10.323643857952948,14,3555.355828294657,1,Fixed
21,19,17.239489396170587,12,3435.1827609553875,1,RL
21,20,18.524712976809944,14,3488.1866222527265,1,Fixed
21,20,27.801326626039206,18,3514.5587729989593,1,RL
21,21,16.866407301297244,13,3626.7939113727957,1,Fixed
21,21,14.1656575675663,16,3818.9931166349306,1,RL
21,22,18.551613996600203,14,3686.430925324545,1,Fixed
21,22,26.635875019737178,17,4231.5852083418995,1,RL
21,23,10.912646628381163,13,3274.0165962441797,1,Fixed
21,23,14.013956120106746,20,4352.270993887039,1,RL
21,24,9.960837817506466,12,2940.015684205233,1,Fixed
21,24,15.788956296169095,9,2925.4620863801933,1,RL
21,25,13.848130606493598,16,3584.938313325937,1,Fixed
21,25,15.829760943404702,10,3264.9152637901466,1,RL
21,26,13.156944105064786,15,3385.996689336752,1,Fixed
21,26,13.322082643142002,16,3523.4212161421024,1,RL
21,27,16.87512254900459,14,3495.5892368578843,1,Fixed
21,27,17.958391565472006,15,3192.1330135635035,1,RL
21,28,22.859655406895293,11,4016.8316258281106,1,Fixed
21,28,21.00120358550515,13,4208.087480490896,1,RL
21,29,17.36048508265758,13,3460.724875106293,1,Fixed
21,29,25.78169787954737,13,4257.898187737844,1,RL
21,30,15.330232311326222,14,3301.3933205605103,1,Fixed
21,30,12.521840508412348,12,3135.823511425635,1,RL
21,31,18.183275276934825,13,3659.5943442617563,1,Fixed
21,31,14.34944615882242,13,3893.009468909915,1,RL
21,32,10.637644769550244,15,3143.9985953690334,1,Fixed
21,32,17.87389278862948,12,3006.392989373907,1,RL
21,33,14.62672162661649,13,3631.8080317636454,1,Fixed
21,33,17.706258610028023,13,3220.754133046961,1,RL
21,34,17.146797593502594,15,3683.5506468720782,1,Fixed
21,34,29.126247022997784,20,3724.108657669985,1,RL
21,35,11.57745824823098,13,2880.4710462170815,1,Fixed
21,35,10.837969039873471,15,4038.744502295377,1,RL
21,36,16.955596549562614,12,3070.0226446164343,1,Fixed
21,36,30.275587755697252,13,4552.765219982103,1,RL
21,37,23.53995160174382,14,3549.974781032168,1,Fixed
21,37,12.303054268106125,15,3792.4616045660127,1,RL
21,38,10.218715334421262,8,3035.352969432049,1,Fixed
21,38,9.213070448885789,10,2690.2401351319622,1,RL
21,39,8.967140850770228,11,3784.647695360094,1,Fixed
21,39,9.95103775180704,14,3324.4323918935147,1,RL
21,40,8.735718523950629,15,3605.779908056171,1,Fixed
21,40,11.52620594532318,13,3237.510618813763,1,RL
21,41,11.028046514464917,11,3507.6554884487937,1,Fixed
21,41,13.800804748430199,15,4382.400227789629,1,RL
21,42,18.08422506601097,11,3236.4111354720544,1,Fixed
21,42,14.968442400048778,11,2859.304738931215,1,RL
21,43,10.155132898807016,13,3300.519471987909,1,Fixed
21,43,11.193250940749804,17,3633.750155151859,1,RL
21,44,25.379957149621404,13,3722.179087803158,1,Fixed
21,44,13.538779933616244,16,3560.522307346556,1,RL
21,45,10.20177834594698,12,3203.535178091067,1,Fixed
21,45,18.44355040780048,15,3400.372460318592,1,RL
21,46,11.530897469377432,13,3053.0865156667883,1,Fixed
21,46,13.28746569157126,13,3406.4652909362644,1,RL
21,47,16.612891027126874,16,3736.53486949483,1,Fixed
21,47,11.371412388977275,15,3762.296954990064,1,RL
21,48,10.514538917361701,13,3409.7147334713495,1,Fixed
21,48,13.240383066021646,15,3542.4653503276827,1,RL
21,49,29.878875909869333,15,3502.2011201735586,1,Fixed
21,49,17.707981437693082,16,5014.885874333013,1,RL
21,50,14.711077755905483,13,3786.0799237110514,1,Fixed
21,50,13.31671426927382,14,3137.037990167572,1,RL
21,51,23.33945887904612,12,3313.0933644938154,1,Fixed
21,51,11.658849230355653,16,4038.005036177942,1,RL
21,52,8.991823800960189,14,3109.740404797576,1,Fixed
21,52,27.60769321006267,13,4800.276025287179,1,RL
21,53,8.6624054443573,12,3116.7999030722895,1,Fixed
21,53,20.69444594169347,16,4586.580316538142,1,RL
21,54,18.759152260462706,16,3892.430205231371,1,Fixed
21,54,13.037631840161826,13,3604.098831949952,1,RL
21,55,16.40398035253773,15,3384.230766531783,1,Fixed
21,55,9.419573786718413,10,3359.027301352454,1,RL
21,56,10.821801528480915,12,3437.8789501875117,1,Fixed
21,56,20.60441994493975,13,3633.066227541279,1,RL
21,57,12.451182446417125,12,3191.8801636873923,1,Fixed
21,57,23.098427899882306,16,4796.507548442165,1,RL
21,58,12.857734735883705,11,3513.1100740990405,1,Fixed
21,58,10.376306610253005,12,4702.464510313846,1,RL
21,59,21.384344281766445,15,3314.044259459066,1,Fixed
21,59,13.181357493783281,15,3436.5778846923267,1,RL
21,60,10.53515433302389,16,3369.7355036632025,1,Fixed
21,60,18.85664787069532,13,3016.2965271755584,1,RL
21,61,13.499695643938688,15,3801.093266665543,1,Fixed
21,61,13.18308729916742,12,3136.470170791811,1,RL
21,62,8.913685229734808,14,3333.2009708351056,1,Fixed
21,62,14.716788379012769,17,4222.670880914853,1,RL
21,63,11.189220142714891,10,3075.813815357675,1,Fixed
21,63,9.8146964177898,11,2803.4938638934973,1,RL
21,64,8.502517576565845,14,3342.09528223802,1,Fixed
21,64,25.767573325205564,16,3565.332744016204,1,RL
21,65,29.798241865187002,17,3682.9797054728397,1,Fixed
21,65,12.37388164116322,17,4774.365187702265,1,RL
21,66,17.655019176874383,14,3630.825209147008,1,Fixed
21,66,10.122268025283015,10,2781.432203933624,1,RL
21,67,10.609762103134228,11,3418.081991940001,1,Fixed
21,67,17.859322486436128,16,4583.004576183969,1,RL
21,68,15.813420716100552,10,3165.373669127523,1,Fixed
21,68,29.979691058359613,17,4160.683865703683,1,RL
21,69,18.490663565713866,15,3111.5570456760324,1,Fixed
21,69,15.14329391768319,14,3373.468715681841,1,RL
21,70,15.90438666208236,15,3959.4657131419385,1,Fixed
21,70,15.64937091709956,15,3543.1969132748695,1,RL
21,71,15.169178362480931,10,3228.073329491011,1,Fixed
21,71,24.393109026905712,9,3728.3179526513236,1,RL
21,72,18.048417476714427,13,3446.9997548250703,1,Fixed
21,72,16.980580634758592,17,3658.9788576662927,1,RL
21,73,11.360377334468902,13,3602.9723930599393,1,Fixed
21,73,12.758846135945362,13,3420.403883934256,1,RL
21,74,12.58363493499274,16,3380.4081481172816,1,Fixed
21,74,14.922892034477808,12,3415.4023671883233,1,RL
21,75,15.393981031671197,13,3223.1697304668724,1,Fixed
21,75,8.484441589527796,14,3561.220339059645,1,RL
21,76,18.0784103932542,15,3570.2619881098353,1,Fixed
21,76,19.677046775011597,16,4790.141055779656,1,RL
21,77,22.86188421206004,14,3944.6865658963166,1,Fixed
21,77,13.257047206346073,14,3115.1117284653633,1,RL
21,78,6.055794128558464,5,2461.5271726123933,1,Fixed
21,78,19.51948045975518,19,3830.949707617005,1,RL
21,79,10.645335061049357,15,3780.209861187777,1,Fixed
21,79,18.239931933242268,17,3845.082674769423,1,RL
21,80,18.215195070815337,15,3233.385692990512,1,Fixed
21,80,19.518990456335025,15,4164.897739931601,1,RL
21,81,13.19240011582641,15,3177.781811902791,1,Fixed
21,81,13.539832396700518,13,4066.515566387748,1,RL
21,82,15.496777585422729,15,3446.2778850279565,1,Fixed
21,82,6.323959678625288,11,3030.580200665308,1,RL
21,83,16.724479500049004,12,3461.789169500814,1,Fixed
21,83,12.46681770696988,12,3081.419543992111,1,RL
21,84,21.017506897543377,17,3936.029641808548,1,Fixed
21,84,16.426836293328392,17,4378.3739020141065,1,RL
21,85,10.037251314600578,4,2315.55064479741,1,Fixed
21,85,9.306975877165703,12,3518.808333732292,1,RL
21,86,11.457019448030469,11,3412.6470683331104,1,Fixed
21,86,35.48483172946415,21,4984.151843915715,1,RL
21,87,14.278802429353252,12,3124.613801894687,1,Fixed
21,87,12.075659697137628,11,3553.2096110779244,1,RL
21,88,7.493615768237137,15,4238.873781384157,1,Fixed
21,88,15.060906198166034,15,3799.0553196948676,1,RL
21,89,22.063844094270245,13,3448.1026843734485,1,Fixed
21,89,14.480419347947791,14,3517.280401198664,1,RL
21,90,12.033298559162446,13,3164.185047376852,1,Fixed
21,90,12.443165876846662,13,3625.6084362744264,1,RL
21,91,10.645179235990136,13,3652.3148255687474,1,Fixed
21,91,18.615678630289903,16,3787.7788749895612,1,RL
21,92,12.516153191326259,13,2949.5948711835117,1,Fixed
21,92,13.526412630928144,12,4038.3252897146667,1,RL
21,93,13.405500613873135,12,3484.8753898514833,1,Fixed
21,93,13.12429850829687,14,3637.770029988914,1,RL
21,94,13.089694201460825,13,3566.192218111958,1,Fixed
21,94,8.63324302248481,15,3936.632121867524,1,RL
21,95,12.707014583036724,12,3205.2640558899934,1,Fixed
21,95,12.991026267423573,13,3999.33830098518,1,RL
21,96,28.113293943954837,16,3683.8767446967872,1,Fixed
21,96,27.79455205281055,15,4754.631502959575,1,RL
21,97,19.19215517560879,15,3805.564457701198,1,Fixed
21,97,18.94827512033074,17,4339.788964641395,1,RL
21,98,10.156711423696944,8,3442.0898393663956,1,Fixed
21,98,27.332596001496665,13,3902.199930212796,1,RL
21,99,15.922297379406226,12,3048.7725985976413,1,Fixed
21,99,8.786636226095402,16,3781.6042996081164,1,RL
22,0,15.5353114687064,13,3230.7546719430065,1,Fixed
22,0,25.072498027403874,17,4967.274740380941,1,RL
22,1,10.055405260287097,8,3215.7870826486887,1,Fixed
22,1,12.674740537099447,12,3234.8118888878084,1,RL
22,2,17.171567910732765,13,3563.1130809945967,1,Fixed
22,2,14.768518664488942,14,3913.361341585605,1,RL
22,3,13.455461726898287,15,3544.718895694683,1,Fixed
22,3,29.214065029851053,15,5781.4164034595115,1,RL
22,4,13.69954533105675,13,3226.662270284208,1,Fixed
22,4,17.55859363986573,15,3804.4714074325093,1,RL
22,5,20.992862903022676,14,4036.6331839359145,1,Fixed
22,5,10.982585760287018,15,3764.437447262079,1,RL
22,6,15.354184508049983,13,3428.184687745785,1,Fixed
22,6,18.92986667390389,17,5373.84083597926,1,RL
22,7,19.734400888580588,12,3610.6186487424475,1,Fixed
22,7,11.87403113532433,10,3288.799655614932,1,RL
22,8,18.920546206472004,15,3586.9543360569432,1,Fixed
22,8,14.213944592741095,16,6032.924764227473,1,RL
22,9,14.63452175022691,11,3359.9533246412466,1,Fixed
22,9,16.010540654250985,12,3696.788098294717,1,RL
22,10,18.55616590559399,13,3541.0268812503386,1,Fixed
22,10,35.30911565651913,16,6468.419360679004,1,RL
22,11,17.444792182025143,12,3514.2464394252847,1,Fixed
22,11,15.130730205931135,15,3901.2255455040117,1,RL
22,12,11.116356520108914,12,3752.8501725912934,1,Fixed
22,12,16.53734837232377,17,6619.973747909906,1,RL
22,13,10.298435719045028,14,3450.7424568286315,1,Fixed
22,13,10.37022600548234,14,3405.6992673122863,1,RL
22,14,8.686808026093079,14,3379.0143774907287,1,Fixed
22,14,9.474305389064892,14,4234.046023988126,1,RL
22,15,7.936558573254932,13,3545.8216141351895,1,Fixed
22,15,13.136151658311173,13,3306.2063922812276,1,RL
22,16,10.559245836955396,9,3114.6767205020574,1,Fixed
22,16,22.620994823891145,21,4648.469289268813,1,RL
22,17,17.693013216025722,12,3726.963037142908,1,Fixed
22,17,14.551695951421205,14,4832.678872101185,1,RL
22,18,14.725503831091384,13,3504.0531481161856,1,Fixed
22,18,9.284851417772911,14,3328.0169105750106,1,RL
22,19,22.210339635372197,13,3795.234698028829,1,Fixed
22,19,10.410337523776438,8,3143.7885010741365,1,RL
22,20,12.94856778954132,7,2917.761727165271,1,Fixed
22,20,19.51728206638263,14,3677.6337520410298,1,RL
22,21,15.499672134801992,9,3017.7500642354807,1,Fixed
22,21,23.758222598124178,13,4141.223162165413,1,RL
22,22,17.13999525807977,17,3417.9642495301787,1,Fixed
22,22,32.81448169336254,17,4981.597142642437,1,RL
22,23,21.533665854282454,12,3361.9789640845734,1,Fixed
22,23,8.633325837824165,11,3515.1544999380076,1,RL
22,24,10.31690750153729,14,3428.309998169127,1,Fixed
22,24,12.846423885964489,8,3377.5829450738343,1,RL
22,25,13.257651946122417,14,3210.906544352466,1,Fixed
22,25,14.231368350695345,13,3079.8782588520908,1,RL
22,26,9.510553267979676,9,3557.8916194675267,1,Fixed
22,26,13.135716702394507,13,3039.5864275630597,1,RL
22,27,13.648931611562835,15,3849.083994581469,1,Fixed
22,27,13.145133053978885,13,3634.4927083158937,1,RL
22,28,8.28883213323424,10,3691.694557811982,1,Fixed
22,28,21.989378171835313,13,3994.845090802595,1,RL
22,29,21.0121033403028,15,3666.7613024818465,1,Fixed
22,29,8.977144956246022,13,3716.88763423153,1,RL
22,30,12.096234459799234,10,3405.321330615407,1,Fixed
22,30,18.651386994984016,15,3474.872278526742,1,RL
22,31,28.152332823791106,15,4119.150527262966,1,Fixed
22,31,11.776947883502384,12,3030.8334232067386,1,RL
22,32,8.576254926736851,11,3303.105134665083,1,Fixed
22,32,19.060758898892104,13,3940.5812188886007,1,RL
22,33,13.925272634598045,12,3093.727967991178,1,Fixed
22,33,16.252374669258906,18,4655.9371013384225,1,RL
22,34,15.071480617753455,14,3565.653876852335,1,Fixed
22,34,21.463082606230156,14,3782.4839447219465,1,RL
22,35,19.078850496577065,13,3994.8595947523845,1,Fixed
22,35,19.80391342990061,15,3939.1536661379832,1,RL
22,36,8.802520088015704,13,3576.9279023087556,1,Fixed
22,36,23.244767113386285,16,3474.128341019818,1,RL
22,37,15.762402593887831,12,3272.87985529633,1,Fixed
22,37,23.771310901616065,13,3700.455079488508,1,RL
22,38,14.09238155706374,15,3210.831136296379,1,Fixed
22,38,17.21293085012763,15,4669.378181918444,1,RL
22,39,9.447687898188427,12,3642.4100136673333,1,Fixed
22,39,15.23877559877435,18,4614.966749164129,1,RL
22,40,17.665835542456257,13,3301.8847306176763,1,Fixed
22,40,13.729576658253185,12,3189.284759986361,1,RL
22,41,16.817670316779903,15,3894.8605650206073,1,Fixed
22,41,16.15461506661765,16,3568.221362908407,1,RL
22,42,13.001975193515317,14,3642.3035018058094,1,Fixed
22,42,15.100987263449309,16,3804.985939305983,1,RL
22,43,20.105783329302056,10,2988.9692787848994,1,Fixed
22,43,13.327036173195106,15,4037.892962995055,1,RL
22,44,13.662720172865628,12,3468.2327942154257,1,Fixed
22,44,19.211160215635182,8,3590.403681301579,1,RL
22,45,14.138888328928166,12,3498.0891865924527,1,Fixed
22,45,15.497707226358534,21,5024.52097814919,1,RL
22,46,9.852318278025038,16,3175.0207636007885,1,Fixed
22,46,13.094486016490688,14,3074.4143045650044,1,RL
22,47,9.991373395562618,12,3060.4102567682794,1,Fixed
22,47,13.619570214561358,16,3988.605912136418,1,RL
22,48,7.607470230393572,13,3710.260881283793,1,Fixed
22,48,21.304382620621517,12,3994.1318502996523,1,RL
22,49,10.139366863293255,14,3588.6132380881704,1,Fixed
22,49,12.530363990045233,15,4124.601335809433,1,RL
22,50,20.0490825243187,12,3466.0854043213326,1,Fixed
22,50,9.240945871786577,8,3890.8751765420916,1,RL
22,51,16.380669642262774,13,4035.5067075606644,1,Fixed
22,51,13.0056694626327,16,4691.831740557979,1,RL
22,52,17.684309190828618,13,3483.3328301783267,1,Fixed
22,52,14.996974624379419,13,4612.2219334622205,1,RL
22,53,12.074755222618743,11,3476.250567340651,1,Fixed
22,53,8.864758669623246,14,3947.97300624049,1,RL
22,54,9.354635181777777,12,3310.742265916183,1,Fixed
22,54,16.0258885524811,12,2688.319479669517,1,RL
22,55,22.893346956916027,14,4236.6034056729,1,Fixed
22,55,11.307614004777196,13,3549.9211339004264,1,RL
22,56,20.257011960063842,14,3662.282309124349,1,Fixed
22,56,11.00118360479495,15,3219.110244080813,1,RL
22,57,10.653719460525068,14,3545.1579721848343,1,Fixed
22,57,10.378019604539976,13,4016.9708753124273,1,RL
22,58,8.612523775392322,12,3318.67725302443,1,Fixed
22,58,23.687909980836615,14,3987.9410550442035,1,RL
22,59,11.376515591720125,14,3464.06328234489,1,Fixed
22,59,14.866499752031999,14,4198.655464687817,1,RL
22,60,14.557480263271358,14,3453.4172578992207,1,Fixed
22,60,21.34776259383964,15,4450.57760304962,1,RL
22,61,8.648574338759726,14,3639.6161819845797,1,Fixed
22,61,9.434669261925446,16,3829.5540607947796,1,RL
22,62,11.135072966458704,14,3692.6992454737733,1,Fixed
22,62,10.983771147520198,13,3620.2229064956473,1,RL
22,63,23.20200915511811,11,3717.123170483949,1,Fixed
22,63,16.64453393766725,10,3499.744672750092,1,RL
22,64,11.13243094064214,13,3602.7835132812324,1,Fixed
22,64,8.644203873496135,13,3559.876124396245,1,RL
22,65,9.209703484125072,15,3376.4289398892943,1,Fixed
22,65,19.470813170603286,17,4963.28214256,1,RL
22,66,18.21249367774743,12,3804.6268062266554,1,Fixed
22,66,15.496349775951042,16,4205.958486399522,1,RL
22,67,13.6341815905058,13,3376.6207858072344,1,Fixed
22,67,11.48879387657728,14,3724.843442581121,1,RL
22,68,15.446318121674215,13,2913.799241838893,1,Fixed
22,68,22.24126270525951,17,4531.242509774829,1,RL
22,69,26.161712557133576,13,3641.817808804024,1,Fixed
22,69,11.921349767693787,13,3456.8890398586586,1,RL
22,70,12.359204547929803,14,3237.0827230749564,1,Fixed
22,70,13.140951543255841,13,4365.5563711735385,1,RL
22,71,17.533955221699177,16,3764.6631689493784,1,Fixed
22,71,24.928356275701177,16,4055.294187656102,1,RL
22,72,10.321316415017057,8,3583.560491681959,1,Fixed
22,72,14.69116177546062,16,3796.760598007177,1,RL
22,73,12.864603719409747,11,3564.9900218879056,1,Fixed
22,73,13.015056390357515,15,3773.251813038742,1,RL
22,74,10.322366424368898,14,4123.893916769659,1,Fixed
22,74,17.773138173703956,16,4555.408380467756,1,RL
22,75,12.38282324949191,11,3004.898141961403,1,Fixed
22,75,14.227205540986716,16,6200.959923829596,1,RL
22,76,21.948912470501217,16,3599.582632682097,1,Fixed
22,76,12.151445746367173,9,3171.2432931970775,1,RL
22,77,10.739250262809245,9,3210.515166008142,1,Fixed
22,77,8.509760711542334,15,3308.9383970054314,1,RL
22,78,11.440466004498195,11,3686.639407272462,1,Fixed
22,78,26.20421028064961,17,3961.068954752501,1,RL
22,79,19.116728891975548,12,3829.7906959627103,1,Fixed
22,79,14.767929250476675,13,3934.552496244345,1,RL
22,80,11.136488543647902,10,3582.9829567459865,1,Fixed
22,80,6.872095568475747,13,3864.065223752807,1,RL
22,81,17.626524242308207,17,3707.257469121841,1,Fixed
22,81,8.725303409086068,12,3204.2024700728753,1,RL
22,82,12.56929444575169,11,3246.016304521181,1,Fixed
22,82,28.62395603335657,19,4491.417110620198,1,RL
22,83,10.486672396500506,14,4410.105256995068,1,Fixed
22,83,8.962205939140189,14,3395.940400026102,1,RL
22,84,9.759766487385377,16,3884.6537128280643,1,Fixed
22,84,11.6728882896894,13,3604.2469793368296,1,RL
22,85,17.915224314563783,12,3349.492651621499,1,Fixed
22,85,7.902991933657111,15,3469.772723832101,1,RL
22,86,16.552722309469168,14,3935.8868802530337,1,Fixed
22,86,17.355885815799947,11,5193.48569353911,1,RL
22,87,18.209692667398606,12,4178.991471050305,1,Fixed
22,87,10.511403343769436,11,3227.6896847612707,1,RL
22,88,14.021233995272564,15,4124.754713137879,1,Fixed
22,88,15.923298897306058,16,4691.81798746907,1,RL
22,89,16.589703065235728,12,3625.865802974868,1,Fixed
22,89,9.594271947066064,16,4281.588812427804,1,RL
22,90,10.593348072208714,10,3391.389461928677,1,Fixed
22,90,14.344376788009606,8,2664.5525366713764,1,RL
22,91,12.576012042803951,7,3051.4209367247768,1,Fixed
22,91,16.388844973549098,7,3678.961575804797,1,RL
22,92,21.680389701388158,12,3234.78533587807,1,Fixed
22,92,13.363487031052793,15,3701.213639449694,1,RL
22,93,16.543365060478152,10,3568.0434415659815,1,Fixed
22,93,13.337288476296228,15,5040.347326428671,1,RL
22,94,12.770790983959461,12,3497.9468434296346,1,Fixed
22,94,20.098231160968506,15,4020.7608057830043,1,RL
22,95,12.92340671597351,9,2683.002350554044,1,Fixed
22,95,30.90788954072014,20,5437.129104114777,1,RL
22,96,12.773629635834887,14,3886.651794766079,1,Fixed
22,96,15.074124078397855,16,4274.755185407049,1,RL
22,97,12.774017438728473,11,3609.5607504562877,1,Fixed
22,97,17.250298668466364,16,3683.6319275852793,1,RL
22,98,12.839347274902675,14,3529.4543496330552,1,Fixed
22,98,9.173850584042562,15,3649.7273049121522,1,RL
22,99,11.747248361404088,11,3513.283654414164,1,Fixed
22,99,8.447221096156127,9,3186.8391709567118,1,RL
23,0,15.565800909406267,14,3882.9123349230217,1,Fixed
23,0,15.914499246712385,13,3575.3064196007144,1,RL
23,1,10.421852019413283,10,3616.681514932462,1,Fixed
23,1,17.13493949724214,7,3915.3733374031976,1,RL
23,2,9.649566264749792,15,3440.2952640005424,1,Fixed
23,2,17.903653487234212,15,4617.031561520016,1,RL
23,3,14.77324882452307,10,3568.27723021191,1,Fixed
23,3,14.301269156760696,8,3719.9039437538545,1,RL
23,4,15.364845269136804,13,3965.2125287771646,1,Fixed
23,4,13.22021835993483,11,3932.1956469210645,1,RL
23,5,8.942702636964363,14,3591.7373538098127,1,Fixed
23,5,19.770500569851773,15,5175.114181903207,1,RL
23,6,11.126338960497556,10,3474.7660374389825,1,Fixed
23,6,21.452819140098764,16,4588.952906849391,1,RL
23,7,14.18015821232721,18,4307.789140748082,1,Fixed
23,7,26.774869855442706,14,5195.448017792189,1,RL
23,8,7.169229058548934,11,3508.2951912210974,1,Fixed
23,8,10.606201155216034,16,4182.093715595689,1,RL
23,9,16.659693885451038,12,4085.150657431366,1,Fixed
23,9,13.245881229115138,9,3555.6205326038576,1,RL
23,10,22.719158271275738,13,3718.6755189198957,1,Fixed
23,10,15.097248984674522,16,4697.312466156058,1,RL
23,11,9.936133655876421,10,3330.8697434027067,1,Fixed
23,11,31.411939692346596,14,4676.6373544491835,1,RL
23,12,12.233981130180636,13,4077.438938461847,1,Fixed
23,12,12.915279682626771,15,3963.4358086040625,1,RL
23,13,18.52381867201367,12,4211.148711275874,1,Fixed
23,13,10.670387100480916,11,3646.1772032502745,1,RL
23,14,10.628410281601031,11,2913.7241502019488,1,Fixed
23,14,24.495137219785985,17,4284.866331302153,1,RL
23,15,14.144317835207323,13,3643.774234720929,1,Fixed
23,15,18.676798449819806,17,4266.732786461287,1,RL
23,16,12.031344516378738,16,3807.779149594602,1,Fixed
23,16,11.748722071127812,19,5320.004671254406,1,RL
23,17,12.550435338006817,10,3210.609314238651,1,Fixed
23,17,12.129540121343044,14,4063.8637062689913,1,RL
23,18,11.847797083114965,13,3810.7115444929677,1,Fixed
23,18,16.504080477536494,14,3490.178022522674,1,RL
23,19,25.35900917369213,13,3983.2261115754154,1,Fixed
23,19,20.647569858691625,16,4130.5834422965645,1,RL
23,20,11.444710631671736,12,3343.2521921120237,1,Fixed
23,20,10.936769409244073,14,3998.532402725908,1,RL
23,21,16.715742273153573,11,3629.167545858433,1,Fixed
23,21,9.231398506691686,14,4161.219701986264,1,RL
23,22,15.157395165937576,13,4051.1606654616794,1,Fixed
23,22,12.64325747458226,18,4671.645071941921,1,RL
23,23,11.229940339263564,9,3264.0251209236926,1,Fixed
23,23,13.532871588751387,13,3953.7697293841447,1,RL
23,24,19.990359513867972,12,3696.679194564877,1,Fixed
23,24,18.480742300031185,17,4396.637436507896,1,RL
23,25,17.944671304117797,15,3670.496724313883,1,Fixed
23,25,19.525980848350173,14,3400.879961757116,1,RL
23,26,7.867083772216416,13,3544.6365015451734,1,Fixed
23,26,15.069249132182208,16,4505.635521560329,1,RL
23,27,13.932023572957835,12,3628.667737169065,1,Fixed
23,27,10.974371222460444,13,3705.813707410386,1,RL
23,28,10.726369564249017,10,3481.593683082534,1,Fixed
23,28,26.326176338774587,16,5157.071216517506,1,RL
23,29,7.53060206184045,12,3438.483514652245,1,Fixed
23,29,17.686837181372432,13,3619.1488715382516,1,RL
23,30,11.769697502843337,14,3962.048599030427,1,Fixed
23,30,10.689749736712237,13,3806.4013268287376,1,RL
23,31,14.64281832873598,12,3376.866081533472,1,Fixed
23,31,7.702408005278696,13,3309.4382625780718,1,RL
23,32,15.643634125898052,9,3132.9560885204337,1,Fixed
23,32,13.17710080475481,14,4374.149116812045,1,RL
23,33,9.71006254935855,13,4068.3470920241975,1,Fixed
23,33,21.43504822918937,13,3888.8686080264542,1,RL
23,34,11.083491102157913,12,3302.303282456711,1,Fixed
23,34,9.822717733844367,8,3677.634626797373,1,RL
23,35,12.131473103423579,12,3397.619338062298,1,Fixed
23,35,11.383705469965227,13,3845.5757716551775,1,RL
23,36,22.332345923896884,12,4103.392965294978,1,Fixed
23,36,13.508673637413716,10,2931.394284676661,1,RL
23,37,10.99190209454147,13,4071.3529956538896,1,Fixed
23,37,25.252493198719925,14,6202.775867643477,1,RL
23,38,20.2987914388609,13,4061.79193923897,1,Fixed
23,38,15.64186008406818,18,5811.28700999396,1,RL
23,39,16.768428720320337,14,3731.1859170035978,1,Fixed
23,39,20.527987849788484,16,5745.992880931091,1,RL
23,40,19.680276622207707,13,3975.604293902579,1,Fixed
23,40,19.024352014351905,15,3637.069310568839,1,RL
23,41,10.141435268593208,15,3993.568188220311,1,Fixed
23,41,19.697571974952105,11,3660.558601043964,1,RL
23,42,9.403378191543407,14,3733.2044583135457,1,Fixed
23,42,10.5096586490404,15,5425.788245856046,1,RL
23,43,19.354944828902543,14,3879.957939946479,1,Fixed
23,43,20.460421589314212,14,4757.70181182026,1,RL
23,44,11.427616802703334,14,3780.732238209722,1,Fixed
23,44,11.402835044174548,13,4692.846740073724,1,RL
23,45,9.714951559993114,13,3536.6150697354155,1,Fixed
23,45,8.804657199036976,10,3300.7529460433198,1,RL
23,46,10.210755872202995,11,3879.0593902987994,1,Fixed
23,46,14.992819791300098,6,2818.129665408737,1,RL
23,47,20.624786562236384,16,3696.1520379096023,1,Fixed
23,47,13.543115241192515,15,3647.079764591528,1,RL
23,48,17.602775745264225,13,3479.6920042962743,1,Fixed
23,48,12.39877254685417,4,2172.6736057168114,1,RL
23,49,10.569219921909447,12,3556.19460603536,1,Fixed
23,49,15.574640402945292,9,3515.3661288596577,1,RL
23,50,16.65825836257111,12,3831.632783135196,1,Fixed
23,50,21.650837180908752,16,4667.205063859539,1,RL
23,51,10.580651869258965,12,3446.6629178817184,1,Fixed
23,51,13.265860659486162,18,4616.555719983021,1,RL
23,52,8.625197033629748,11,3645.1082594133563,1,Fixed
23,52,7.194088721246961,7,3982.4912678660075,1,RL
23,53,10.94251480768131,9,3573.526065213745,1,Fixed
23,53,12.526457293241473,14,5166.900734578245,1,RL
23,54,19.454328519098063,10,3833.7956130319435,1,Fixed
23,54,16.11192106576776,12,4243.369631383592,1,RL
23,55,9.851943186109482,8,3370.7701873328297,1,Fixed
23,55,12.926501906285074,11,3910.8927808720687,1,RL
23,56,10.208736720397253,14,3508.653606253105,1,Fixed
23,56,8.970591021713576,12,4037.586062271371,1,RL
23,57,9.888330150309034,14,3674.541796960843,1,Fixed
23,57,13.869652180175887,14,4033.8989915913403,1,RL
23,58,12.372388715318142,11,3585.702141453495,1,Fixed
23,58,9.860463252763141,9,3442.4718465923856,1,RL
23,59,10.133874111154523,10,4122.012734879503,1,Fixed
23,59,14.434757348013443,17,3948.6473777680526,1,RL
23,60,10.514892873053089,14,3548.868208883805,1,Fixed
23,60,21.8824873075234,19,4457.766251151227,1,RL
23,61,14.0534983377303,14,3512.4586231717217,1,Fixed
23,61,18.001618933655912,14,4595.7878378491305,1,RL
23,62,10.900080279950648,11,3616.276238073106,1,Fixed
23,62,20.901224264134903,20,5885.822633878331,1,RL
23,63,18.228903718589812,19,4155.653925781737,1,Fixed
23,63,25.66328740553474,16,4385.2037349131615,1,RL
23,64,13.361013303680597,12,3539.9212283710553,1,Fixed
23,64,12.351337780717124,14,4121.010198301652,1,RL
23,65,14.070457018705813,11,3642.2176365220885,1,Fixed
23,65,16.46760567838105,14,4398.954967200485,1,RL
23,66,16.079576452251214,10,3200.004316795944,1,Fixed
23,66,17.752050378085617,15,3512.3039866372956,1,RL
23,67,19.114730335019093,12,3988.472603335743,1,Fixed
23,67,13.013775696323686,11,3974.0333436209808,1,RL
23,68,24.866025526424863,12,3594.7709600445874,1,Fixed
23,68,19.405311802974833,17,4993.606220309885,1,RL
23,69,12.231973941829427,13,3825.252913776049,1,Fixed
23,69,9.064079752417332,14,4042.264196746413,1,RL
23,70,11.595258122300349,12,3672.1217649706414,1,Fixed
23,70,14.891507343261077,15,3575.8923384180457,1,RL
23,71,14.154135370619974,13,3870.515257396623,1,Fixed
23,71,23.576173888427395,12,3562.590401184005,1,RL
23,72,21.074981753931848,14,3579.703761190576,1,Fixed
23,72,17.201201213400967,15,5011.975123941146,1,RL
23,73,14.730209772237036,11,3393.841435357934,1,Fixed
23,73,11.871328166279232,17,4338.7355705572345,1,RL
23,74,24.09101753853206,15,4203.010831281828,1,Fixed
23,74,21.534520526878442,15,4194.229839080592,1,RL
23,75,15.983385570323744,10,3911.888768821481,1,Fixed
23,75,12.53743890890978,13,4507.49346428896,1,RL
23,76,16.340188296558757,14,3545.8717948550925,1,Fixed
23,76,13.694567338188198,15,4325.883412997584,1,RL
23,77,11.471892977423481,14,3850.870795437533,1,Fixed
23,77,17.086777709462233,12,3932.8397533661887,1,RL
23,78,30.042073742424684,12,3918.2138435328065,1,Fixed
23,78,19.68395465797078,6,3361.8883217062553,1,RL
23,79,12.94892748069743,16,4400.446714626765,1,Fixed
23,79,27.567927124848893,16,4470.084122164157,1,RL
23,80,17.78581664733236,9,3616.2530196393445,1,Fixed
23,80,11.464851810482415,12,5354.2777801242455,1,RL
23,81,22.492097509336784,16,3952.428041469606,1,Fixed
23,81,17.445424952699675,16,5136.845208725853,1,RL
23,82,23.398129486541286,14,3596.992140366373,1,Fixed
23,82,13.997265205288357,17,4585.86684544227,1,RL
23,83,26.180731417253998,14,4274.341277715412,1,Fixed
23,83,15.606531210210338,15,4230.646342205848,1,RL
23,84,17.411694862993137,12,3363.198820333643,1,Fixed
23,84,18.942245140443813,14,3887.3410830915127,1,RL
23,85,9.94585963886112,12,3721.496302684429,1,Fixed
23,85,20.605970067043803,12,4443.637488471501,1,RL
23,86,14.099874696760088,14,4511.470730426605,1,Fixed
23,86,18.01622091445883,12,4057.391238762949,1,RL
23,87,16.41334055499796,14,3865.543286954607,1,Fixed
23,87,11.192537253960039,11,3254.4950207844304,1,RL
23,88,13.313757028823474,12,3567.62044898814,1,Fixed
23,88,10.693557448558774,13,3465.698123758168,1,RL
23,89,15.202622724864204,11,3383.962924695594,1,Fixed
23,89,21.283022652770978,10,3810.658231034364,1,RL
23,90,17.877657222180098,13,3580.458536532359,1,Fixed
23,90,20.22387606337691,15,3877.1426306142776,1,RL
23,91,9.495544315502688,13,3492.448957386746,1,Fixed
23,91,17.11266151235299,16,4125.707575202808,1,RL
23,92,16.475814543591124,10,3379.1063015033656,1,Fixed
23,92,16.192689992224157,14,4131.653468713315,1,RL
23,93,18.580847145604462,14,3960.1391538424587,1,Fixed
23,93,9.694814335297238,10,3480.7990282823225,1,RL
23,94,23.576952123573157,16,4314.307914888218,1,Fixed
23,94,23.48741481878992,19,5149.054203170944,1,RL
23,95,17.280932015080825,12,3945.9977528837394,1,Fixed
23,95,12.13015360779491,14,3651.2499555106533,1,RL
23,96,16.50622583810618,12,3488.000629614145,1,Fixed
23,96,10.941985149630842,14,3903.3279065124266,1,RL
23,97,23.14824662140721,13,4094.3582039105468,1,Fixed
23,97,12.829066399365757,10,3690.5317430494524,1,RL
23,98,11.059242825226054,9,3134.1364261419117,1,Fixed
23,98,36.68694275628635,17,5335.592048703943,1,RL
23,99,11.321277476418189,14,3352.136034023218,1,Fixed
23,99,12.545557658546974,12,3660.35194637132,1,RL
24,0,18.212748072674728,14,3666.053529433615,1,Fixed
24,0,14.910311508230649,13,3956.4307961500203,1,RL
24,1,15.002737177023803,13,3716.7383013219705,1,Fixed
24,1,23.71497015333116,17,4620.247451301424,1,RL
24,2,8.811049982367685,12,3459.711259403611,1,Fixed
24,2,10.477745662231339,9,3329.6539235054934,1,RL
24,3,13.744955878486746,12,4278.6491328826205,1,Fixed
24,3,12.713651314881899,14,4379.323558309682,1,RL
24,4,9.511578318748343,13,3764.270677516619,1,Fixed
24,4,17.385027024727346,14,5407.434803680085,1,RL
24,5,19.351149653883656,13,4323.674523698009,1,Fixed
24,5,14.40046940760312,14,3977.6811688810017,1,RL
24,6,23.94359738414486,10,4268.744505426379,1,Fixed
24,6,17.96207564414255,14,3947.9793191094695,1,RL
24,7,12.73179054519438,15,4215.723173712644,1,Fixed
24,7,10.863363750548755,14,3706.1251947538667,1,RL
24,8,12.78814884217564,12,3771.405248744393,1,Fixed
24,8,20.365165583256402,16,4320.339450272057,1,RL
24,9,10.90992369508863,11,3570.9063784732557,1,Fixed
24,9,13.793450727031148,12,3934.2112725290767,1,RL
24,10,11.357715812131062,11,3750.931885586553,1,Fixed
24,10,9.686990146604472,12,5636.7746983789875,1,RL
24,11,15.31927920306779,14,3816.182151458947,1,Fixed
24,11,16.96480327511853,14,4084.6759811368547,1,RL
24,12,18.95179485033602,14,3546.026544824295,1,Fixed
24,12,10.913300687802309,15,4811.153020762644,1,RL
24,13,14.499077392294726,12,3635.970008576657,1,Fixed
24,13,8.369596826045553,14,3405.410032184203,1,RL
24,14,14.459895910381253,11,3482.8977441713214,1,Fixed
24,14,17.315865618179828,12,4320.243205656765,1,RL
24,15,9.767954177081483,17,3973.625592732254,1,Fixed
24,15,20.376141390729664,15,4763.010475928205,1,RL
24,16,9.995334059248858,12,3560.4224576123793,1,Fixed
24,16,15.548941783934913,11,3866.997387014956,1,RL
24,17,14.16004245335373,11,3752.7420708295217,1,Fixed
24,17,11.751275215948086,13,3615.1796677930743,1,RL
24,18,9.225827361553351,12,3736.1936499071894,1,Fixed
24,18,18.235001197511814,12,4237.660193823128,1,RL
24,19,9.23948307553989,14,3872.5848764424954,1,Fixed
24,19,17.015386075423425,17,4449.951599423299,1,RL
24,20,6.615612561258487,8,3640.511008042083,1,Fixed
24,20,20.138420078449645,12,5200.458076993081,1,RL
24,21,16.42857824052906,16,4165.390535989936,1,Fixed
24,21,10.947400095875768,11,3742.400624695843,1,RL
24,22,13.587630093964856,13,4038.5466052151633,1,Fixed
24,22,15.954664775280255,15,4250.880247490124,1,RL
24,23,10.230840965414723,14,3781.3412326177436,1,Fixed
24,23,14.978998352911304,15,3823.5615454555846,1,RL
24,24,10.929273940271766,15,4050.34490315975,1,Fixed
24,24,15.35824114447097,16,4290.708439538558,1,RL
24,25,24.026940038534843,11,4292.9686646428545,1,Fixed
24,25,12.931255322862677,15,4554.894042360255,1,RL
24,26,13.882741515933613,10,3472.1194644717693,1,Fixed
24,26,17.26555892702772,14,5778.72324230959,1,RL
24,27,12.383172788642495,13,3552.572052572176,1,Fixed
24,27,19.94365379837439,13,4669.593070826453,1,RL
24,28,11.978197888912643,10,3688.8857326152247,1,Fixed
24,28,12.10711973789158,12,3898.6386903725893,1,RL
24,29,16.733196188577672,11,3678.281383289608,1,Fixed
24,29,10.466437984482587,13,3959.8409995805137,1,RL
24,30,14.132040033039269,13,4166.102070848903,1,Fixed
24,30,12.269968350713308,10,3826.224957434064,1,RL
24,31,20.054927141843912,9,3525.7514627908527,1,Fixed
24,31,14.008279353348152,14,3692.177851145519,1,RL
24,32,14.069135093591012,10,3664.4468617410266,1,Fixed
24,32,16.0123399005633,11,4172.40313877125,1,RL
24,33,23.093438533849554,11,3990.9661141354673,1,Fixed
24,33,24.642879413338854,16,4597.929178861528,1,RL
24,34,12.179405491676894,14,3814.042852049942,1,Fixed
24,34,10.241716400716241,15,3831.463189130719,1,RL
24,35,14.754677895960148,10,3677.5643015894443,1,Fixed
24,35,12.058301225815015,14,4544.259446150024,1,RL
24,36,14.429424451819523,14,3877.6246392403955,1,Fixed
24,36,22.02874443197637,19,5188.715233538186,1,RL
24,37,15.880627860978588,13,3569.4743561789637,1,Fixed
24,37,16.758398317042257,12,3941.865432781709,1,RL
24,38,14.23371448293249,15,4238.991688439543,1,Fixed
24,38,16.07264735601396,15,4102.118929464394,1,RL
24,39,8.184952269485887,10,3694.101103388192,1,Fixed
24,39,10.282609785686324,16,5170.480121769625,1,RL
24,40,19.894528671643695,10,3359.8199366954245,1,Fixed
24,40,16.240558138208648,19,5297.532352078367,1,RL
24,41,10.635050915656363,14,3638.498744563984,1,Fixed
24,41,12.807007835062729,13,4220.461965329344,1,RL
24,42,8.710691655557268,14,3837.5215424056955,1,Fixed
24,42,11.622643136475046,17,3931.86179300565,1,RL
24,43,16.120284242601844,14,4061.0871389006325,1,Fixed
24,43,24.165520639694535,19,5826.816584317511,1,RL
24,44,17.748405504002008,12,3534.699651719946,1,Fixed
24,44,16.49932602410852,15,4335.397762063458,1,RL
24,45,9.164399137853238,17,3908.2939316589623,1,Fixed
24,45,12.770370282614888,13,4314.773247724423,1,RL
24,46,10.295092078471935,13,3827.3994449166353,1,Fixed
24,46,15.078336009816827,16,3831.2894842004166,1,RL
24,47,12.411567965496221,15,3807.869116633517,1,Fixed
24,47,13.993948537460023,14,4283.689863043943,1,RL
24,48,11.360947375438675,14,4100.738710144683,1,Fixed
24,48,10.350458109769592,13,3286.0056018045616,1,RL
24,49,9.905812853467182,13,3414.0790983996103,1,Fixed
24,49,16.019954567479044,12,4101.38895340448,1,RL
24,50,9.94015649231812,13,3669.36624659509,1,Fixed
24,50,15.951009989003927,12,4144.338928508211,1,RL
24,51,12.698739762628433,13,4288.443977717364,1,Fixed
24,51,8.11491800493681,9,3559.1920055799724,1,RL
24,52,12.467675969257277,15,3907.99569059671,1,Fixed
24,52,22.069780936074743,11,3716.32646036141,1,RL
24,53,13.399564447525417,14,3774.1971374012037,1,Fixed
24,53,26.811089125333673,19,5542.874385142193,1,RL
24,54,13.50935192505533,12,3964.295167298656,1,Fixed
24,54,26.823941683531256,15,4694.437177918545,1,RL
24,55,8.237131787143486,14,4307.254298764905,1,Fixed
24,55,16.428390200367232,11,3935.7538902348456,1,RL
24,56,12.465719346943494,11,3356.352157955981,1,Fixed
24,56,10.268596477930119,14,4183.469385390883,1,RL
24,57,12.67548827240413,13,4075.9919745150646,1,Fixed
24,57,19.00407046119801,14,4124.977883792827,1,RL
24,58,17.645918517657528,15,3838.305750628072,1,Fixed
24,58,9.980481121320526,12,3774.6622416454097,1,RL
24,59,15.769004369566108,13,3950.7127613073735,1,Fixed
24,59,15.973176420345581,13,3505.3526427387155,1,RL
24,60,11.698016824180502,14,3678.906717651184,1,Fixed
24,60,21.988010913568978,16,4487.273487019945,1,RL
24,61,14.416820050830642,10,3791.78001204574,1,Fixed
24,61,13.918362031388742,16,4315.016052164668,1,RL
24,62,9.788674793590927,14,3516.884722238069,1,Fixed
24,62,17.539409389437004,19,6312.599617592863,1,RL
24,63,28.487948292407832,13,3334.5897923799735,1,Fixed
24,63,22.32182393366505,16,5184.515394706212,1,RL
24,64,26.774507622187866,14,4548.13377557736,1,Fixed
24,64,14.694073173120263,12,4025.796302623998,1,RL
24,65,18.129181903704904,12,3712.448750069372,1,Fixed
24,65,24.696224668468407,16,5335.203667069476,1,RL
24,66,20.661723438901888,15,4237.801006666097,1,Fixed
24,66,13.473170888763368,12,3565.1205170670546,1,RL
24,67,17.827139810913447,10,3787.228957770455,1,Fixed
24,67,30.31147373385796,10,4566.081459412878,1,RL
24,68,18.60623233125612,14,3897.3873921684403,1,Fixed
24,68,23.888483763118607,16,4282.578417865841,1,RL
24,69,15.361321162877658,9,4207.257356275877,1,Fixed
24,69,11.230882297231148,24,4413.1992963820185,1,RL
24,70,8.153805758354522,7,2853.157369058549,1,Fixed
24,70,12.297217539350866,14,4235.581627360523,1,RL
24,71,11.042277805041413,14,3714.2553224396183,1,Fixed
24,71,13.869230330697002,13,3722.138655158383,1,RL
24,72,17.691189991499286,12,3538.2697423774994,1,Fixed
24,72,14.25029350099776,21,4324.282554954917,1,RL
24,73,23.030952684656878,15,3945.7753064003005,1,Fixed
24,73,11.413180235320999,20,4472.972634341234,1,RL
24,74,9.298934502181666,11,3560.9905350773533,1,Fixed
24,74,29.470155849040644,14,4612.920382897039,1,RL
24,75,10.783514473942468,10,3584.3726996581822,1,Fixed
24,75,19.466646364863674,16,5217.384342685669,1,RL
24,76,14.320876594653106,14,4074.0488606667886,1,Fixed
24,76,12.821805037531334,15,4594.929822664121,1,RL
24,77,19.98720069612915,14,3744.898819678999,1,Fixed
24,77,11.088667304499818,13,4079.0484413909817,1,RL
24,78,15.399878640207913,14,3947.5751223120087,1,Fixed
24,78,13.120382180229118,14,4552.237485378497,1,RL
24,79,8.557798391596613,13,3625.2972159847304,1,Fixed
24,79,11.923314432739144,12,3893.2167124510247,1,RL
24,80,12.756713310721105,12,3920.2741311327177,1,Fixed
24,80,14.433312082612058,15,4887.447054655516,1,RL
24,81,10.678813987648565,14,4010.8853662975694,1,Fixed
24,81,25.277593322695207,18,4487.460335253957,1,RL
24,82,14.482926230592685,14,4176.883856914702,1,Fixed
24,82,8.951232621428748,14,4363.542382524678,1,RL
24,83,13.762088433226785,12,3801.686740532495,1,Fixed
24,83,12.403975585035955,15,3936.698546750931,1,RL
24,84,16.003449645265658,14,3619.6735444534347,1,Fixed
24,84,15.347814879741733,12,4742.920092570199,1,RL
24,85,7.4281992074593575,6,2940.5038685150103,1,Fixed
24,85,17.952944439802746,15,4126.16494732176,1,RL
24,86,20.465852213348192,13,4647.422013071484,1,Fixed
24,86,20.43246120920932,16,4248.480659707843,1,RL
24,87,12.101682881278355,12,3796.402293330849,1,Fixed
24,87,21.397075069775585,15,5122.114202764507,1,RL
24,88,21.390153351493318,14,3484.6361755030066,1,Fixed
24,88,10.940602410616801,14,4333.349655330725,1,RL
24,89,15.708724862258928,15,4214.669098858716,1,Fixed
24,89,8.589470875872177,13,4303.037328741483,1,RL
24,90,10.65379336487737,16,4431.182216275927,1,Fixed
24,90,26.678490334977823,16,4896.546596444969,1,RL
24,91,14.81846873538447,14,3800.809940443701,1,Fixed
24,91,15.50606144510545,14,4512.673096787156,1,RL
24,92,14.850005488355208,13,3675.176304985311,1,Fixed
24,92,21.011077593010757,16,4221.216800083157,1,RL
24,93,16.71557363703189,17,4083.0081825900565,1,Fixed
24,93,18.269997866729266,15,4946.573534457704,1,RL
24,94,10.108043931058825,13,3686.8760667656857,1,Fixed
24,94,18.118241616466346,17,5564.070682958252,1,RL
24,95,11.141509969247338,9,3644.061371758344,1,Fixed
24,95,12.98315532317855,15,4563.918040124612,1,RL
24,96,10.750934048552587,14,3724.256570401175,1,Fixed
24,96,13.664433048501241,13,3995.385459393147,1,RL
24,97,10.477194349054361,13,3603.5486590399955,1,Fixed
24,97,9.292821829069968,14,4574.766340711982,1,RL
24,98,20.091416656966018,11,3933.3308863053103,1,Fixed
24,98,24.34615684427548,12,4494.819159540703,1,RL
24,99,12.369854402576385,11,3731.815063740288,1,Fixed
24,99,26.77784217406857,15,4874.3446410942315,1,RL
25,0,11.318821150727878,13,3606.642177560003,1,Fixed
25,0,11.906657335131877,12,3820.5466736146823,1,RL
25,1,11.369868066769076,12,4118.985413538964,1,Fixed
25,1,15.07069632010057,14,3835.782924966947,1,RL
25,2,16.687051438634906,11,3486.7201047859276,1,Fixed
25,2,10.660133426048255,12,4376.232357813016,1,RL
25,3,10.028270457972194,9,3635.5167144146753,1,Fixed
25,3,15.793053889359545,14,4288.20086814911,1,RL
25,4,7.476809492840388,14,3817.3488197760903,1,Fixed
25,4,14.137252324089573,13,3799.2206851436385,1,RL
25,5,9.87437807957856,14,4490.649796112815,1,Fixed
25,5,21.41157710448778,18,5969.1265564424075,1,RL
25,6,16.328882082309228,14,4220.561250244595,1,Fixed
25,6,14.531784422896596,13,4056.9312680053927,1,RL
25,7,18.44815926560367,14,3990.065481215715,1,Fixed
25,7,9.069860241563134,11,3738.5302036107964,1,RL
25,8,16.11791604190268,13,4039.5460236548092,1,Fixed
25,8,13.797103694097974,18,5591.501459099613,1,RL
25,9,10.248145564697554,17,4372.769086331452,1,Fixed
25,9,12.639571906284784,12,4389.296048337027,1,RL
25,10,18.53992267621607,14,3926.5062079422955,1,Fixed
25,10,22.49991684066302,12,4747.355744767496,1,RL
25,11,8.546620620785074,11,3750.1035808871006,1,Fixed
25,11,9.563562524486873,8,3486.7964533937893,1,RL
25,12,14.260825121496774,13,4020.195286816958,1,Fixed
25,12,10.245051764785016,14,4333.571852756272,1,RL
25,13,12.337133677038342,12,3676.0945759001297,1,Fixed
25,13,13.018375100214408,13,4156.731156716072,1,RL
25,14,27.344356748800607,11,4128.915267795578,1,Fixed
25,14,11.771680518682029,17,4200.275619946065,1,RL
25,15,10.461985560120059,16,4356.7884104340055,1,Fixed
25,15,22.659897824958886,10,4182.741617319402,1,RL
25,16,12.807217221186153,12,3695.235399322336,1,Fixed
25,16,16.420030380192546,18,4954.981988794032,1,RL
25,17,13.376388981946821,10,3704.2422548348673,1,Fixed
25,17,14.902097721622331,15,4190.343485786882,1,RL
25,18,9.60619329860127,13,4246.153853176921,1,Fixed
25,18,14.952230514942396,12,4328.436526277342,1,RL
25,19,10.819176553690149,10,3873.03750407759,1,Fixed
25,19,36.29136622045026,13,5104.939603603356,1,RL
25,20,19.249263024633443,11,4047.5415983641496,1,Fixed
25,20,14.360768002011266,15,4670.384507968617,1,RL
25,21,13.998731956004244,13,3861.4435806170404,1,Fixed
25,21,24.396826196711935,12,5079.854185535347,1,RL
25,22,12.696400383853177,15,4084.7390194728987,1,Fixed
25,22,14.369545970007016,12,4455.3050338741095,1,RL
25,23,11.100693417224196,13,4176.406754047544,1,Fixed
25,23,17.055987039668256,15,4155.571624577451,1,RL
25,24,22.367988975589693,15,4288.761986991616,1,Fixed
25,24,12.46800704501388,12,3549.9444087204315,1,RL
25,25,23.41223759189764,15,3791.44334680528,1,Fixed
25,25,12.575942965302426,12,4305.662323401319,1,RL
25,26,16.930627301362307,9,3908.621380304063,1,Fixed
25,26,21.11009907929548,16,4770.406988942625,1,RL
25,27,14.059157021467943,11,3796.366122631227,1,Fixed
25,27,11.756961002493359,16,4513.525319626846,1,RL
25,28,14.753947564897498,12,3660.2160833472335,1,Fixed
25,28,13.32567904727496,8,3484.4145766824104,1,RL
25,29,12.068490988206577,9,3576.5900554664286,1,Fixed
25,29,10.210573885552346,13,4198.316933298696,1,RL
25,30,12.712999077564007,13,3746.3637438296073,1,Fixed
25,30,9.469617637301114,13,3797.5107634804713,1,RL
25,31,10.853908002553647,15,4235.4275034947095,1,Fixed
25,31,14.131130168471643,13,4627.276515128877,1,RL
25,32,9.175309342030015,13,4150.724879822184,1,Fixed
25,32,23.07101561894609,12,4943.27633867152,1,RL
25,33,10.403392781531966,8,3277.1031775203683,1,Fixed
25,33,16.580727833291558,13,3770.2356381075183,1,RL
25,34,10.20784288537174,13,4560.406951565655,1,Fixed
25,34,16.477820233909036,13,4540.506065557845,1,RL
25,35,10.649171300075126,13,4298.06104939327,1,Fixed
25,35,18.924878135526487,16,4797.158313923193,1,RL
25,36,11.543802836533136,15,3775.8894453787257,1,Fixed
25,36,16.96824094054488,16,4490.648154541045,1,RL
25,37,7.611495048166292,13,4209.850482726976,1,Fixed
25,37,17.813738944204843,15,5255.745800247076,1,RL
25,38,8.951601650164513,14,4162.425311622124,1,Fixed
25,38,9.686225306026866,6,3046.3363689169178,1,RL
25,39,8.386950198806856,8,3785.3609954972935,1,Fixed
25,39,14.743075544071669,16,4962.727145004894,1,RL
25,40,10.968987079795143,12,4222.486945840797,1,Fixed
25,40,17.93444997807996,14,4386.4889848234725,1,RL
25,41,22.819798235550287,14,4021.159041142112,1,Fixed
25,41,9.625734050563741,13,3451.7825001186575,1,RL
25,42,9.337478426435208,12,3495.7760381300523,1,Fixed
25,42,28.49113638016026,17,5588.342563908473,1,RL
25,43,10.920605045613481,15,4275.391572530591,1,Fixed
25,43,9.479001409154865,15,5168.174792131604,1,RL
25,44,7.751998515261666,9,3714.9082659689934,1,Fixed
25,44,11.362042455964293,16,4321.01184319684,1,RL
25,45,27.084411766097514,13,4387.411535729185,1,Fixed
25,45,22.019887034876767,15,4322.309912804036,1,RL
25,46,9.710391660936201,14,3805.256782288864,1,Fixed
25,46,11.462372066545162,13,4946.3904010617225,1,RL
25,47,14.242315578794376,12,4085.5305828297855,1,Fixed
25,47,17.621048612935947,15,4896.917782514905,1,RL
25,48,13.110372178272957,14,3824.9499880528892,1,Fixed
25,48,12.635978634564728,15,4636.032202406618,1,RL
25,49,17.539559966914616,14,4133.886733687174,1,Fixed
25,49,11.858666289039707,14,5029.73580610499,1,RL
25,50,15.923027978819183,14,4170.6733848942295,1,Fixed
25,50,15.326012291412919,13,4159.5757528068225,1,RL
25,51,23.00223041393696,15,4320.684299317039,1,Fixed
25,51,32.60351895107649,12,5562.647801834691,1,RL
25,52,20.21992502772792,10,4277.8958486039,1,Fixed
25,52,14.731379622753527,17,4641.60872893297,1,RL
25,53,12.432783567631313,13,4021.480142878467,1,Fixed
25,53,15.689959906865766,16,4958.61455179787,1,RL
25,54,7.673839837039115,17,4318.300194777034,1,Fixed
25,54,10.369131666227506,13,4963.647071089747,1,RL
25,55,9.482940961238501,14,4372.915516306753,1,Fixed
25,55,7.9900813158414525,12,3398.5451444780733,1,RL
25,56,12.211084026491218,14,3881.1095402074925,1,Fixed
25,56,13.881312938737645,13,4027.0317606197123,1,RL
25,57,9.657671333576543,12,3862.1871752703514,1,Fixed
25,57,9.775714432949451,11,4189.362701026073,1,RL
25,58,8.455291908825917,14,3868.83939443745,1,Fixed
25,58,15.70249913241374,11,3812.736821913277,1,RL
25,59,16.67567149205824,11,4504.119146552119,1,Fixed
25,59,8.76222366098747,12,3892.883539886724,1,RL
25,60,8.511005290205619,11,3913.203488110945,1,Fixed
25,60,22.82530551711388,14,4044.196723893569,1,RL
25,61,9.758317408668594,10,4427.997040048707,1,Fixed
25,61,27.471615086757925,18,5552.959713828987,1,RL
25,62,14.891390815415548,14,4257.4938808608995,1,Fixed
25,62,15.18564294991181,15,4349.089067784319,1,RL
25,63,9.071698784364708,13,3905.258304704027,1,Fixed
25,63,18.70752282764215,19,4980.557353081665,1,RL
25,64,13.136848610244366,13,3831.530834801749,1,Fixed
25,64,13.644110015713826,13,4447.891951787533,1,RL
25,65,12.270255854712536,13,3908.806853848668,1,Fixed
25,65,12.779971620290684,15,4525.464922893287,1,RL
25,66,15.142353138369481,11,3339.7832778048223,1,Fixed
25,66,10.221368157446802,16,4905.550638835775,1,RL
25,67,17.41713710122265,13,3905.116197203532,1,Fixed
25,67,7.8629588311962735,11,4201.572907137761,1,RL
25,68,16.679426171939394,12,3931.0552102539914,1,Fixed
25,68,26.763586563660425,14,4881.630877097965,1,RL
25,69,18.74643059297601,14,4159.458752805302,1,Fixed
25,69,9.407278395170675,12,4563.050635496768,1,RL
25,70,12.120755497296766,12,3568.5686792785173,1,Fixed
25,70,11.152665712165703,17,4614.484377447767,1,RL
25,71,11.072412964107368,9,3768.846234583629,1,Fixed
25,71,13.888683444120947,13,4893.943122962644,1,RL
25,72,17.63893828855342,13,4487.50595349113,1,Fixed
25,72,11.167735397009851,9,3066.268577584212,1,RL
25,73,13.46992099673715,13,4379.355436005666,1,Fixed
25,73,13.771797579075983,13,4745.6232441356815,1,RL
25,74,11.866704933600413,15,4016.833000007115,1,Fixed
25,74,17.839302445016546,16,4612.574192452975,1,RL
25,75,16.31880307597502,12,4821.527247464345,1,Fixed
25,75,18.966134174790632,10,4593.143198675415,1,RL
25,76,14.45029773808135,15,4402.3263038766245,1,Fixed
25,76,12.758314852357735,15,4394.535139907591,1,RL
25,77,12.916770586650731,15,3741.683878927523,1,Fixed
25,77,21.743832523238204,14,4494.818666867833,1,RL
25,78,11.319860262696512,14,4153.90626809125,1,Fixed
25,78,20.34576183621089,10,4846.137850930493,1,RL
25,79,9.395412594705634,14,3891.43015248108,1,Fixed
25,79,8.692844417444464,13,4107.045983175585,1,RL
25,80,11.244368648039657,11,3400.81184561015,1,Fixed
25,80,14.036316173820143,13,3951.4347414370213,1,RL
25,81,12.157966939930331,13,3835.745272774854,1,Fixed
25,81,10.479644580352476,10,4074.856980390945,1,RL
25,82,12.62133859749038,14,3758.7915544492516,1,Fixed
25,82,13.013615199683173,15,4289.19711667739,1,RL
25,83,17.62810195415337,11,4259.732253203266,1,Fixed
25,83,14.75848870138089,14,4238.281468956614,1,RL
25,84,10.185392094547158,11,3969.75940260933,1,Fixed
25,84,13.696596709863067,14,4154.538801517129,1,RL
25,85,11.839264350782404,13,3902.029551008529,1,Fixed
25,85,12.541272841616626,13,4502.487380486148,1,RL
25,86,13.340352362817663,9,3790.073658329397,1,Fixed
25,86,24.441710800022378,14,4817.27710585617,1,RL
25,87,14.746969646552056,17,4496.698610063512,1,Fixed
25,87,17.150559061856075,14,3715.857270632188,1,RL
25,88,25.001944104610835,13,4321.725505797078,1,Fixed
25,88,11.104399597785445,16,4056.93240052619,1,RL
25,89,22.51031568537811,14,3915.2948083797683,1,Fixed
25,89,11.55108742578227,10,3634.6557356628587,1,RL
25,90,29.07610467848187,16,4610.188097980485,1,Fixed
25,90,11.356223859680142,12,4124.103455890271,1,RL
25,91,14.782645528476502,13,3638.670412552874,1,Fixed
25,91,21.81620973607973,16,4339.907045119972,1,RL
25,92,7.797103625766378,13,3777.116191057366,1,Fixed
25,92,12.519772454867944,11,3412.977668795249,1,RL
25,93,12.139029363837023,12,4068.070293324414,1,Fixed
25,93,17.846873411159486,10,4390.831253106763,1,RL
25,94,17.729791026155556,13,3804.4941818447564,1,Fixed
25,94,16.18416754320356,8,4063.897694601949,1,RL
25,95,10.119362929190268,10,4122.58106923748,1,Fixed
25,95,9.382775726020379,13,4415.475542066679,1,RL
25,96,17.841703232600302,11,3880.0288049672818,1,Fixed
25,96,22.916881239525143,16,5757.791233819931,1,RL
25,97,10.706169931822355,15,4078.6037763772783,1,Fixed
25,97,11.109744356263509,17,5719.2781190634005,1,RL
25,98,9.983028514526255,14,4343.5261668357325,1,Fixed
25,98,13.568207110976065,17,4383.47824743956,1,RL
25,99,14.5266893412365,12,4297.569895724669,1,Fixed
25,99,12.057811842132606,16,5162.629612864851,1,RL
26,0,9.190368397040851,13,4113.561508046035,1,Fixed
26,0,17.893946178164306,15,4030.218251080204,1,RL
26,1,14.44905149048293,14,4278.075319181903,1,Fixed
26,1,13.466227746483918,12,3847.2590557841045,1,RL
26,2,15.086706534258543,11,4079.2357838370062,1,Fixed
26,2,17.091820077837095,13,5104.833222875048,1,RL
26,3,8.789611132674901,11,4240.091124940047,1,Fixed
26,3,8.766071714931929,10,3845.5774006184297,1,RL
26,4,8.788399991999142,10,4226.694104828685,1,Fixed
26,4,14.433887075279468,14,4513.930484974994,1,RL
26,5,11.127133454979425,16,4753.333827614501,1,Fixed
26,5,17.82856424425688,14,4638.560833684235,1,RL
26,6,15.219017842423218,14,4466.621770163809,1,Fixed
26,6,11.869509754276887,16,3814.8682012849326,1,RL
26,7,11.586779328060569,13,4169.608036856917,1,Fixed
26,7,11.551592291223152,13,4060.1685952012062,1,RL
26,8,10.714999169772067,15,3668.795637119574,1,Fixed
26,8,10.286636366830214,16,4797.576569262037,1,RL
26,9,20.82667613275253,14,4117.132718624289,1,Fixed
26,9,18.730128228391553,10,4065.473547494087,1,RL
26,10,9.772624867382463,14,4211.772411325704,1,Fixed
26,10,11.018592830036306,10,4245.17858592713,1,RL
26,11,11.87630911648446,13,4403.351334958561,1,Fixed
26,11,16.213396492075297,12,4780.424710440186,1,RL
26,12,12.481749352701431,14,3791.1886454056043,1,Fixed
26,12,20.03605578871624,13,4761.601781433136,1,RL
26,13,8.744883434800883,11,3540.199091197511,1,Fixed
26,13,8.185278853398218,13,4290.871603975766,1,RL
26,14,16.13381940214494,15,4566.909059979067,1,Fixed
26,14,15.50467094167789,10,4249.837937233995,1,RL
26,15,14.46285631077755,14,4512.898215710414,1,Fixed
26,15,19.609098012264077,16,5247.857165487724,1,RL
26,16,17.27376889315372,16,4671.239749989158,1,Fixed
26,16,13.323072903515499,15,4920.7721962845735,1,RL
26,17,8.674521491699473,11,3583.0258553815147,1,Fixed
26,17,22.465618915747864,14,5373.26236957451,1,RL
26,18,23.114362663953166,11,4383.071548683773,1,Fixed
26,18,10.836130298919073,13,4243.4329941800215,1,RL
26,19,11.91891660103288,13,4168.50403673963,1,Fixed
26,19,17.284835650198243,13,4295.833569908395,1,RL
26,20,14.65446557270091,13,4333.857972862171,1,Fixed
26,20,11.052205188035193,16,4412.933369160546,1,RL
26,21,22.687134189063613,14,4917.352819046073,1,Fixed
26,21,11.357418247732681,15,4749.656519028845,1,RL
26,22,13.759854379021126,15,4321.147104723937,1,Fixed
26,22,11.9172731488762,12,4212.111330386613,1,RL
26,23,11.871083608193462,11,4037.729486941131,1,Fixed
26,23,16.819790698802485,11,4184.88308089549,1,RL
26,24,21.99366195745091,15,4457.9783551182245,1,Fixed
26,24,17.10558047300194,10,4917.936212154633,1,RL
26,25,12.703599944084678,13,4142.306930059332,1,Fixed
26,25,11.402182571510467,12,4113.255217454411,1,RL
26,26,8.746816622889003,10,4036.6930834849686,1,Fixed
26,26,14.531781045767483,12,4504.067496120705,1,RL
26,27,19.745065669713586,12,4669.012438396734,1,Fixed
26,27,11.982218223892243,13,4364.690161563658,1,RL
26,28,11.127130427552347,13,4311.670756308861,1,Fixed
26,28,12.277130122030528,10,4209.85527700604,1,RL
26,29,12.346522354004984,13,4784.859510382066,1,Fixed
26,29,20.980886590893228,12,5210.355594290317,1,RL
26,30,24.13478806650538,12,3974.9921135586483,1,Fixed
26,30,10.441208929990385,15,4336.885828463083,1,RL
26,31,21.436593860818853,16,3806.508852460235,1,Fixed
26,31,33.46325780686531,17,7088.97701380767,1,RL
26,32,15.662356144360038,14,4028.217280662374,1,Fixed
26,32,15.773871261534774,14,4233.092944124464,1,RL
26,33,9.21093946392197,15,4199.401662467824,1,Fixed
26,33,40.712581195226704,19,5283.343604358594,1,RL
26,34,16.894209117782157,11,3847.5009440399117,1,Fixed
26,34,19.629078962433972,17,6106.815530057868,1,RL
26,35,7.728230175553373,11,4265.2077276864375,1,Fixed
26,35,14.834217168463187,10,4736.228765899607,1,RL
26,36,11.566923363910337,13,3793.1007613082265,1,Fixed
26,36,10.50487371390698,11,3686.6555298587164,1,RL
26,37,13.86608593234158,11,4673.497515748858,1,Fixed
26,37,23.695462717206702,15,6214.893619458217,1,RL
26,38,11.632416808614874,13,4040.6292754293927,1,Fixed
26,38,21.959107871352803,17,5421.299436511038,1,RL
26,39,9.717718690722485,12,4568.750446262388,1,Fixed
26,39,26.260154071861376,19,6560.095015768288,1,RL
26,40,16.75848221630074,9,3790.22768175592,1,Fixed
26,40,20.236098937059513,13,5062.611513452136,1,RL
26,41,10.467483477007724,12,4412.834867236963,1,Fixed
26,41,19.432108712225517,9,4035.2713729375096,1,RL
26,42,11.510479381475307,11,3880.729071607513,1,Fixed
26,42,12.129213728685157,11,4626.006081772193,1,RL
26,43,10.696358082936882,12,3654.0770199536864,1,Fixed
26,43,12.832684936145293,18,5860.299754173366,1,RL
26,44,17.007656979014907,12,4078.854896939565,1,Fixed
26,44,16.885995730275457,16,4648.687595782227,1,RL
26,45,15.984083618973944,12,4151.878202368174,1,Fixed
26,45,13.216403770851903,12,4258.953894697116,1,RL
26,46,9.45097884097996,14,4350.747176631704,1,Fixed
26,46,12.594902102412085,12,4330.975972818768,1,RL
26,47,15.620987870884258,15,4178.543245066384,1,Fixed
26,47,13.446826875654306,12,4391.099835098907,1,RL
26,48,10.063326396171407,12,4189.795061203534,1,Fixed
26,48,12.718475392803896,13,4171.609491401795,1,RL
26,49,10.747973443876951,12,4211.416187547202,1,Fixed
26,49,18.681534991015795,13,4469.045694733242,1,RL
26,50,12.584294534894592,10,4200.562405676714,1,Fixed
26,50,17.20525369273569,15,4899.483368726615,1,RL
26,51,13.531691562199933,14,4777.829330258338,1,Fixed
26,51,31.13548755091453,13,5722.1134624090155,1,RL
26,52,11.81014331214378,13,4561.790508177399,1,Fixed
26,52,8.844342355571879,16,4255.694161573538,1,RL
26,53,14.500759025396643,13,4395.550465424574,1,Fixed
26,53,15.756292281910849,17,5546.825976071641,1,RL
26,54,12.840826702810554,12,4092.1120128849943,1,Fixed
26,54,10.594873569653522,16,4557.357720582477,1,RL
26,55,10.662718405085744,11,4035.9067054690004,1,Fixed
26,55,19.827626673107904,16,4566.381274625961,1,RL
26,56,14.141153947654999,11,3772.855337252758,1,Fixed
26,56,9.812281454206182,14,3852.726732540373,1,RL
26,57,24.519915276161683,15,4345.86855750121,1,Fixed
26,57,13.446342465046182,10,3857.0248622745844,1,RL
26,58,17.74547335907576,7,3968.459719807965,1,Fixed
26,58,12.074297224193334,14,4028.4501456133366,1,RL
26,59,16.319883853324107,13,4205.4467316803675,1,Fixed
26,59,11.242487797861251,14,4655.615994121424,1,RL
26,60,10.233541754732205,12,4148.986110561862,1,Fixed
26,60,20.028486026084614,14,4422.827201346687,1,RL
26,61,14.64236829586127,12,4120.623259752415,1,Fixed
26,61,10.734054159507192,16,5088.141067366238,1,RL
26,62,7.3293555483542665,13,4350.512537064238,1,Fixed
26,62,14.636402329388583,13,3791.7218511633446,1,RL
26,63,12.522640406776599,13,3968.101936777394,1,Fixed
26,63,12.706114405813823,14,4593.649154165587,1,RL
26,64,12.332189644445455,10,3846.5853937156053,1,Fixed
26,64,9.503364417074541,13,4146.084699953327,1,RL
26,65,10.62272245711648,13,4287.686098125857,1,Fixed
26,65,22.885684777295907,17,6001.471810726958,1,RL
26,66,10.865881784082385,14,4277.830051853489,1,Fixed
26,66,19.28220329361539,13,4506.095392291049,1,RL
26,67,14.592854804447537,10,3861.1606604234357,1,Fixed
26,67,11.67363854865816,14,4346.607231832788,1,RL
26,68,20.370414025475085,7,4080.8118792717146,1,Fixed
26,68,17.338537524042607,16,5155.361386332466,1,RL
26,69,18.95267478878018,15,4210.095434228725,1,Fixed
26,69,34.46872200255518,14,4267.679668234377,1,RL
26,70,21.31750270868376,11,4492.995417982334,1,Fixed
26,70,13.650299967434133,15,4525.1289683617515,1,RL
26,71,35.075856452563364,12,4226.808571919288,1,Fixed
26,71,11.201435567395071,15,4743.451580221873,1,RL
26,72,8.633229453304512,14,3611.913934480272,1,Fixed
26,72,15.140024492551168,13,4572.218165156351,1,RL
26,73,12.851603633841998,14,4595.847068683879,1,Fixed
26,73,13.464423952008556,12,4404.233533532402,1,RL
26,74,15.227150081368341,13,4210.648159710176,1,Fixed
26,74,24.58698629816417,17,4823.987682156401,1,RL
26,75,14.744110829503816,15,3977.7560021021613,1,Fixed
26,75,14.14329093477331,12,4577.683227181589,1,RL
26,76,15.779847988616215,13,3812.170094540328,1,Fixed
26,76,12.86981301944617,8,4002.3917054810686,1,RL
26,77,10.186205599846598,14,3989.7039500809897,1,Fixed
26,77,11.632761537100501,13,4382.76272267961,1,RL
26,78,15.96119508461249,14,4747.307513548272,1,Fixed
26,78,9.790428125637998,14,5050.977632948132,1,RL
26,79,8.014984806777978,12,4324.77478858247,1,Fixed
26,79,16.148930087652786,15,5912.000051171574,1,RL
26,80,7.034752260011918,15,5032.622830543742,1,Fixed
26,80,16.217845902667243,13,4981.293094644888,1,RL
26,81,9.793208334432682,5,3903.983505318529,1,Fixed
26,81,14.833132212731831,16,5243.0353443249915,1,RL
26,82,16.134554109577863,15,4464.825077227396,1,Fixed
26,82,41.27579296603703,19,6868.90435918005,1,RL
26,83,12.031102181273095,13,4453.661393801806,1,Fixed
26,83,11.409843212814948,11,5027.867326527158,1,RL
26,84,9.536118133307085,9,3592.4532750458534,1,Fixed
26,84,14.005025610326062,14,4992.67907377198,1,RL
26,85,13.164592607189187,15,3861.3229120424276,1,Fixed
26,85,18.152639008095893,13,3994.4582681458887,1,RL
26,86,20.768612649683977,11,4026.1158804761517,1,Fixed
26,86,24.150244336764988,11,4191.108118009868,1,RL
26,87,8.16585778532253,14,4049.954811956357,1,Fixed
26,87,10.51765881015454,15,4611.465424019727,1,RL
26,88,15.843335166188371,14,3986.7252555618393,1,Fixed
26,88,9.805342397218457,14,3861.4057291376753,1,RL
26,89,13.300663312111777,11,4554.47362101123,1,Fixed
26,89,10.607741758688313,13,4211.008646614649,1,RL
26,90,14.03717480220902,11,4358.446916856613,1,Fixed
26,90,14.243672509827727,15,4761.632113910464,1,RL
26,91,9.527653029593548,8,3857.103715421107,1,Fixed
26,91,10.447401532486383,13,4036.0774383799917,1,RL
26,92,16.431973151651356,14,4242.940669749365,1,Fixed
26,92,15.874744674760985,10,3673.5874367778847,1,RL
26,93,19.31324461895852,12,4283.885796034557,1,Fixed
26,93,11.296757306875193,14,4818.772209321717,1,RL
26,94,14.59235757299398,10,4229.65566290083,1,Fixed
26,94,14.416472452369351,12,4962.581075439725,1,RL
26,95,9.301522447139892,13,4281.938958439571,1,Fixed
26,95,24.159647350616023,14,5359.542697867158,1,RL
26,96,14.804266672141969,13,4664.205948883715,1,Fixed
26,96,12.054859191413696,16,5804.896049755224,1,RL
26,97,9.011695411777568,8,3665.357884509144,1,Fixed
26,97,14.787746150524404,12,4758.408520295612,1,RL
26,98,10.108187611518296,11,4250.924309709064,1,Fixed
26,98,11.650178726436602,18,5503.3598269240265,1,RL
26,99,9.824702159917994,12,4198.398444735441,1,Fixed
26,99,8.882168342792777,13,3734.2545613600637,1,RL
27,0,15.845423201519585,15,4449.499609485415,1,Fixed
27,0,17.0790237748369,13,4920.53076798093,1,RL
27,1,19.512841547882893,15,4362.527566399275,1,Fixed
27,1,12.155011069986857,13,4300.3575175848955,1,RL
27,2,16.316487712691895,10,4151.4849448580835,1,Fixed
27,2,14.977188743275553,16,5084.968275126884,1,RL
27,3,14.965649577100056,12,4541.651403097732,1,Fixed
27,3,10.310415769619835,14,3623.7835977163263,1,RL
27,4,11.582733667075376,11,3892.853971013996,1,Fixed
27,4,20.93084546870375,18,6918.292089500416,1,RL
27,5,15.046488075006247,11,4171.084771349348,1,Fixed
27,5,18.061077446186435,14,5315.523302138318,1,RL
27,6,12.943109209444682,14,3996.2579080452133,1,Fixed
27,6,18.774861027333525,14,5169.606641570076,1,RL
27,7,21.756852081518762,14,4244.371095019902,1,Fixed
27,7,13.509081245011041,11,4498.505121262826,1,RL
27,8,7.666721744565422,15,4605.5384361180595,1,Fixed
27,8,9.397245112191305,11,3640.944341676332,1,RL
27,9,9.762608416370533,13,4062.190922910068,1,Fixed
27,9,9.019550000089856,14,4899.921098511061,1,RL
27,10,20.146970492013175,13,4447.083187982298,1,Fixed
27,10,11.90562899951868,13,4308.583591954505,1,RL
27,11,14.501040292908922,16,3960.7127215331952,1,Fixed
27,11,16.41226916177943,9,4231.2341396428155,1,RL
27,12,10.901692845004847,15,4277.142585500827,1,Fixed
27,12,16.635984344202665,15,4861.713178891221,1,RL
27,13,22.039477123876335,12,4502.196263884589,1,Fixed
27,13,12.948059820068597,13,4448.326322972633,1,RL
27,14,8.241996104004444,11,4171.247437619663,1,Fixed
27,14,20.21436470040274,16,5142.7579247332515,1,RL
27,15,10.05051222639435,12,4371.135186839537,1,Fixed
27,15,12.081673192489497,14,4625.689298675424,1,RL
27,16,12.389745732600424,15,4677.264808914267,1,Fixed
27,16,25.601825643770677,13,4647.639471884752,1,RL
27,17,10.424895080764523,10,4133.695488767184,1,Fixed
27,17,26.771670345214073,12,5014.696744182856,1,RL
27,18,8.976091118943943,11,3944.1964285020663,1,Fixed
27,18,8.080547083109156,11,4314.931598967919,1,RL
27,19,12.435816008018758,13,4475.237788530363,1,Fixed
27,19,14.41185888131488,16,6256.624789326353,1,RL
27,20,19.148508331676517,12,4420.605801745205,1,Fixed
27,20,20.445377640435233,13,4348.445590043771,1,RL
27,21,8.08622453720055,12,3717.6519827531492,1,Fixed
27,21,17.938424250739523,16,5074.430891529657,1,RL
27,22,20.783633551029784,11,4341.455077950219,1,Fixed
27,22,10.458560092209098,15,5178.5390054461795,1,RL
27,23,20.413695820378585,14,4706.941116000944,1,Fixed
27,23,13.417586757515028,11,4066.987112335006,1,RL
27,24,17.62767534882235,13,4043.6730573087716,1,Fixed
27,24,10.537633426793011,10,4150.161614400173,1,RL
27,25,20.390065473314,11,3883.81534638386,1,Fixed
27,25,12.206871959179837,12,4151.4093261883145,1,RL
27,26,6.9995853276293705,15,4375.525018983786,1,Fixed
27,26,17.675055988554032,15,3836.4383038194705,1,RL
27,27,8.9802225427029,14,4798.12619677877,1,Fixed
27,27,17.543470262332654,14,5210.99273987792,1,RL
27,28,9.162646668172982,15,4363.697161445529,1,Fixed
27,28,12.553458792313492,14,4441.115348987084,1,RL
27,29,21.983834297674562,13,3977.6860530558906,1,Fixed
27,29,19.4798022466825,9,5103.433306107533,1,RL
27,30,16.31734993200882,14,4708.30040356904,1,Fixed
27,30,21.56037158577971,13,4921.09811444651,1,RL
27,31,13.12910679054996,13,4472.61509715719,1,Fixed
27,31,12.160817135395801,15,6516.124174242959,1,RL
27,32,13.674865048508423,15,4044.059274592637,1,Fixed
27,32,17.814448387994965,14,4609.705757262082,1,RL
27,33,11.185179899726547,12,4036.1892843882797,1,Fixed
27,33,13.84396283519742,11,4666.000380735699,1,RL
27,34,8.42033470240309,14,4621.579770712299,1,Fixed
27,34,8.393987734273985,13,4532.477812286521,1,RL
27,35,10.057118158740868,11,4496.34172718629,1,Fixed
27,35,9.66997616053878,13,4463.360932688205,1,RL
27,36,11.107172593820554,11,4256.7681367996565,1,Fixed
27,36,14.650971603085576,16,5187.088714083522,1,RL
27,37,18.39426001089158,14,4362.5240232054675,1,Fixed
27,37,10.364107605538925,9,3689.0374965313877,1,RL
27,38,10.457445394361446,16,3640.1670586141963,1,Fixed
27,38,23.247134755082115,12,5254.565681154225,1,RL
27,39,16.5432093470713,11,4401.440107413822,1,Fixed
27,39,11.750557008403808,13,5337.463176793649,1,RL
27,40,17.254729235562074,14,4627.887175704083,1,Fixed
27,40,11.432212927762691,14,4391.911418532477,1,RL
27,41,27.937929961346953,15,4637.092458738532,1,Fixed
27,41,13.620282907672408,16,5985.511189629264,1,RL
27,42,10.702281465108852,13,4264.82190223828,1,Fixed
27,42,13.098135174275086,13,4170.31533212595,1,RL
27,43,19.396620509239597,13,4607.111197537661,1,Fixed
27,43,11.855035565578628,16,5201.3688858479145,1,RL
27,44,13.65351575054323,14,4249.433487483257,1,Fixed
27,44,29.115004236480768,19,6267.1762245334685,1,RL
27,45,22.46956279425499,12,4055.2569515504556,1,Fixed
27,45,9.899679076518309,13,4295.621471220103,1,RL
27,46,9.1381689099937,15,4691.801194538172,1,Fixed
27,46,29.515109225141362,10,4600.632894591043,1,RL
27,47,13.158386939058051,11,4125.607660502863,1,Fixed
27,47,19.472705838403144,13,4959.994723339492,1,RL
27,48,9.670681245281589,12,3959.3914327525613,1,Fixed
27,48,26.19359032106977,9,4288.288958213509,1,RL
27,49,11.433755875340458,12,4196.123339012698,1,Fixed
27,49,26.962734804760792,13,5210.826263319724,1,RL
27,50,8.815326074332262,11,3845.3934062914536,1,Fixed
27,50,17.070271111623327,10,4657.413155814106,1,RL
27,51,14.79763322877552,14,3870.4997185527636,1,Fixed
27,51,18.17087944268238,18,6004.390728725142,1,RL
27,52,12.573332722217268,12,3907.916283259004,1,Fixed
27,52,24.234518585946578,11,5151.984875838412,1,RL
27,53,18.977133603320766,15,4207.281263418367,1,Fixed
27,53,13.109755005832508,11,4320.481428437986,1,RL
27,54,14.639844693827564,14,4049.7504207057455,1,Fixed
27,54,15.767403009054027,16,7291.969202921289,1,RL
27,55,10.60961067290466,12,4214.471544373058,1,Fixed
27,55,13.287966840733551,13,5045.818579447873,1,RL
27,56,12.986099082296906,16,4168.027912573693,1,Fixed
27,56,13.293984813138895,13,4537.521081040783,1,RL
27,57,17.53662525149225,12,3963.7427548998885,1,Fixed
27,57,9.8216830406411,13,3824.203088702638,1,RL
27,58,11.165106945565455,15,4749.802581873426,1,Fixed
27,58,29.344621718965392,13,6041.064597748117,1,RL
27,59,13.551734583839027,12,4264.041262801204,1,Fixed
27,59,11.65672725419219,13,4593.7732185722025,1,RL
27,60,10.122763210495785,11,4098.717964205327,1,Fixed
27,60,11.389341857663577,15,5123.728370180171,1,RL
27,61,6.943617391612301,14,4137.221789398073,1,Fixed
27,61,13.794323680336282,11,4646.4005764577505,1,RL
27,62,8.503252841647553,15,4300.178705869228,1,Fixed
27,62,18.246292274756495,15,4442.269236067094,1,RL
27,63,15.665651749310333,9,4257.940325506047,1,Fixed
27,63,14.854567187492966,18,5460.847813622249,1,RL
27,64,15.025294290699728,14,4648.547760521863,1,Fixed
27,64,18.820330277012545,14,5674.9517356110455,1,RL
27,65,11.023137707698123,12,4187.310074669517,1,Fixed
27,65,15.094248757492878,18,5787.65748562331,1,RL
27,66,12.57194147727125,12,4106.9408756499415,1,Fixed
27,66,17.340000539072683,12,4340.365708687029,1,RL
27,67,20.35892362325978,16,5460.373341770095,1,Fixed
27,67,7.814240338436552,12,3935.6227065384933,1,RL
27,68,14.136256676972119,10,4386.39413332095,1,Fixed
27,68,12.783380950946489,13,4322.706724061923,1,RL
27,69,18.338556424938382,14,4724.604415553375,1,Fixed
27,69,16.326959548573175,14,4816.84634965184,1,RL
27,70,12.953585512812817,12,4493.368237553025,1,Fixed
27,70,10.691955847022172,11,4398.848702694514,1,RL
27,71,10.979330500286295,8,4170.318212354456,1,Fixed
27,71,23.683926868984678,14,4686.827133666731,1,RL
27,72,9.171666932113249,15,4178.796778725663,1,Fixed
27,72,27.677494487822266,17,6096.325940569651,1,RL
27,73,11.066414487915747,13,4678.26175168148,1,Fixed
27,73,12.757756773823896,7,3372.2331603472403,1,RL
27,74,12.35831687348621,14,5013.666502484386,1,Fixed
27,74,15.395268588536364,12,4243.233200638647,1,RL
27,75,20.30520047245779,7,3807.029180166753,1,Fixed
27,75,10.519003826657089,16,4361.672716382266,1,RL
27,76,9.547647911858482,6,3161.2424657593274,1,Fixed
27,76,23.998590143599955,15,4802.589311214721,1,RL
27,77,22.29628022587039,12,3856.778324458205,1,Fixed
27,77,10.439467151081509,13,4715.880835616024,1,RL
27,78,17.747980290156473,11,4088.3219811349036,1,Fixed
27,78,28.21828409863239,17,6438.889811326244,1,RL
27,79,13.547271748351037,13,4261.7211693587915,1,Fixed
27,79,13.073091588283663,11,4545.084231542039,1,RL
27,80,14.138906706552692,13,4083.6614082524507,1,Fixed
27,80,12.745748790270993,13,5237.851855928488,1,RL
27,81,22.31524196172203,13,4246.630749390365,1,Fixed
27,81,18.75431983992013,17,5700.371245844291,1,RL
27,82,29.159159559495016,12,4766.17146742708,1,Fixed
27,82,17.310783105587067,15,5316.6018177035,1,RL
27,83,24.55837760257267,13,4175.130198373401,1,Fixed
27,83,11.161171887805077,11,4433.724265701306,1,RL
27,84,18.435680792451183,15,4715.863717388022,1,Fixed
27,84,24.858965880584428,10,3702.770284365746,1,RL
27,85,10.128777173737534,9,4436.306749979448,1,Fixed
27,85,17.52952918428212,17,5873.492390405063,1,RL
27,86,13.178134017838829,10,4631.683481496933,1,Fixed
27,86,10.661542953678067,13,4950.566527209044,1,RL
27,87,15.716417866106022,13,4577.468794621904,1,Fixed
27,87,20.09294447618266,17,5792.195979937001,1,RL
27,88,17.54197526844677,14,4682.966819573063,1,Fixed
27,88,19.65332568270191,14,4667.217375294645,1,RL
27,89,9.72446609201488,13,4145.4853397086345,1,Fixed
27,89,8.866768248682636,13,4341.745593491877,1,RL
27,90,10.913213057223869,10,3749.679716751091,1,Fixed
27,90,11.36487479032422,11,3625.8943303634464,1,RL
27,91,6.4602873250891815,9,4589.056923030941,1,Fixed
27,91,18.28788054953153,13,4852.066967586586,1,RL
27,92,19.648574555626006,14,4508.246256197208,1,Fixed
27,92,18.586594044758787,15,5123.942739338749,1,RL
27,93,23.111540512748505,16,4912.896312853141,1,Fixed
27,93,20.52737384091507,15,4710.413764516364,1,RL
27,94,12.433130486515545,16,4426.372922658838,1,Fixed
27,94,14.042761956282385,15,4216.824372275748,1,RL
27,95,11.621769528752527,10,4249.155607136017,1,Fixed
27,95,19.302041344346645,16,5347.199357596406,1,RL
27,96,21.224373657520296,14,4515.409672614935,1,Fixed
27,96,22.47456051250669,20,5451.10204020393,1,RL
27,97,13.651238445162395,11,4250.490135414554,1,Fixed
27,97,13.33039854351848,17,5413.785957048399,1,RL
27,98,8.89523021411576,9,3901.8553028919905,1,Fixed
27,98,11.135761250243531,15,4989.179801724826,1,RL
27,99,24.41945905562944,12,4201.820981847534,1,Fixed
27,99,11.547202511322094,14,4488.143800681751,1,RL
28,0,23.19373388248226,13,4612.682345125612,1,Fixed
28,0,15.359626867028132,15,5404.278864699666,1,RL
28,1,21.532641013191732,11,4441.341261455198,1,Fixed
28,1,8.843101763471399,10,5212.715036783319,1,RL
28,2,8.416519367422815,13,4668.693692480812,1,Fixed
28,2,11.638928550606957,13,4880.216409098259,1,RL
28,3,9.865849299260082,10,3937.41602586564,1,Fixed
28,3,13.968832155027155,16,6221.368356143274,1,RL
28,4,9.299109183116922,12,4636.609881585267,1,Fixed
28,4,13.395264250773641,11,4757.39312167545,1,RL
28,5,7.968701650087418,12,4445.2296178252745,1,Fixed
28,5,15.676949177596734,15,4668.759370165724,1,RL
28,6,10.31429988183933,13,5373.606036310378,1,Fixed
28,6,8.87526561610829,10,4477.084926303373,1,RL
28,7,15.73975502896216,13,4774.926857786406,1,Fixed
28,7,10.309017714224627,14,4779.543749350776,1,RL
28,8,10.38321435937471,11,4518.820689155012,1,Fixed
28,8,10.346372562369423,11,6075.901531670654,1,RL
28,9,12.635457767040224,12,4230.412853016953,1,Fixed
28,9,21.10004199267789,10,4585.62136677886,1,RL
28,10,10.966605475358248,11,4868.344255459407,1,Fixed
28,10,8.822386498930582,13,4641.928819818796,1,RL
28,11,20.384381470010272,12,4755.024151139968,1,Fixed
28,11,14.894069171845564,13,4139.6487215963325,1,RL
28,12,11.505979440696116,10,4399.894453042475,1,Fixed
28,12,13.975783080439275,12,4910.280906909758,1,RL
28,13,13.172304887915288,9,4371.124708614292,1,Fixed
28,13,13.313074404071864,16,5560.847667568042,1,RL
28,14,12.035633883926396,14,4787.193752418207,1,Fixed
28,14,10.231279643764442,15,5121.834810423799,1,RL
28,15,8.989968962480248,10,4280.959438246479,1,Fixed
28,15,13.786828947161613,11,4246.4443651162965,1,RL
28,16,22.08056577584545,13,4876.40528081285,1,Fixed
28,16,11.680249571454342,16,4642.669614805453,1,RL
28,17,21.904824870630673,15,4169.127620852363,1,Fixed
28,17,24.67129207057824,13,4312.719469502336,1,RL
28,18,9.650651063236278,13,4658.687507407738,1,Fixed
28,18,21.537750535365934,20,6065.3084559276285,1,RL
28,19,9.319927564180146,12,4493.274129065575,1,Fixed
28,19,24.12073389132504,15,6159.945012166696,1,RL
28,20,13.01889462754925,14,4302.278377871243,1,Fixed
28,20,11.099834979164863,14,4547.776882243711,1,RL
28,21,11.855254940671362,13,4185.806758320512,1,Fixed
28,21,10.502658995241692,16,5129.9539658558215,1,RL
28,22,19.615785003159182,12,4649.212856197882,1,Fixed
28,22,9.582849529631643,16,4609.338947819201,1,RL
28,23,10.73964650926155,4,3004.798111079308,1,Fixed
28,23,18.460856784207934,17,5502.624457195875,1,RL
28,24,8.757738491504613,13,4516.986234332659,1,Fixed
28,24,17.347434101604243,16,6053.037844083913,1,RL
28,25,11.865587589341887,13,4917.850581949641,1,Fixed
28,25,23.850099980437975,12,4953.987016114533,1,RL
28,26,8.677975086655627,13,4619.492054700797,1,Fixed
28,26,15.637241632688125,10,4823.5875475031335,1,RL
28,27,13.086574112471046,15,4472.249728582201,1,Fixed
28,27,10.747130856009262,13,4643.718333211084,1,RL
28,28,11.808409190809327,14,5137.083975604112,1,Fixed
28,28,15.192593094862985,20,5803.391245049509,1,RL
28,29,15.796783269430989,11,4584.967544617127,1,Fixed
28,29,15.081019762491323,12,5279.653439470506,1,RL
28,30,8.259152239739361,10,4904.537242434571,1,Fixed
28,30,14.880712430486128,15,4973.85846178382,1,RL
28,31,15.07889063268972,13,4317.126618168456,1,Fixed
28,31,21.751189738589005,15,5049.580296647844,1,RL
28,32,16.227673616584134,11,4465.531598594623,1,Fixed
28,32,8.972450744902133,13,5601.534680123094,1,RL
28,33,11.988481782625415,10,4611.688778886413,1,Fixed
28,33,12.969056069114876,13,4951.953469815678,1,RL
28,34,8.564755215152848,9,4009.1607101190625,1,Fixed
28,34,13.152345736922419,10,4535.821419719778,1,RL
28,35,10.329543015250009,11,4656.416548968334,1,Fixed
28,35,8.74897652027798,13,4582.00837266721,1,RL
28,36,13.178599010754478,9,4124.417450645384,1,Fixed
28,36,13.92905103634504,13,4822.376858647506,1,RL
28,37,14.797978909312766,15,4680.520637671695,1,Fixed
28,37,16.616945707184765,15,5614.258775894212,1,RL
28,38,14.785325434404587,12,4265.020776341406,1,Fixed
28,38,11.208880081582786,17,5605.238310885416,1,RL
28,39,14.215602766644091,13,4534.068259571293,1,Fixed
28,39,10.713856372495096,9,4271.900544639475,1,RL
28,40,9.757240610937306,12,4527.6687795164835,1,Fixed
28,40,24.85120192022659,14,5264.396005199605,1,RL
28,41,16.94915508617908,13,4212.900449667652,1,Fixed
28,41,24.059540483510823,8,4014.4778697861175,1,RL
28,42,9.311274736786558,13,4435.795846701076,1,Fixed
28,42,15.586923570090397,15,5103.002759421585,1,RL
28,43,11.84171537270801,15,4654.484457936213,1,Fixed
28,43,19.66119445256122,14,5060.439328823027,1,RL
28,44,19.567452861254328,14,4323.957877593569,1,Fixed
28,44,7.952408553430527,11,4315.388448044592,1,RL
28,45,10.8357921901552,11,4533.5380550477,1,Fixed
28,45,30.140078776390094,16,6351.844657207933,1,RL
28,46,12.951239777811153,12,4310.6816389054275,1,Fixed
28,46,24.460383329554315,14,7537.258049479805,1,RL
28,47,12.092490411826631,12,4228.87388314982,1,Fixed
28,47,10.519526112067837,11,4743.666065636439,1,RL
28,48,7.9150274339827345,9,4101.70043516541,1,Fixed
28,48,24.661433144607642,13,4942.055779239917,1,RL
28,49,18.812424414655844,10,4803.096638420954,1,Fixed
28,49,18.931132849561415,13,4812.619376071413,1,RL
28,50,11.975483802705615,14,4785.737520627302,1,Fixed
28,50,12.342654969328317,16,5239.757982256342,1,RL
28,51,12.791364798673866,12,4261.638409122481,1,Fixed
28,51,13.838048265059474,14,4257.230946853357,1,RL
28,52,12.563223970081332,11,4041.297301193277,1,Fixed
28,52,21.192705370668556,9,4727.601806811427,1,RL
28,53,12.649536443882438,13,4487.493834799381,1,Fixed
28,53,7.2687603076075025,7,4389.768504937493,1,RL
28,54,17.26489463888086,13,4194.922684636943,1,Fixed
28,54,18.434952499139293,13,4495.072251307341,1,RL
28,55,9.957891118745605,12,4277.985854043038,1,Fixed
28,55,16.230748867294494,13,4857.090877559235,1,RL
28,56,8.307761547183391,14,4601.23738859448,1,Fixed
28,56,9.649256298341246,13,4416.4003813414965,1,RL
28,57,9.629715427522818,13,4278.339335730083,1,Fixed
28,57,26.362422346410163,12,5812.62996860676,1,RL
28,58,25.66789687029214,13,4479.03459084797,1,Fixed
28,58,19.772037376231378,14,4626.274364387155,1,RL
28,59,9.651197793039419,9,3774.754197587198,1,Fixed
28,59,12.586655775056096,11,4359.425078141567,1,RL
28,60,16.86310222072356,13,4999.211717134061,1,Fixed
28,60,12.063207726304238,14,5304.6902265818635,1,RL
28,61,14.928866920794821,12,4043.2115693225223,1,Fixed
28,61,17.02017132415894,16,6081.203318042783,1,RL
28,62,13.44640361859199,15,4892.868993794353,1,Fixed
28,62,18.672617061971714,15,4667.253393717762,1,RL
28,63,14.978076712298293,11,4823.040096067384,1,Fixed
28,63,17.87732627013054,12,4607.635599623991,1,RL
28,64,11.182517156590569,12,4437.360433316865,1,Fixed
28,64,19.355327144597723,15,4917.089469722304,1,RL
28,65,13.79257959981852,14,4727.690036976799,1,Fixed
28,65,22.14198696282427,16,5557.134174773297,1,RL
28,66,24.169673204172497,13,4864.5543418495645,1,Fixed
28,66,8.488847939159694,14,4391.144633432419,1,RL
28,67,13.23535495901459,13,4488.074820067728,1,Fixed
28,67,16.65335850206358,13,5483.901692336982,1,RL
28,68,9.266878725148725,8,4046.9373181823735,1,Fixed
28,68,8.861681135150771,12,4737.497690418388,1,RL
28,69,13.729144626870397,13,4110.096251554472,1,Fixed
28,69,19.099130709134286,13,4540.7233049120605,1,RL
28,70,12.091048114372068,11,4520.777705350447,1,Fixed
28,70,17.242198843550263,17,6472.722723354558,1,RL
28,71,20.772264468317,11,4546.310556768589,1,Fixed
28,71,15.989301588437836,10,4640.826650406361,1,RL
28,72,15.26056394129427,15,4608.140857558519,1,Fixed
28,72,11.454614077653147,13,4119.5605210344165,1,RL
28,73,14.788918797694965,13,3934.248651578744,1,Fixed
28,73,9.885723655477145,13,4995.876177630513,1,RL
28,74,19.2872872376283,14,4838.043106676584,1,Fixed
28,74,12.824459492983701,13,4089.1084798831866,1,RL
28,75,19.296884883989794,15,4765.552626902624,1,Fixed
28,75,24.597745198347983,16,5575.068930649116,1,RL
28,76,17.611024258269516,13,4556.615755476549,1,Fixed
28,76,10.830828342400753,15,5604.398397089776,1,RL
28,77,15.51431550644845,13,4343.44891480963,1,Fixed
28,77,18.367555750808854,17,5584.607117612171,1,RL
28,78,10.108112865868893,12,4502.247249705511,1,Fixed
28,78,9.400565536608925,11,4302.135864109343,1,RL
28,79,20.771524524850527,12,4459.836964424429,1,Fixed
28,79,16.196004093083285,16,4296.717877715972,1,RL
28,80,12.506049302205378,8,3841.103324038689,1,Fixed
28,80,13.483254759156186,15,4929.493044519348,1,RL
28,81,9.854150561099882,11,4488.785147111491,1,Fixed
28,81,11.557658443900534,13,4574.143439057024,1,RL
28,82,8.699190982181,12,4749.174856139267,1,Fixed
28,82,12.017010264591367,12,4556.220923769244,1,RL
28,83,14.705102568250567,12,4542.597086563471,1,Fixed
28,83,24.285796550390113,11,5544.166073168826,1,RL
28,84,10.7173056993584,14,4381.466868992814,1,Fixed
28,84,8.189098623891862,13,4679.001119859834,1,RL
28,85,9.820510223894505,10,4315.015699575723,1,Fixed
28,85,8.18695269084899,12,4370.152006937979,1,RL
28,86,10.813319299151612,11,4357.333359687837,1,Fixed
28,86,20.751259830598578,16,6848.689415308437,1,RL
28,87,15.408111778253993,10,3920.331040580806,1,Fixed
28,87,13.89724219459695,19,6552.8613160228115,1,RL
28,88,22.16484874631336,11,4579.997210102979,1,Fixed
28,88,10.225837975101523,14,5668.890843701071,1,RL
28,89,8.435637934105632,12,4417.601458578106,1,Fixed
28,89,10.154313167224737,13,4510.090021212542,1,RL
28,90,13.827323573135065,16,4869.549410534865,1,Fixed
28,90,11.347121218701265,12,3971.679896312075,1,RL
28,91,19.364693650562522,15,4852.772468061338,1,Fixed
28,91,8.881710192173475,12,4941.290647719244,1,RL
28,92,10.101303207177146,11,4360.976149898623,1,Fixed
28,92,15.983533757589829,11,4218.317409778177,1,RL
28,93,10.555636323238586,15,3877.0285958016725,1,Fixed
28,93,20.278712774174018,19,6416.0476980161875,1,RL
28,94,15.2846839815785,14,4688.52900518241,1,Fixed
28,94,21.550016431095084,15,5333.303077027567,1,RL
28,95,12.673095784249456,12,4384.429046290931,1,Fixed
28,95,8.226797037925271,13,4524.527236200777,1,RL
28,96,17.169140409627406,13,4249.459838297261,1,Fixed
28,96,36.068422997825486,11,5409.842947408499,1,RL
28,97,11.30522773897163,12,4866.6401036656125,1,Fixed
28,97,12.141019221018077,13,5099.265903753083,1,RL
28,98,20.886950130778775,14,4421.502071809588,1,Fixed
28,98,10.012577425801016,15,4305.040883929972,1,RL
28,99,17.152362579870704,15,4654.859947515779,1,Fixed
28,99,15.39712283754434,14,5011.297207307613,1,RL
29,0,10.305793441408214,11,4195.209576688446,1,Fixed
29,0,11.67208352192273,15,4615.430748085828,1,RL
29,1,9.934437439149978,12,4220.202828753293,1,Fixed
29,1,12.927468055281798,13,4326.879799348406,1,RL
29,2,13.140763779217929,15,4186.816970561412,1,Fixed
29,2,12.022183119929526,15,5382.31193053866,1,RL
29,3,15.319611548028368,10,4386.673385142975,1,Fixed
29,3,21.619412051561103,14,4766.174786315896,1,RL
29,4,9.52257264239543,16,4326.8430436562185,1,Fixed
29,4,13.38047331396027,15,5495.919360844598,1,RL
29,5,12.733163357615817,13,4719.6492705410465,1,Fixed
29,5,8.049895626851548,13,4146.969337595985,1,RL
29,6,8.212615581175589,9,4516.855269293739,1,Fixed
29,6,14.310659481322569,13,5227.360442038324,1,RL
29,7,19.265545384844874,15,5106.176795326274,1,Fixed
29,7,16.493400301062593,13,5682.386197284495,1,RL
29,8,16.376715200961172,13,4751.653611135412,1,Fixed
29,8,13.306959794398193,13,4484.552220921771,1,RL
29,9,8.832157952630984,5,3283.564822148306,1,Fixed
29,9,11.846421256878337,14,5123.3080152006505,1,RL
29,10,17.480118335189417,14,4933.422158760708,1,Fixed
29,10,13.697076141553481,17,5065.437893700067,1,RL
29,11,21.76151570741135,14,5689.033205324809,1,Fixed
29,11,14.35923175598362,14,5239.783345134254,1,RL
29,12,25.83251531030799,11,4270.258343377988,1,Fixed
29,12,34.799378824059204,15,7470.823421473852,1,RL
29,13,11.95364104782039,11,4878.909101745587,1,Fixed
29,13,10.746708663121066,11,4363.269384992537,1,RL
29,14,9.57542665239169,11,4382.356419178797,1,Fixed
29,14,15.338295792656558,10,4476.669205007223,1,RL
29,15,28.966924210235828,11,4821.721400761752,1,Fixed
29,15,16.553353912724155,14,4509.606708963377,1,RL
29,16,10.090584185520882,12,4484.290111874644,1,Fixed
29,16,28.267397269939956,16,5466.561453325081,1,RL
29,17,14.020502351057862,10,4609.248403919906,1,Fixed
29,17,19.67095279835548,15,6915.499127853226,1,RL
29,18,17.685038947371183,12,4659.520294287005,1,Fixed
29,18,11.877232019027247,14,5485.636615451696,1,RL
29,19,9.378076361644702,9,4658.626577228839,1,Fixed
29,19,13.028765778275645,11,4852.665974392144,1,RL
29,20,22.76974932621041,14,4708.307512713001,1,Fixed
29,20,21.240085882162624,12,4597.53982853747,1,RL
29,21,14.403782615218319,7,4096.590151773868,1,Fixed
29,21,22.540287642091226,10,5020.7726560638785,1,RL
29,22,9.829195174857617,10,4891.799856380388,1,Fixed
29,22,14.47769944296895,14,4616.2382746510475,1,RL
29,23,8.343762612183507,10,4329.959580535879,1,Fixed
29,23,16.67993015463802,16,5035.356981298087,1,RL
29,24,15.631649724798203,10,4731.720316038181,1,Fixed
29,24,16.987335520915117,17,5734.2475642024365,1,RL
29,25,9.67967015608358,13,4421.58606790791,1,Fixed
29,25,14.129925463758065,14,5489.152725816063,1,RL
29,26,8.08822243440216,12,4803.905157147381,1,Fixed
29,26,16.93683163117148,14,5259.264939990193,1,RL
29,27,15.733777486364412,14,5390.241613450798,1,Fixed
29,27,15.569522197646979,12,4500.81941671827,1,RL
29,28,13.21432368392262,12,4892.921920579081,1,Fixed
29,28,20.974917729425915,16,6105.1740738466315,1,RL
29,29,14.881972344564971,12,4390.039901302654,1,Fixed
29,29,24.448190958940906,14,5714.84132164377,1,RL
29,30,16.703695729082632,14,4542.1425585902325,1,Fixed
29,30,20.445004728419313,13,4692.2352635582665,1,RL
29,31,25.746850711792398,13,4874.230451588062,1,Fixed
29,31,11.824859679782795,11,4170.166362942028,1,RL
29,32,14.7864772557056,13,5079.481652914522,1,Fixed
29,32,21.871386035956828,16,5166.438279688826,1,RL
29,33,13.775078037662709,9,4416.585804503129,1,Fixed
29,33,12.660405734998943,11,5100.731447402954,1,RL
29,34,20.91291668990734,12,4610.697316442055,1,Fixed
29,34,14.613602736254617,13,5048.421619352654,1,RL
29,35,16.635907854287346,12,4278.861908592545,1,Fixed
29,35,16.58964361615943,15,5592.936798138623,1,RL
29,36,13.683822788820574,14,4399.800687612925,1,Fixed
29,36,16.052736472599975,14,5481.393324286966,1,RL
29,37,10.6494063557983,12,4220.216181720355,1,Fixed
29,37,19.50499154740096,16,6862.532403115638,1,RL
29,38,14.355873541937783,13,4520.422574141477,1,Fixed
29,38,13.318361007656843,13,5814.009264854052,1,RL
29,39,24.129701023966312,13,4787.33337443562,1,Fixed
29,39,24.91326159987605,12,6839.529924365689,1,RL
29,40,22.4862264330853,14,4736.442656486029,1,Fixed
29,40,23.28774576865862,16,4523.896212482368,1,RL
29,41,14.59389232474546,13,4865.205078807804,1,Fixed
29,41,14.009156121909067,11,4597.060278770942,1,RL
29,42,19.76961218585,15,4881.287244003042,1,Fixed
29,42,13.20499284242008,10,3791.5053456826095,1,RL
29,43,11.636882047051358,13,5069.290558960253,1,Fixed
29,43,8.5106661709954,13,5053.103798253456,1,RL
29,44,11.294188730551086,9,4580.162479196017,1,Fixed
29,44,14.364999818754546,14,4930.722881406311,1,RL
29,45,13.025255488848256,12,4422.317729452307,1,Fixed
29,45,15.103336108034572,14,5394.7137352343725,1,RL
29,46,14.460224944773026,10,4460.244008134032,1,Fixed
29,46,17.346986067966416,14,5052.68876442049,1,RL
29,47,10.383274685496371,11,4754.078765062211,1,Fixed
29,47,16.291187536422576,14,5819.762600245014,1,RL
29,48,12.725488016716849,10,5011.112451842933,1,Fixed
29,48,14.8864201007794,14,6147.234971695101,1,RL
29,49,12.304279976204889,12,4650.991076102166,1,Fixed
29,49,31.11792955252752,18,6209.690018001898,1,RL
29,50,9.406112706475593,13,4534.253421288665,1,Fixed
29,50,19.006732042791647,11,4850.412166132706,1,RL
29,51,9.886160017136039,10,4127.265862828698,1,Fixed
29,51,11.820453704367058,13,5526.447029035639,1,RL
29,52,10.747066642888049,10,4747.845162005137,1,Fixed
29,52,16.486210461974558,13,4770.401468500618,1,RL
29,53,16.206010961423292,14,4663.213763920022,1,Fixed
29,53,13.723219225933983,15,5394.006906138432,1,RL
29,54,14.673244017265091,11,4464.822345807064,1,Fixed
29,54,26.318889969035467,12,5025.953145754373,1,RL
29,55,16.10741737926031,14,4831.405156343337,1,Fixed
29,55,14.81159195613851,11,4244.061511974074,1,RL
29,56,16.64101472434796,11,5367.880782719533,1,Fixed
29,56,13.530253966795911,15,5548.989933273346,1,RL
29,57,21.82484932657621,13,4957.003304239133,1,Fixed
29,57,11.639977892673672,13,5062.657917143134,1,RL
29,58,24.078632166900107,11,4803.528460515194,1,Fixed
29,58,12.49916016695215,13,5186.102938028548,1,RL
29,59,9.40411762559954,14,4431.376400997201,1,Fixed
29,59,12.97229253388499,10,4341.683219253581,1,RL
29,60,12.005917453824729,9,4780.313582049034,1,Fixed
29,60,12.777880709112326,12,4741.719735434573,1,RL
29,61,11.857055178557461,10,4625.699386591372,1,Fixed
29,61,17.03146635495002,14,4619.136117202499,1,RL
29,62,10.868801559710484,13,4977.798016979092,1,Fixed
29,62,11.52489149708423,13,6138.325785539689,1,RL
29,63,11.308653760284146,14,4012.649817375252,1,Fixed
29,63,11.03224990508096,7,4038.4228037655703,1,RL
29,64,10.942091790498917,12,4688.45374313481,1,Fixed
29,64,13.883073444151853,6,3976.400613472845,1,RL
29,65,12.11887109160623,11,4369.171565342739,1,Fixed
29,65,26.404816891468055,17,6062.42668652128,1,RL
29,66,26.977835519661248,13,4811.064981196858,1,Fixed
29,66,12.941649465898191,15,5816.661212188527,1,RL
29,67,13.791576325367188,13,4338.55028924281,1,Fixed
29,67,14.28009780130076,12,4592.256966102083,1,RL
29,68,17.94586273577604,13,4926.322321395287,1,Fixed
29,68,13.852872224440413,16,5390.028428743456,1,RL
29,69,12.4255706122634,15,5245.457322532323,1,Fixed
29,69,21.261133653963107,12,5016.61150446302,1,RL
29,70,9.030389064577088,13,4885.477480318198,1,Fixed
29,70,9.811908610880824,12,4786.938996051892,1,RL
29,71,10.701244149978525,11,4667.699787773819,1,Fixed
29,71,19.238116408054537,18,6475.059535171039,1,RL
29,72,14.640681370911285,11,4576.466601082722,1,Fixed
29,72,17.282569878799343,17,5398.701579952015,1,RL
29,73,9.406279265599938,9,4170.016799964877,1,Fixed
29,73,12.821026698109634,12,4233.167529664993,1,RL
29,74,10.575945637240723,13,4645.076640843122,1,Fixed
29,74,12.926465730192342,15,4663.209286809659,1,RL
29,75,11.306060999635015,13,4435.647276604615,1,Fixed
29,75,12.360492245617948,14,4201.364910050234,1,RL
29,76,9.333148853400242,12,4203.44396496572,1,Fixed
29,76,11.475074833230412,12,4333.756515373516,1,RL
29,77,21.065847048807843,13,4753.3910988894195,1,Fixed
29,77,16.588300979143987,12,4556.63504470229,1,RL
29,78,10.81301039135499,13,5042.482122219285,1,Fixed
29,78,19.872950795529952,17,5857.727939431596,1,RL
29,79,12.630530940101725,11,4723.194058022204,1,Fixed
29,79,13.65499022596362,15,4528.837607108033,1,RL
29,80,13.277266312999213,9,4213.979718912747,1,Fixed
29,80,12.238009510037184,14,5077.946289957396,1,RL
29,81,9.205364737633202,13,4492.175004090445,1,Fixed
29,81,17.31854468702897,16,6797.752935067563,1,RL
29,82,10.710016609309982,10,4798.963935000121,1,Fixed
29,82,14.694977634368062,12,4968.010659045142,1,RL
29,83,21.12077618911156,14,5201.033164467053,1,Fixed
29,83,11.97827213593325,13,5661.13562906376,1,RL
29,84,17.087526381973003,12,4824.931406570701,1,Fixed
29,84,14.761918749283092,16,5475.457106471023,1,RL
29,85,23.035927293804633,13,4804.036231204156,1,Fixed
29,85,11.289902123048194,12,4715.7035291618495,1,RL
29,86,13.156769413430462,11,4434.067315536453,1,Fixed
29,86,12.343863584273782,15,4693.745684036298,1,RL
29,87,14.912558876444916,14,4966.186259419379,1,Fixed
29,87,11.457597244310325,9,3888.1427521532296,1,RL
29,88,9.64040409614721,14,4291.247347515391,1,Fixed
29,88,18.29347056153956,12,4701.903246678028,1,RL
29,89,15.77662884030419,14,4081.4954976614126,1,Fixed
29,89,15.618587132058167,11,4251.771766968689,1,RL
29,90,9.029910826300132,10,4196.42709114769,1,Fixed
29,90,15.810171639203167,16,4594.375478362546,1,RL
29,91,14.28480048295533,13,5058.9076019503955,1,Fixed
29,91,25.642663324059175,7,4388.12839358765,1,RL
29,92,21.124172253710558,11,4495.37537773342,1,Fixed
29,92,19.67812472664733,10,4286.138033326455,1,RL
29,93,14.172939846631525,14,5169.375707433144,1,Fixed
29,93,17.667285160842063,15,5131.281409847002,1,RL
29,94,18.791488407436233,12,4449.938966537746,1,Fixed
29,94,7.520806599273453,10,5279.349147767698,1,RL
29,95,20.88665556111875,14,4732.824660662037,1,Fixed
29,95,13.611621616126765,15,4293.187623271321,1,RL
29,96,17.669526347584387,11,4485.496680236488,1,Fixed
29,96,11.499399725289456,10,4611.043711618344,1,RL
29,97,14.18545434896295,13,5422.293073661898,1,Fixed
29,97,23.759439154032513,14,6600.323416393161,1,RL
29,98,16.232837808017965,15,5183.756894705659,1,Fixed
29,98,13.585147314198409,14,5080.6145228540445,1,RL
29,99,8.65161522864445,13,4548.604616014724,1,Fixed
29,99,11.304398986309367,16,5087.53056681261,1,RL
30,0,10.645106846533551,12,5175.296955501268,1,Fixed
30,0,22.051732825702825,14,5525.101592453913,1,RL
30,1,13.400061762505942,10,4543.6346548926595,1,Fixed
30,1,12.357873752670448,9,6366.442754821855,1,RL
30,2,11.434134267687941,12,4481.636127024661,1,Fixed
30,2,16.521732692949108,12,5503.5913674110725,1,RL
30,3,8.431535103974465,13,4711.701378843588,1,Fixed
30,3,11.588246899143593,11,5062.4135118007725,1,RL
30,4,15.48200682994395,10,4334.936117497904,1,Fixed
30,4,20.57105305052349,12,5643.5406095319295,1,RL
30,5,13.250568587080243,12,4643.518951442571,1,Fixed
30,5,14.209965791304565,12,5282.627224161948,1,RL
30,6,27.567844706112446,12,5369.695065346261,1,Fixed
30,6,14.589114147562842,12,5375.743870506961,1,RL
30,7,11.33525728995026,12,4684.104544379036,1,Fixed
30,7,27.525557023395343,15,6224.8445998391,1,RL
30,8,17.600489503407807,14,5167.37025934411,1,Fixed
30,8,9.817565903679753,14,4973.000483901067,1,RL
30,9,17.393901995870856,14,4650.380515481491,1,Fixed
30,9,20.825235918023992,10,6037.186079494596,1,RL
30,10,15.386451193918916,13,5026.902601657858,1,Fixed
30,10,16.353367735136825,14,6046.344515290739,1,RL
30,11,9.039284820790389,11,4877.160645080801,1,Fixed
30,11,9.914560405394827,11,4766.58680201613,1,RL
30,12,14.89793636158372,15,5103.391501076751,1,Fixed
30,12,19.478708435082662,16,6858.735593403092,1,RL
30,13,13.520375083582744,10,4631.053735126481,1,Fixed
30,13,9.525991515280229,8,3703.444546771492,1,RL
30,14,15.62507338901907,13,4935.173302900745,1,Fixed
30,14,14.618069717672565,15,4422.069645651874,1,RL
30,15,8.108300719711723,16,5361.087127749792,1,Fixed
30,15,17.200688695942834,15,5228.5586910246,1,RL
30,16,13.019549336811243,15,5011.954282665651,1,Fixed
30,16,11.084879698433557,15,4731.876053447927,1,RL
30,17,14.385485176237234,9,4917.361060285358,1,Fixed
30,17,13.264058530844062,13,4286.975706470086,1,RL
30,18,16.504204060522536,11,4679.672078424011,1,Fixed
30,18,13.524435173611877,17,4414.706275886254,1,RL
30,19,11.588205813752719,10,4440.227028181148,1,Fixed
30,19,14.990525795317874,13,4999.774559642733,1,RL
30,20,17.148922928250762,14,4682.30039731569,1,Fixed
30,20,12.731900055544529,15,5030.229601054141,1,RL
30,21,12.605577403581579,11,5271.3123233299775,1,Fixed
30,21,12.429577531569603,12,4730.266239102531,1,RL
30,22,9.315691271263606,12,4563.900278112042,1,Fixed
30,22,14.022282655009281,15,5140.883066988332,1,RL
30,23,12.370948900753175,13,4512.713999526009,1,Fixed
30,23,17.878212837613525,12,4931.636961557323,1,RL
30,24,11.995732663784832,13,4385.079627476364,1,Fixed
30,24,19.51099820019557,14,4910.992555209679,1,RL
30,25,14.8929179588312,13,4738.359127157359,1,Fixed
30,25,12.957170763928534,13,6298.481878548019,1,RL
30,26,12.506186510828535,12,5518.929565305118,1,Fixed
30,26,11.654618750834754,13,5428.736200072289,1,RL
30,27,13.491484348646011,12,5032.200373430788,1,Fixed
30,27,24.667895828473302,17,6102.162527808968,1,RL
30,28,7.758346984010797,9,4983.040859042598,1,Fixed
30,28,16.5245566784813,13,6350.913884323805,1,RL
30,29,13.0530321796838,12,4852.320863231347,1,Fixed
30,29,23.864300681365897,13,5019.8739957914595,1,RL
30,30,16.933526585979724,6,4675.650205364394,1,Fixed
30,30,15.94485815843301,16,5319.981342426054,1,RL
30,31,11.230887751770009,10,4637.534230091509,1,Fixed
30,31,12.888347977775112,10,5495.281212526176,1,RL
30,32,9.907313323318284,13,5140.697949070607,1,Fixed
30,32,20.72011449790647,13,5087.210707927226,1,RL
30,33,21.856136684728728,12,5568.713367197284,1,Fixed
30,33,8.661372163029608,9,4605.288127697982,1,RL
30,34,11.292931983117546,15,4527.938080875282,1,Fixed
30,34,19.088318575140605,14,5906.290840331603,1,RL
30,35,10.023733211163531,11,4642.184909446238,1,Fixed
30,35,8.681757384658114,12,4906.842057665591,1,RL
30,36,15.475255176375038,13,5111.490966461449,1,Fixed
30,36,12.60268916789688,12,3946.094366762984,1,RL
30,37,27.893715588348186,13,4795.618021362972,1,Fixed
30,37,16.81899218990055,12,5030.471839250757,1,RL
30,38,13.660065107036957,12,4604.3894147892825,1,Fixed
30,38,23.606502629261016,11,5252.110855631873,1,RL
30,39,12.893299745644782,9,4542.99846593033,1,Fixed
30,39,19.40049889676434,13,6135.864447991968,1,RL
30,40,11.21514561155874,16,4858.1695127610365,1,Fixed
30,40,10.672450542311665,17,5320.585249797784,1,RL
30,41,14.496571273796452,13,5151.857132801482,1,Fixed
30,41,15.603896660675806,16,5805.561692522624,1,RL
30,42,21.26504274661006,11,4775.089389045636,1,Fixed
30,42,14.245268163579563,15,5639.949318183449,1,RL
30,43,11.40880238244653,15,5377.399945465246,1,Fixed
30,43,10.069418929797905,12,4663.028124856299,1,RL
30,44,8.414454135296598,12,4575.890168097324,1,Fixed
30,44,20.58206318662305,13,4861.872125443647,1,RL
30,45,12.806307167420519,10,4699.116162456798,1,Fixed
30,45,16.15693450817552,14,5227.655823245334,1,RL
30,46,15.747303637292717,10,4785.895223956766,1,Fixed
30,46,10.803415514976418,13,4444.679759877849,1,RL
30,47,14.834782243604511,14,4883.221123847889,1,Fixed
30,47,15.853197419820953,13,5560.336470796339,1,RL
30,48,29.647162024761958,11,4823.830068289778,1,Fixed
30,48,15.47083935638241,12,5845.9142769125665,1,RL
30,49,12.502092950205434,12,4046.80439773441,1,Fixed
30,49,15.433600522550321,12,4583.132550223579,1,RL
30,50,12.24765053405434,12,4497.013494387588,1,Fixed
30,50,21.26874237861651,14,5098.673806996791,1,RL
30,51,19.027196057120072,15,5458.691703807517,1,Fixed
30,51,26.36281616545704,16,7383.496497112933,1,RL
30,52,16.04328757581124,15,4530.878090695943,1,Fixed
30,52,9.278104242874988,12,4842.766123243959,1,RL
30,53,14.320234820564796,13,4967.22568289175,1,Fixed
30,53,17.36484801964317,14,4981.02756983162,1,RL
30,54,8.825021660402545,14,5076.285990014792,1,Fixed
30,54,13.24482772079898,15,4140.598869824853,1,RL
30,55,11.22236219914965,14,4686.842082634744,1,Fixed
30,55,12.784191790588029,10,4855.437796170798,1,RL
30,56,19.998992619700626,12,4823.234350401435,1,Fixed
30,56,13.942456708654666,14,5032.1977513563825,1,RL
30,57,13.080599119260407,12,4715.161630801777,1,Fixed
30,57,10.292809016582273,15,5496.646789266633,1,RL
30,58,11.366632768893364,11,4536.7194965569715,1,Fixed
30,58,13.434736145845392,15,6535.953583296597,1,RL
30,59,13.69620111619055,14,4745.15946683056,1,Fixed
30,59,12.01462062580026,10,5536.7068503139635,1,RL
30,60,14.367047812213338,8,4295.005855143065,1,Fixed
30,60,13.389448938476395,12,5489.183004135983,1,RL
30,61,18.270789408758464,12,5049.5649588117285,1,Fixed
30,61,15.692526735779515,9,5232.508793574251,1,RL
30,62,8.965789018997203,14,4596.90747978262,1,Fixed
30,62,13.793729363982811,15,5824.15296518856,1,RL
30,63,9.601036603057851,12,4375.868165961241,1,Fixed
30,63,11.069613088822255,13,4982.084818054977,1,RL
30,64,16.445145517294524,10,4214.717287473247,1,Fixed
30,64,7.154433310109139,9,4745.927891985846,1,RL
30,65,13.658284202500266,13,4840.914805842614,1,Fixed
30,65,14.1505142342221,10,4275.547761072962,1,RL
30,66,10.573773426157576,11,3907.610319562864,1,Fixed
30,66,13.742429020783424,15,4867.23178657288,1,RL
30,67,8.550454236594778,13,4627.256673584558,1,Fixed
30,67,12.83127809365728,12,6004.667154373746,1,RL
30,68,11.81735939166531,13,4680.829525675543,1,Fixed
30,68,19.58170378008674,11,6915.638219411648,1,RL
30,69,13.299098674845169,15,5026.559547230379,1,Fixed
30,69,11.50411589275511,15,5859.624195045755,1,RL
30,70,22.128833878590473,16,4868.056060449523,1,Fixed
30,70,10.981683414676617,15,5615.226698913167,1,RL
30,71,6.6899133959765535,11,3859.867292302141,1,Fixed
30,71,11.499059038977567,13,4442.559032047879,1,RL
30,72,13.167410178978406,14,5065.207413495876,1,Fixed
30,72,9.410433622255242,15,4970.488963030718,1,RL
30,73,10.486699017288576,11,4194.962229072908,1,Fixed
30,73,20.737806510573595,13,4510.185857633986,1,RL
30,74,13.041569644836633,12,4597.381564544804,1,Fixed
30,74,16.08527395172974,13,4809.125345487128,1,RL
30,75,18.08218194992533,12,5126.36225826814,1,Fixed
30,75,27.68408335674024,15,6026.051295126401,1,RL
30,76,14.69404788782592,10,4972.91378214331,1,Fixed
30,76,15.19779471573862,11,4480.57696785824,1,RL
30,77,10.446773692521901,12,4893.163486148698,1,Fixed
30,77,16.971779632881088,11,5243.5886123903165,1,RL
30,78,13.83941172429472,8,4492.248703927485,1,Fixed
30,78,19.656118322775434,8,4291.193561827081,1,RL
30,79,18.375154704389345,14,4667.817930508639,1,Fixed
30,79,14.037950681192575,13,4902.266869345373,1,RL
30,80,20.917239751019356,13,4580.6734664529695,1,Fixed
30,80,21.86213870324875,14,5298.595653412427,1,RL
30,81,16.01803855066122,12,5139.95866885249,1,Fixed
30,81,18.27100682842081,10,5195.830577822168,1,RL
30,82,13.351460348690384,11,4493.987179150051,1,Fixed
30,82,12.819864636222912,12,5217.189706286215,1,RL
30,83,26.89826280872167,15,5058.591248726554,1,Fixed
30,83,18.913884877641756,16,5366.467167890703,1,RL
30,84,18.528372302993066,11,4563.718873983958,1,Fixed
30,84,13.822968634737924,13,4883.364120237906,1,RL
30,85,15.294035472362802,8,4376.602350172212,1,Fixed
30,85,13.654234965550259,16,5522.4313142466035,1,RL
30,86,19.665230447082227,10,4648.304610015127,1,Fixed
30,86,9.169746368649431,14,5536.673898262888,1,RL
30,87,10.797670816501146,12,4477.221963357346,1,Fixed
30,87,16.669762086838297,13,4703.154079849794,1,RL
30,88,11.306661686818698,12,4521.428769908412,1,Fixed
30,88,14.030711685532705,5,3483.934634033897,1,RL
30,89,19.772233666709916,13,4613.233403022138,1,Fixed
30,89,12.763836314902791,12,4612.598281049476,1,RL
30,90,10.116675375273918,10,4530.1095746957,1,Fixed
30,90,12.18389906185985,12,5072.566904035037,1,RL
30,91,16.837332032986833,12,5695.828886627198,1,Fixed
30,91,19.90305452306921,14,6488.452246409964,1,RL
30,92,12.94237600537328,15,5344.908275648882,1,Fixed
30,92,16.509572885962385,13,4807.323614779689,1,RL
30,93,12.96586011165977,10,4893.5936941996415,1,Fixed
30,93,13.477534780795423,13,4701.210241834335,1,RL
30,94,14.93771837628048,10,4960.573006561436,1,Fixed
30,94,18.51828711585154,13,5545.816415929362,1,RL
30,95,18.970773410734843,11,5238.394064663624,1,Fixed
30,95,19.63214946832914,14,5197.282664995857,1,RL
30,96,28.043108229352253,14,5408.592302053134,1,Fixed
30,96,18.483682850692382,13,5260.012256618301,1,RL
30,97,16.83509551758932,13,4727.233266701077,1,Fixed
30,97,9.624982810976974,9,4169.749222721611,1,RL
30,98,20.301776093394498,13,4625.611053797916,1,Fixed
30,98,20.266619814554954,14,6199.805636206928,1,RL
30,99,29.540115697975427,14,5390.948962085554,1,Fixed
30,99,15.046841034566933,17,5549.473695189568,1,RL
