source_id,source_x,source_y,run,Ts,I,SD,Success,Type
1,72.02679239473956,68.72830044131277,0,16.07592021943495,12,3233.3145313603795,1,Fixed
1,72.02679239473956,68.72830044131277,0,8.664285304191406,13,3102.4960884885068,1,RL
1,72.02679239473956,68.72830044131277,1,15.333355221836573,14,2871.5352015213425,1,Fixed
1,72.02679239473956,68.72830044131277,1,13.721911482445785,14,3079.167556780168,1,RL
1,72.02679239473956,68.72830044131277,2,11.392651213657638,14,2841.774825120776,1,Fixed
1,72.02679239473956,68.72830044131277,2,13.785989345957097,12,2877.219678699475,1,RL
1,72.02679239473956,68.72830044131277,3,16.686229782943137,13,3014.551201689232,1,Fixed
1,72.02679239473956,68.72830044131277,3,13.443807871162168,16,3983.800745036898,1,RL
1,72.02679239473956,68.72830044131277,4,7.037875886217776,10,2754.754912022867,1,Fixed
1,72.02679239473956,68.72830044131277,4,4.9343280936360525,12,3005.6676520849906,1,RL
1,72.02679239473956,68.72830044131277,5,12.956358155627726,11,2773.8120703909976,1,Fixed
1,72.02679239473956,68.72830044131277,5,8.292750952361848,13,2387.296108196917,1,RL
1,72.02679239473956,68.72830044131277,6,9.929580401223985,13,3109.1620068043203,1,Fixed
1,72.02679239473956,68.72830044131277,6,6.765971345967955,10,2535.7350307864376,1,RL
1,72.02679239473956,68.72830044131277,7,5.949457120857543,13,2757.0256945153533,1,Fixed
1,72.02679239473956,68.72830044131277,7,14.19244687191907,10,2905.463354571282,1,RL
1,72.02679239473956,68.72830044131277,8,12.282641821301134,13,2685.2617783097926,1,Fixed
1,72.02679239473956,68.72830044131277,8,5.770922639339483,9,2616.8911122477757,1,RL
1,72.02679239473956,68.72830044131277,9,10.459428755100912,12,2805.996189026806,1,Fixed
1,72.02679239473956,68.72830044131277,9,19.43724115946099,14,2934.284896166914,1,RL
1,72.02679239473956,68.72830044131277,10,18.668053763760035,13,3320.6053968674996,1,Fixed
1,72.02679239473956,68.72830044131277,10,14.515066136497165,16,4129.906000883381,1,RL
1,72.02679239473956,68.72830044131277,11,5.800583887524234,14,2976.145976724335,1,Fixed
1,72.02679239473956,68.72830044131277,11,10.630762290109248,13,3160.8325281412463,1,RL
1,72.02679239473956,68.72830044131277,12,9.33649818080102,13,2424.48527805612,1,Fixed
1,72.02679239473956,68.72830044131277,12,15.06923617554503,15,2880.4904516859688,1,RL
1,72.02679239473956,68.72830044131277,13,4.674574621027948,11,3275.1950203725573,1,Fixed
1,72.02679239473956,68.72830044131277,13,11.588766319793088,11,3005.9584342286835,1,RL
1,72.02679239473956,68.72830044131277,14,15.767937476517753,12,2541.523235863656,1,Fixed
1,72.02679239473956,68.72830044131277,14,17.34544448079391,12,3641.138982685529,1,RL
1,72.02679239473956,68.72830044131277,15,17.792921670505812,11,2989.5970400776105,1,Fixed
1,72.02679239473956,68.72830044131277,15,6.967416932472519,9,2505.3900615359653,1,RL
1,72.02679239473956,68.72830044131277,16,18.913151311322626,14,3665.2165655176436,1,Fixed
1,72.02679239473956,68.72830044131277,16,12.308818247529167,13,3047.9936477029187,1,RL
1,72.02679239473956,68.72830044131277,17,5.082131126835593,14,3254.5932416416927,1,Fixed
1,72.02679239473956,68.72830044131277,17,5.120682559541326,13,2281.9408160905155,1,RL
1,72.02679239473956,68.72830044131277,18,20.477431385051656,9,2621.4015713707154,1,Fixed
1,72.02679239473956,68.72830044131277,18,17.960203790020415,13,3285.8672113261036,1,RL
1,72.02679239473956,68.72830044131277,19,17.464677940352484,13,3234.6547295755763,1,Fixed
1,72.02679239473956,68.72830044131277,19,18.790204603734768,14,2906.5744211019846,1,RL
1,72.02679239473956,68.72830044131277,20,14.104170819233909,15,3281.0262168821796,1,Fixed
1,72.02679239473956,68.72830044131277,20,15.443474499362926,14,3023.130510734387,1,RL
1,72.02679239473956,68.72830044131277,21,18.20480981696243,16,3511.3240606516047,1,Fixed
1,72.02679239473956,68.72830044131277,21,9.85907020361075,8,2293.5825550065374,1,RL
1,72.02679239473956,68.72830044131277,22,13.70674240369008,13,3025.123769229308,1,Fixed
1,72.02679239473956,68.72830044131277,22,8.463163037146998,12,2997.4852368915745,1,RL
1,72.02679239473956,68.72830044131277,23,26.498293846873175,10,3119.7186193632483,1,Fixed
1,72.02679239473956,68.72830044131277,23,5.877420106685969,12,3191.039337960369,1,RL
1,72.02679239473956,68.72830044131277,24,9.236525875977545,13,3204.7026391263007,1,Fixed
1,72.02679239473956,68.72830044131277,24,14.071816893192302,15,3256.35665467159,1,RL
1,72.02679239473956,68.72830044131277,25,11.732924320880342,13,2916.72947686737,1,Fixed
1,72.02679239473956,68.72830044131277,25,18.776111366668225,15,3963.2311815462044,1,RL
1,72.02679239473956,68.72830044131277,26,5.502942564130693,11,2584.7678916617774,1,Fixed
1,72.02679239473956,68.72830044131277,26,6.962698858808698,11,2693.8970864931075,1,RL
1,72.02679239473956,68.72830044131277,27,10.46290548860088,14,2954.418809435781,1,Fixed
1,72.02679239473956,68.72830044131277,27,13.809821219086412,11,3075.35484859747,1,RL
1,72.02679239473956,68.72830044131277,28,6.751949766846752,13,3072.5731719650257,1,Fixed
1,72.02679239473956,68.72830044131277,28,15.767450883670872,13,2946.414639864584,1,RL
1,72.02679239473956,68.72830044131277,29,6.111624538272198,11,2904.7128427304892,1,Fixed
1,72.02679239473956,68.72830044131277,29,16.517796405754993,12,2976.206997480332,1,RL
1,72.02679239473956,68.72830044131277,30,7.640607929798665,14,2659.7613320903984,1,Fixed
1,72.02679239473956,68.72830044131277,30,12.336951608637913,17,3313.246089321514,1,RL
1,72.02679239473956,68.72830044131277,31,9.367087662942339,15,3035.418017538141,1,Fixed
1,72.02679239473956,68.72830044131277,31,11.24240095488528,11,3261.6220203681964,1,RL
1,72.02679239473956,68.72830044131277,32,8.522466711460941,15,2796.6349717228504,1,Fixed
1,72.02679239473956,68.72830044131277,32,11.660744636170733,7,2828.0540974715864,1,RL
1,72.02679239473956,68.72830044131277,33,14.281612196310627,11,2870.9694150050536,1,Fixed
1,72.02679239473956,68.72830044131277,33,21.125310385184513,13,2967.0266840389104,1,RL
1,72.02679239473956,68.72830044131277,34,17.146689531024084,14,3193.791720006923,1,Fixed
1,72.02679239473956,68.72830044131277,34,5.616153336955614,6,2394.198736750372,1,RL
1,72.02679239473956,68.72830044131277,35,7.744945822971358,10,2973.837481418502,1,Fixed
1,72.02679239473956,68.72830044131277,35,12.867173326532793,10,2408.9882641494696,1,RL
1,72.02679239473956,68.72830044131277,36,7.190316211201619,13,3155.3896751791553,1,Fixed
1,72.02679239473956,68.72830044131277,36,21.815033431430336,16,3548.00623649125,1,RL
1,72.02679239473956,68.72830044131277,37,12.824948221423403,15,3357.306190682131,1,Fixed
1,72.02679239473956,68.72830044131277,37,12.478536217041073,14,3720.525977697388,1,RL
1,72.02679239473956,68.72830044131277,38,12.845059737462051,12,2831.9335442472016,1,Fixed
1,72.02679239473956,68.72830044131277,38,16.513823852543936,17,3969.967684609998,1,RL
1,72.02679239473956,68.72830044131277,39,10.023036232736276,10,2781.8569167063188,1,Fixed
1,72.02679239473956,68.72830044131277,39,13.118517747570872,13,3591.2143981586146,1,RL
1,72.02679239473956,68.72830044131277,40,14.607728412643443,12,3104.014704534085,1,Fixed
1,72.02679239473956,68.72830044131277,40,7.61818690069282,12,2913.9149846432856,1,RL
1,72.02679239473956,68.72830044131277,41,15.883970394639865,13,2982.273772427944,1,Fixed
1,72.02679239473956,68.72830044131277,41,16.372756109829474,14,3897.2507165880693,1,RL
1,72.02679239473956,68.72830044131277,42,8.501531939140841,13,3166.8857186495056,1,Fixed
1,72.02679239473956,68.72830044131277,42,6.808281605886864,13,3029.626545648575,1,RL
1,72.02679239473956,68.72830044131277,43,15.001844274812651,14,2869.792583462225,1,Fixed
1,72.02679239473956,68.72830044131277,43,6.539070244459334,11,2566.075521517626,1,RL
1,72.02679239473956,68.72830044131277,44,18.531403701366536,10,2774.4474014353573,1,Fixed
1,72.02679239473956,68.72830044131277,44,10.900220846696905,11,3077.8991928299556,1,RL
1,72.02679239473956,68.72830044131277,45,19.02010106561296,13,3143.954647874557,1,Fixed
1,72.02679239473956,68.72830044131277,45,21.373817073276363,12,3788.8590022552708,1,RL
1,72.02679239473956,68.72830044131277,46,14.372067505756954,12,2785.899380396022,1,Fixed
1,72.02679239473956,68.72830044131277,46,11.26478398174252,14,3134.545939326011,1,RL
1,72.02679239473956,68.72830044131277,47,8.527227312596278,9,3108.243126769379,1,Fixed
1,72.02679239473956,68.72830044131277,47,15.560688559299388,12,3276.4755595089946,1,RL
1,72.02679239473956,68.72830044131277,48,12.898835694337768,14,3201.503471334828,1,Fixed
1,72.02679239473956,68.72830044131277,48,13.466334399619992,14,2978.487189278085,1,RL
1,72.02679239473956,68.72830044131277,49,6.282561641284138,11,2724.6570292156866,1,Fixed
1,72.02679239473956,68.72830044131277,49,9.783920636999792,9,2733.114052490322,1,RL
1,72.02679239473956,68.72830044131277,50,19.480996436583823,13,2747.0774431518626,1,Fixed
1,72.02679239473956,68.72830044131277,50,8.680974459043288,12,3463.8881011739345,1,RL
1,72.02679239473956,68.72830044131277,51,15.72000285052619,15,3235.154809816264,1,Fixed
1,72.02679239473956,68.72830044131277,51,20.642724749629647,13,3184.958417139075,1,RL
1,72.02679239473956,68.72830044131277,52,6.447612533290124,11,2904.9178687304657,1,Fixed
1,72.02679239473956,68.72830044131277,52,21.034262288727945,15,3475.7688115749806,1,RL
1,72.02679239473956,68.72830044131277,53,13.603416761601329,13,2938.6033925034244,1,Fixed
1,72.02679239473956,68.72830044131277,53,13.680379765889395,12,2742.313504638071,1,RL
1,72.02679239473956,68.72830044131277,54,22.075589349918257,13,3002.3190360975245,1,Fixed
1,72.02679239473956,68.72830044131277,54,8.908458992956945,9,2719.4903614902405,1,RL
1,72.02679239473956,68.72830044131277,55,14.366780924310751,18,3520.6963313480464,1,Fixed
1,72.02679239473956,68.72830044131277,55,24.26236540773551,15,3709.4326542078384,1,RL
1,72.02679239473956,68.72830044131277,56,7.002996972151669,13,2436.9062148653065,1,Fixed
1,72.02679239473956,68.72830044131277,56,11.020870026368694,14,2824.1198176432817,1,RL
1,72.02679239473956,68.72830044131277,57,8.814131071915947,12,3181.811133018191,1,Fixed
1,72.02679239473956,68.72830044131277,57,300.0,300,3467.222465049107,0,RL
1,72.02679239473956,68.72830044131277,58,20.287608332645387,13,2753.9367351312803,1,Fixed
1,72.02679239473956,68.72830044131277,58,18.387576694947423,14,3214.164219146714,1,RL
1,72.02679239473956,68.72830044131277,59,11.02593912766673,12,3054.0271521691557,1,Fixed
1,72.02679239473956,68.72830044131277,59,13.468807681567645,15,3075.842871394123,1,RL
1,72.02679239473956,68.72830044131277,60,8.576177323202971,15,2909.604963600467,1,Fixed
1,72.02679239473956,68.72830044131277,60,22.844266632882498,9,3357.70753826536,1,RL
1,72.02679239473956,68.72830044131277,61,17.756174694716783,12,3124.454119428359,1,Fixed
1,72.02679239473956,68.72830044131277,61,6.3263718029859985,13,2509.8451497413616,1,RL
1,72.02679239473956,68.72830044131277,62,13.463679548767178,15,2913.3380788630175,1,Fixed
1,72.02679239473956,68.72830044131277,62,11.67656176392995,13,2941.060541594476,1,RL
1,72.02679239473956,68.72830044131277,63,7.590946523895932,10,3267.4934340972923,1,Fixed
1,72.02679239473956,68.72830044131277,63,6.026511208492261,12,3161.0993410853557,1,RL
1,72.02679239473956,68.72830044131277,64,16.963085518398657,12,3078.9188497074797,1,Fixed
1,72.02679239473956,68.72830044131277,64,5.66278402910808,13,3378.6029172146955,1,RL
1,72.02679239473956,68.72830044131277,65,11.825446327901119,12,2849.008199354178,1,Fixed
1,72.02679239473956,68.72830044131277,65,19.365628714733507,17,3246.398132593727,1,RL
1,72.02679239473956,68.72830044131277,66,8.144574723855602,8,2360.1241511323174,1,Fixed
1,72.02679239473956,68.72830044131277,66,16.562270689770177,13,2871.287510677325,1,RL
1,72.02679239473956,68.72830044131277,67,9.844382173895685,11,2619.767799745229,1,Fixed
1,72.02679239473956,68.72830044131277,67,13.00334604950323,13,3190.3037494902774,1,RL
1,72.02679239473956,68.72830044131277,68,4.420374862041581,12,2773.7826250868147,1,Fixed
1,72.02679239473956,68.72830044131277,68,8.583121005301715,15,2528.4149496595383,1,RL
1,72.02679239473956,68.72830044131277,69,9.887674168315272,13,3194.3191859530893,1,Fixed
1,72.02679239473956,68.72830044131277,69,11.82709105574408,15,2484.837527284599,1,RL
1,72.02679239473956,68.72830044131277,70,20.92667904939453,14,3282.768414706361,1,Fixed
1,72.02679239473956,68.72830044131277,70,11.75313547493269,14,2948.6081268738026,1,RL
1,72.02679239473956,68.72830044131277,71,5.97571682651823,17,3332.383583177926,1,Fixed
1,72.02679239473956,68.72830044131277,71,21.03582684969729,11,2983.0075863148327,1,RL
1,72.02679239473956,68.72830044131277,72,13.41420237995479,10,2497.9718615295797,1,Fixed
1,72.02679239473956,68.72830044131277,72,4.471605666891536,10,2853.2055485068654,1,RL
1,72.02679239473956,68.72830044131277,73,15.610472062974827,10,2393.32559977012,1,Fixed
1,72.02679239473956,68.72830044131277,73,6.259171400845011,11,3463.6517104550644,1,RL
1,72.02679239473956,68.72830044131277,74,14.77670428083421,14,3155.971157593101,1,Fixed
1,72.02679239473956,68.72830044131277,74,5.223830097822977,6,2527.513802616339,1,RL
1,72.02679239473956,68.72830044131277,75,4.378243163586291,16,2924.7949426741416,1,Fixed
1,72.02679239473956,68.72830044131277,75,12.683465571284364,15,3565.457144089864,1,RL
1,72.02679239473956,68.72830044131277,76,13.62149385806067,12,3017.828746802547,1,Fixed
1,72.02679239473956,68.72830044131277,76,7.777873852882358,12,3630.0427126636523,1,RL
1,72.02679239473956,68.72830044131277,77,11.375447869759876,15,3001.520202552995,1,Fixed
1,72.02679239473956,68.72830044131277,77,8.437877027129918,13,3029.805442117662,1,RL
1,72.02679239473956,68.72830044131277,78,6.0938830217999636,12,2889.971401339518,1,Fixed
1,72.02679239473956,68.72830044131277,78,24.582688806331667,13,3189.137864077276,1,RL
1,72.02679239473956,68.72830044131277,79,8.863898649695328,12,2734.5464449121414,1,Fixed
1,72.02679239473956,68.72830044131277,79,23.754078486023666,16,3756.411226523542,1,RL
1,72.02679239473956,68.72830044131277,80,11.324620751222687,14,3061.2774067645305,1,Fixed
1,72.02679239473956,68.72830044131277,80,19.691056539817968,15,3251.8904318393593,1,RL
1,72.02679239473956,68.72830044131277,81,24.223892132663778,18,3522.1342247581442,1,Fixed
1,72.02679239473956,68.72830044131277,81,16.260233377155064,12,2859.2248405009304,1,RL
1,72.02679239473956,68.72830044131277,82,5.028998488619986,11,2568.6700046219275,1,Fixed
1,72.02679239473956,68.72830044131277,82,5.546257466161933,10,2466.7820325409075,1,RL
1,72.02679239473956,68.72830044131277,83,13.813384494109268,14,3113.4424996028984,1,Fixed
1,72.02679239473956,68.72830044131277,83,13.834028691952378,16,3563.6940482459836,1,RL
1,72.02679239473956,68.72830044131277,84,17.482187386392596,13,3335.399122096102,1,Fixed
1,72.02679239473956,68.72830044131277,84,11.946432477591841,13,3227.309912188518,1,RL
1,72.02679239473956,68.72830044131277,85,18.0920038341061,11,3043.449431998431,1,Fixed
1,72.02679239473956,68.72830044131277,85,26.902357333018642,15,3670.9518052136455,1,RL
1,72.02679239473956,68.72830044131277,86,21.05230309955587,12,3147.3190641346064,1,Fixed
1,72.02679239473956,68.72830044131277,86,7.660995859285092,14,3569.160921906213,1,RL
1,72.02679239473956,68.72830044131277,87,5.549328954605853,13,3120.767013026241,1,Fixed
1,72.02679239473956,68.72830044131277,87,8.003400519236116,14,2330.69975456617,1,RL
1,72.02679239473956,68.72830044131277,88,18.9621905305903,13,2795.200142672968,1,Fixed
1,72.02679239473956,68.72830044131277,88,8.516550341517311,10,2623.4417047113093,1,RL
1,72.02679239473956,68.72830044131277,89,7.632163025439844,15,3084.2083831276145,1,Fixed
1,72.02679239473956,68.72830044131277,89,18.707364803498013,13,3012.5478137882023,1,RL
1,72.02679239473956,68.72830044131277,90,15.921139516529095,15,2524.859970129029,1,Fixed
1,72.02679239473956,68.72830044131277,90,9.085676296272174,11,2583.1125497449093,1,RL
1,72.02679239473956,68.72830044131277,91,18.88866661147051,7,2798.456759515483,1,Fixed
1,72.02679239473956,68.72830044131277,91,10.198267593523308,10,3099.611943134513,1,RL
1,72.02679239473956,68.72830044131277,92,7.9240896618019105,7,2907.4030446249144,1,Fixed
1,72.02679239473956,68.72830044131277,92,12.432036802452425,10,2996.723817273529,1,RL
1,72.02679239473956,68.72830044131277,93,8.529885970104335,13,2477.021139987684,1,Fixed
1,72.02679239473956,68.72830044131277,93,15.052429543010595,11,2993.487358751708,1,RL
1,72.02679239473956,68.72830044131277,94,13.433436091919779,10,3173.0352051604814,1,Fixed
1,72.02679239473956,68.72830044131277,94,8.145116019263666,14,3070.11576667289,1,RL
1,72.02679239473956,68.72830044131277,95,21.102716218518527,12,3049.6326934689596,1,Fixed
1,72.02679239473956,68.72830044131277,95,11.634761824254294,13,2910.0242751195915,1,RL
1,72.02679239473956,68.72830044131277,96,17.29187334163162,15,3626.663578801783,1,Fixed
1,72.02679239473956,68.72830044131277,96,6.4235819787000406,13,2874.406682971836,1,RL
1,72.02679239473956,68.72830044131277,97,16.289264413138078,13,2930.65656082014,1,Fixed
1,72.02679239473956,68.72830044131277,97,13.271359032559815,18,4718.454244228174,1,RL
1,72.02679239473956,68.72830044131277,98,15.268787770580847,14,3010.623431965288,1,Fixed
1,72.02679239473956,68.72830044131277,98,9.002108167024684,8,2861.5673643783175,1,RL
1,72.02679239473956,68.72830044131277,99,17.57995485444013,12,3117.3818301810006,1,Fixed
1,72.02679239473956,68.72830044131277,99,6.661061205494991,7,2543.5055570963304,1,RL
2,9.575419866335766,92.25724049058,0,2.080223912030136,10,2610.737777920665,1,Fixed
2,9.575419866335766,92.25724049058,0,1.9025536021242622,9,3070.8550857809323,1,RL
2,9.575419866335766,92.25724049058,1,18.477342566067094,12,2750.1546363038988,1,Fixed
2,9.575419866335766,92.25724049058,1,10.623430702017924,11,3340.606809720151,1,RL
2,9.575419866335766,92.25724049058,2,17.65625066168213,11,2989.3939321606713,1,Fixed
2,9.575419866335766,92.25724049058,2,4.553578335573404,10,3113.047645224403,1,RL
2,9.575419866335766,92.25724049058,3,18.872027297740956,14,3096.468020381183,1,Fixed
2,9.575419866335766,92.25724049058,3,1.2750906653765637,8,2712.107461715249,1,RL
2,9.575419866335766,92.25724049058,4,1.1936065401117872,4,2336.871525753634,1,Fixed
2,9.575419866335766,92.25724049058,4,10.053446636435227,12,2717.7376558285305,1,RL
2,9.575419866335766,92.25724049058,5,15.482018098863358,13,2657.749490330573,1,Fixed
2,9.575419866335766,92.25724049058,5,10.850869189697054,13,2583.9139590769514,1,RL
2,9.575419866335766,92.25724049058,6,20.742591673738886,15,3017.576838158551,1,Fixed
2,9.575419866335766,92.25724049058,6,17.987762009398665,12,3708.9134131885867,1,RL
2,9.575419866335766,92.25724049058,7,5.875509908838799,9,2565.3283117237816,1,Fixed
2,9.575419866335766,92.25724049058,7,12.05205978660646,13,2797.496842190112,1,RL
2,9.575419866335766,92.25724049058,8,5.179236554746704,11,2404.6971359056515,1,Fixed
2,9.575419866335766,92.25724049058,8,13.70955958333017,13,2744.600759957608,1,RL
2,9.575419866335766,92.25724049058,9,11.809667710953615,14,3651.4982624527293,1,Fixed
2,9.575419866335766,92.25724049058,9,2.084715185586593,12,2442.283792769715,1,RL
2,9.575419866335766,92.25724049058,10,5.882116211281076,12,2703.4982835113956,1,Fixed
2,9.575419866335766,92.25724049058,10,22.675051223486246,12,3187.80126485802,1,RL
2,9.575419866335766,92.25724049058,11,3.1111493619379957,15,2975.787470475664,1,Fixed
2,9.575419866335766,92.25724049058,11,24.010531775831573,12,2880.813449130758,1,RL
2,9.575419866335766,92.25724049058,12,9.635448840128204,11,3494.1391624456915,1,Fixed
2,9.575419866335766,92.25724049058,12,15.418706020143242,14,3080.8169107412086,1,RL
2,9.575419866335766,92.25724049058,13,2.0599224664194082,10,2362.713436764382,1,Fixed
2,9.575419866335766,92.25724049058,13,14.858310487178546,11,2433.4183541459984,1,RL
2,9.575419866335766,92.25724049058,14,15.903714624546936,12,2631.425851188367,1,Fixed
2,9.575419866335766,92.25724049058,14,16.62317460241179,15,3485.3711079567292,1,RL
2,9.575419866335766,92.25724049058,15,6.988306731083808,13,2166.37320329891,1,Fixed
2,9.575419866335766,92.25724049058,15,4.250446241391885,12,3175.9509519854264,1,RL
2,9.575419866335766,92.25724049058,16,11.22981863553743,7,2598.209593758266,1,Fixed
2,9.575419866335766,92.25724049058,16,8.911222371800283,16,3165.1829126771886,1,RL
2,9.575419866335766,92.25724049058,17,9.893487804502445,10,2658.2282365938568,1,Fixed
2,9.575419866335766,92.25724049058,17,15.12637913367642,9,2603.1019562792553,1,RL
2,9.575419866335766,92.25724049058,18,7.861622589104262,11,2888.8423137656564,1,Fixed
2,9.575419866335766,92.25724049058,18,7.91203422362568,10,2395.7941912849346,1,RL
2,9.575419866335766,92.25724049058,19,16.02383158272986,16,2725.0513317894474,1,Fixed
2,9.575419866335766,92.25724049058,19,1.7610573200987851,9,2696.6767574046135,1,RL
2,9.575419866335766,92.25724049058,20,5.9097778505181555,10,2554.6135222067774,1,Fixed
2,9.575419866335766,92.25724049058,20,25.838348896629867,10,2796.002523940497,1,RL
2,9.575419866335766,92.25724049058,21,2.7819072878749846,12,2610.0467421016547,1,Fixed
2,9.575419866335766,92.25724049058,21,19.500200174711942,14,2802.244832907049,1,RL
2,9.575419866335766,92.25724049058,22,23.04874828285307,11,2484.283747258445,1,Fixed
2,9.575419866335766,92.25724049058,22,300.0,300,4069.996840764963,0,RL
2,9.575419866335766,92.25724049058,23,19.751705651114758,12,2575.0907403940328,1,Fixed
2,9.575419866335766,92.25724049058,23,12.455876149851274,13,3004.972196130034,1,RL
2,9.575419866335766,92.25724049058,24,14.355834700504431,16,2876.9027863129327,1,Fixed
2,9.575419866335766,92.25724049058,24,8.677263010120019,14,3266.821347391962,1,RL
2,9.575419866335766,92.25724049058,25,15.53067439727109,14,3459.8675341590906,1,Fixed
2,9.575419866335766,92.25724049058,25,15.613034384005397,9,2622.600620651385,1,RL
2,9.575419866335766,92.25724049058,26,300.0,300,3232.383276249142,0,Fixed
2,9.575419866335766,92.25724049058,26,19.66376077912032,15,3807.0905127028927,1,RL
2,9.575419866335766,92.25724049058,27,2.5850891487263894,14,2889.015547648917,1,Fixed
2,9.575419866335766,92.25724049058,27,4.9096054599119245,11,2522.447208310442,1,RL
2,9.575419866335766,92.25724049058,28,1.5205037784671087,9,2521.4077587216448,1,Fixed
2,9.575419866335766,92.25724049058,28,1.4998355832222399,14,3408.81756205316,1,RL
2,9.575419866335766,92.25724049058,29,13.66189469858952,15,3063.945567993271,1,Fixed
2,9.575419866335766,92.25724049058,29,11.197742352695961,12,2969.80689558591,1,RL
2,9.575419866335766,92.25724049058,30,6.326873377541783,6,2548.083178682351,1,Fixed
2,9.575419866335766,92.25724049058,30,4.101524238855254,10,2448.551355387782,1,RL
2,9.575419866335766,92.25724049058,31,16.311002129628577,14,2874.266585792774,1,Fixed
2,9.575419866335766,92.25724049058,31,2.7118958662033195,12,2975.5257700711472,1,RL
2,9.575419866335766,92.25724049058,32,1.3175110453098893,12,3551.116856900424,1,Fixed
2,9.575419866335766,92.25724049058,32,2.456053088651083,8,2257.8567286240873,1,RL
2,9.575419866335766,92.25724049058,33,6.196335308989624,13,2992.576017055404,1,Fixed
2,9.575419866335766,92.25724049058,33,2.8580389805290927,5,2632.945206372037,1,RL
2,9.575419866335766,92.25724049058,34,1.5822198758522636,11,2695.631612798433,1,Fixed
2,9.575419866335766,92.25724049058,34,16.003953213619255,12,2719.8824154584677,1,RL
2,9.575419866335766,92.25724049058,35,9.813572017792213,12,3042.739222733258,1,Fixed
2,9.575419866335766,92.25724049058,35,14.79755809452723,43,4435.867792814004,1,RL
2,9.575419866335766,92.25724049058,36,11.161721687733095,10,2593.5975027059003,1,Fixed
2,9.575419866335766,92.25724049058,36,16.72408814670581,10,2593.3108295894012,1,RL
2,9.575419866335766,92.25724049058,37,2.4116445327287286,12,2952.6450867804365,1,Fixed
2,9.575419866335766,92.25724049058,37,5.064069636068493,13,2824.1820362812937,1,RL
2,9.575419866335766,92.25724049058,38,9.179143146644774,12,2841.002528374124,1,Fixed
2,9.575419866335766,92.25724049058,38,1.952827016905686,9,2387.680154656512,1,RL
2,9.575419866335766,92.25724049058,39,11.228445765336682,14,2885.1178328955857,1,Fixed
2,9.575419866335766,92.25724049058,39,17.68709618918375,14,3471.7518521498737,1,RL
2,9.575419866335766,92.25724049058,40,12.995242941252604,13,3051.13241011245,1,Fixed
2,9.575419866335766,92.25724049058,40,7.666704962397421,14,2934.2670339607844,1,RL
2,9.575419866335766,92.25724049058,41,3.1738372070920016,14,2800.563444815858,1,Fixed
2,9.575419866335766,92.25724049058,41,7.324875504450847,9,2916.5185947560344,1,RL
2,9.575419866335766,92.25724049058,42,18.68083869319161,8,2805.160099649994,1,Fixed
2,9.575419866335766,92.25724049058,42,3.3890521794521256,15,3516.7630224258633,1,RL
2,9.575419866335766,92.25724049058,43,3.5434046447648497,13,3266.4162858920445,1,Fixed
2,9.575419866335766,92.25724049058,43,7.68652563381162,11,2901.6417062960545,1,RL
2,9.575419866335766,92.25724049058,44,14.608839974968404,11,2865.894464388882,1,Fixed
2,9.575419866335766,92.25724049058,44,19.366479250780223,12,2752.6268821822955,1,RL
2,9.575419866335766,92.25724049058,45,5.869269697433273,11,2699.192058288201,1,Fixed
2,9.575419866335766,92.25724049058,45,2.7529995618315515,10,3056.5555792614673,1,RL
2,9.575419866335766,92.25724049058,46,17.798358658902664,9,2431.621205267029,1,Fixed
2,9.575419866335766,92.25724049058,46,17.377172437014572,12,3379.2518010184085,1,RL
2,9.575419866335766,92.25724049058,47,3.9983846809375634,10,2203.7062153488278,1,Fixed
2,9.575419866335766,92.25724049058,47,10.19994948278981,9,2669.8683446483933,1,RL
2,9.575419866335766,92.25724049058,48,5.350994982350523,12,3556.327682788733,1,Fixed
2,9.575419866335766,92.25724049058,48,14.702354045245134,10,2585.0416108320887,1,RL
2,9.575419866335766,92.25724049058,49,4.102035438529742,8,2314.514134297358,1,Fixed
2,9.575419866335766,92.25724049058,49,24.600695996974636,22,4099.1008694957645,1,RL
2,9.575419866335766,92.25724049058,50,3.827797366398181,8,2472.7953660355543,1,Fixed
2,9.575419866335766,92.25724049058,50,2.2737119936561916,11,2715.4763841375766,1,RL
2,9.575419866335766,92.25724049058,51,4.826055579725295,12,2147.3042509684683,1,Fixed
2,9.575419866335766,92.25724049058,51,3.5504928815904337,10,2537.8167109859446,1,RL
2,9.575419866335766,92.25724049058,52,7.159961853984015,12,3123.6329351648924,1,Fixed
2,9.575419866335766,92.25724049058,52,22.49898859934988,14,3246.2132108433148,1,RL
2,9.575419866335766,92.25724049058,53,4.780753777556982,11,3456.587010734529,1,Fixed
2,9.575419866335766,92.25724049058,53,18.321989741061522,10,2142.6377491222756,1,RL
2,9.575419866335766,92.25724049058,54,7.851760944608872,7,2675.790681076396,1,Fixed
2,9.575419866335766,92.25724049058,54,6.17881570261727,16,3103.999467979068,1,RL
2,9.575419866335766,92.25724049058,55,17.18148067383707,11,2399.74812705187,1,Fixed
2,9.575419866335766,92.25724049058,55,20.38280690764653,13,2833.438110180587,1,RL
2,9.575419866335766,92.25724049058,56,9.29394319877547,13,3146.5398242251376,1,Fixed
2,9.575419866335766,92.25724049058,56,21.035194133410354,12,3063.5425506233573,1,RL
2,9.575419866335766,92.25724049058,57,4.715667459813753,12,2710.7328868060695,1,Fixed
2,9.575419866335766,92.25724049058,57,6.91679475469401,15,2577.690471177393,1,RL
2,9.575419866335766,92.25724049058,58,10.349323052703914,6,2971.906212088573,1,Fixed
2,9.575419866335766,92.25724049058,58,6.452888501460668,12,2499.23343866464,1,RL
2,9.575419866335766,92.25724049058,59,4.9768480892370155,11,2634.453389120657,1,Fixed
2,9.575419866335766,92.25724049058,59,7.752194404977068,9,1826.4151107133637,1,RL
2,9.575419866335766,92.25724049058,60,300.0,300,3366.2456780994307,0,Fixed
2,9.575419866335766,92.25724049058,60,10.564313118663398,9,2757.2736132587725,1,RL
2,9.575419866335766,92.25724049058,61,11.855637010656677,14,2892.5629675024197,1,Fixed
2,9.575419866335766,92.25724049058,61,1.9427551673599737,12,3086.156857332894,1,RL
2,9.575419866335766,92.25724049058,62,3.022356661198801,10,2344.0436555337965,1,Fixed
2,9.575419866335766,92.25724049058,62,4.040628471170817,12,2725.439935534432,1,RL
2,9.575419866335766,92.25724049058,63,18.903511365066844,14,3030.8999040434205,1,Fixed
2,9.575419866335766,92.25724049058,63,2.5104666514771776,12,3482.723505358637,1,RL
2,9.575419866335766,92.25724049058,64,20.443961114066234,14,3798.9638682984705,1,Fixed
2,9.575419866335766,92.25724049058,64,16.99446984147763,9,3064.8855146839937,1,RL
2,9.575419866335766,92.25724049058,65,5.95083904146815,12,3105.582310803039,1,Fixed
2,9.575419866335766,92.25724049058,65,14.254796978833124,6,2979.6292460531085,1,RL
2,9.575419866335766,92.25724049058,66,10.108169368650305,13,3426.4964083136597,1,Fixed
2,9.575419866335766,92.25724049058,66,4.850688852773841,11,2488.098154393499,1,RL
2,9.575419866335766,92.25724049058,67,14.563825078172659,12,3109.208862956444,1,Fixed
2,9.575419866335766,92.25724049058,67,2.5366500635233082,13,3228.7928347767947,1,RL
2,9.575419866335766,92.25724049058,68,6.839543976514692,9,3152.3219253631064,1,Fixed
2,9.575419866335766,92.25724049058,68,2.9592624653573405,12,2724.6930398121794,1,RL
2,9.575419866335766,92.25724049058,69,2.840418656848441,10,3004.790909844263,1,Fixed
2,9.575419866335766,92.25724049058,69,22.151107591062154,13,3620.2084871491766,1,RL
2,9.575419866335766,92.25724049058,70,8.791112568170945,12,2536.2395777658503,1,Fixed
2,9.575419866335766,92.25724049058,70,3.9425670249385867,13,2835.15368603083,1,RL
2,9.575419866335766,92.25724049058,71,2.239627449682962,10,2653.3990466583,1,Fixed
2,9.575419866335766,92.25724049058,71,11.762315645816987,15,3550.6165634315225,1,RL
2,9.575419866335766,92.25724049058,72,2.3740383144109596,14,2115.7660789118722,1,Fixed
2,9.575419866335766,92.25724049058,72,3.46364834836956,12,2897.347786623674,1,RL
2,9.575419866335766,92.25724049058,73,16.71631196145271,22,3690.2777231991745,1,Fixed
2,9.575419866335766,92.25724049058,73,1.6707521279105477,12,2883.155105448406,1,RL
2,9.575419866335766,92.25724049058,74,8.61562103767445,8,2412.4540345740647,1,Fixed
2,9.575419866335766,92.25724049058,74,12.511533574618998,13,3102.430541368651,1,RL
2,9.575419866335766,92.25724049058,75,7.313510171507302,12,2832.531110374284,1,Fixed
2,9.575419866335766,92.25724049058,75,3.1942773354049914,14,3201.5541517241977,1,RL
2,9.575419866335766,92.25724049058,76,17.470424176954715,14,3476.6846545755698,1,Fixed
2,9.575419866335766,92.25724049058,76,1.6599248746888873,9,3237.5289102970096,1,RL
2,9.575419866335766,92.25724049058,77,4.598671299539236,15,3291.2970678523893,1,Fixed
2,9.575419866335766,92.25724049058,77,13.808549119177211,11,3059.793784389351,1,RL
2,9.575419866335766,92.25724049058,78,300.0,300,2735.637433073341,0,Fixed
2,9.575419866335766,92.25724049058,78,11.053554801306225,11,2655.472402718501,1,RL
2,9.575419866335766,92.25724049058,79,18.834870890277156,13,2969.4433114264943,1,Fixed
2,9.575419866335766,92.25724049058,79,18.06258890228394,16,3251.7027611153335,1,RL
2,9.575419866335766,92.25724049058,80,18.236659938496818,13,2453.5169216040877,1,Fixed
2,9.575419866335766,92.25724049058,80,2.068540621794365,15,3110.8529411297186,1,RL
2,9.575419866335766,92.25724049058,81,11.470228978621886,13,2680.59821361393,1,Fixed
2,9.575419866335766,92.25724049058,81,16.373625553702475,11,3130.4823507072124,1,RL
2,9.575419866335766,92.25724049058,82,19.001425253882374,12,2669.2495214529567,1,Fixed
2,9.575419866335766,92.25724049058,82,22.248223196859833,12,3204.9052154881265,1,RL
2,9.575419866335766,92.25724049058,83,1.9726758747366548,11,3008.0883310837235,1,Fixed
2,9.575419866335766,92.25724049058,83,5.242908483637777,9,3029.0455940775096,1,RL
2,9.575419866335766,92.25724049058,84,14.772543840551318,9,2637.5600999178005,1,Fixed
2,9.575419866335766,92.25724049058,84,13.683405376461314,12,2468.222038591057,1,RL
2,9.575419866335766,92.25724049058,85,20.395774736287873,13,3288.1653101824445,1,Fixed
2,9.575419866335766,92.25724049058,85,15.322791302148556,11,2665.0153959395275,1,RL
2,9.575419866335766,92.25724049058,86,2.2813672478090576,8,2863.484294754022,1,Fixed
2,9.575419866335766,92.25724049058,86,1.589873310036853,14,2395.261391075411,1,RL
2,9.575419866335766,92.25724049058,87,300.0,300,3340.358910360864,0,Fixed
2,9.575419866335766,92.25724049058,87,4.536180246444042,15,2831.7720206111208,1,RL
2,9.575419866335766,92.25724049058,88,12.747764007330476,14,3295.2111050613044,1,Fixed
2,9.575419866335766,92.25724049058,88,11.899050407805813,7,2852.1010483962027,1,RL
2,9.575419866335766,92.25724049058,89,16.531636535129753,11,2471.4502587656934,1,Fixed
2,9.575419866335766,92.25724049058,89,12.589310110124988,11,2690.023025591858,1,RL
2,9.575419866335766,92.25724049058,90,3.5909836665587407,10,2071.705779345857,1,Fixed
2,9.575419866335766,92.25724049058,90,1.0232937127914834,12,3065.785458240017,1,RL
2,9.575419866335766,92.25724049058,91,2.3391302643935146,11,2125.2273425326034,1,Fixed
2,9.575419866335766,92.25724049058,91,13.321608658268355,14,2899.54860106969,1,RL
2,9.575419866335766,92.25724049058,92,2.2826869866138986,11,2652.500847729859,1,Fixed
2,9.575419866335766,92.25724049058,92,16.76116850469639,11,2377.043596425765,1,RL
2,9.575419866335766,92.25724049058,93,12.526291339391637,9,2956.70968528226,1,Fixed
2,9.575419866335766,92.25724049058,93,8.221616040020645,12,2793.0602084243906,1,RL
2,9.575419866335766,92.25724049058,94,1.704921042830931,8,2443.6213646323813,1,Fixed
2,9.575419866335766,92.25724049058,94,18.47863213840171,15,3540.708225385614,1,RL
2,9.575419866335766,92.25724049058,95,14.99805354062191,10,2759.0970498296942,1,Fixed
2,9.575419866335766,92.25724049058,95,2.1066871323837892,14,2689.94162325296,1,RL
2,9.575419866335766,92.25724049058,96,23.74206997872321,13,3625.5707453020264,1,Fixed
2,9.575419866335766,92.25724049058,96,19.43271666284952,13,3047.7453071605746,1,RL
2,9.575419866335766,92.25724049058,97,300.0,300,3752.1668785094816,0,Fixed
2,9.575419866335766,92.25724049058,97,17.178521933215645,14,3463.0507216454166,1,RL
2,9.575419866335766,92.25724049058,98,14.554812501602765,13,3129.2124667723415,1,Fixed
2,9.575419866335766,92.25724049058,98,8.336865186880791,13,3186.528672373828,1,RL
2,9.575419866335766,92.25724049058,99,5.6224166774488324,9,2712.1357263473847,1,Fixed
2,9.575419866335766,92.25724049058,99,21.990764500467815,14,2909.93592495366,1,RL
3,56.84722021568196,36.372552113568425,0,13.96856164059379,13,2818.2674656288414,1,Fixed
3,56.84722021568196,36.372552113568425,0,8.681811426064723,11,2540.0487435430928,1,RL
3,56.84722021568196,36.372552113568425,1,9.950978266681476,13,3530.0287745697074,1,Fixed
3,56.84722021568196,36.372552113568425,1,9.667077554840683,15,2792.3709086674003,1,RL
3,56.84722021568196,36.372552113568425,2,10.85141277579604,11,3151.3821343324685,1,Fixed
3,56.84722021568196,36.372552113568425,2,19.805443576458625,14,3628.2014617908753,1,RL
3,56.84722021568196,36.372552113568425,3,7.743005013232477,14,2816.201432815722,1,Fixed
3,56.84722021568196,36.372552113568425,3,12.242564519555145,17,4220.994434951971,1,RL
3,56.84722021568196,36.372552113568425,4,14.876087016801481,14,3448.0461957337648,1,Fixed
3,56.84722021568196,36.372552113568425,4,13.48458200744093,9,2977.3628052773684,1,RL
3,56.84722021568196,36.372552113568425,5,12.142947155103645,13,3248.276583456138,1,Fixed
3,56.84722021568196,36.372552113568425,5,19.19105590992012,15,2778.434901188238,1,RL
3,56.84722021568196,36.372552113568425,6,17.897011457867226,13,3133.1372903852807,1,Fixed
3,56.84722021568196,36.372552113568425,6,19.83517623659057,11,3059.5395528351382,1,RL
3,56.84722021568196,36.372552113568425,7,17.915677497836057,13,2985.868760726339,1,Fixed
3,56.84722021568196,36.372552113568425,7,16.17350934683579,14,2817.8818446072996,1,RL
3,56.84722021568196,36.372552113568425,8,10.441858194399684,12,3043.072420459096,1,Fixed
3,56.84722021568196,36.372552113568425,8,7.69407388081471,17,3345.6882218866203,1,RL
3,56.84722021568196,36.372552113568425,9,14.298596668317506,10,2886.024898405196,1,Fixed
3,56.84722021568196,36.372552113568425,9,17.846712231465293,15,3298.8982556908204,1,RL
3,56.84722021568196,36.372552113568425,10,16.55277998644365,14,2911.1026915426382,1,Fixed
3,56.84722021568196,36.372552113568425,10,13.356586705816886,15,3059.3265493224185,1,RL
3,56.84722021568196,36.372552113568425,11,10.450521067205628,6,2579.4950760302327,1,Fixed
3,56.84722021568196,36.372552113568425,11,13.204378208819714,18,3368.068535792568,1,RL
3,56.84722021568196,36.372552113568425,12,18.018484624460857,13,2995.8794798196755,1,Fixed
3,56.84722021568196,36.372552113568425,12,13.521310775237433,13,3046.495723212057,1,RL
3,56.84722021568196,36.372552113568425,13,10.95954232344626,17,3367.9431030341157,1,Fixed
3,56.84722021568196,36.372552113568425,13,27.192432385794085,16,4267.149699655544,1,RL
3,56.84722021568196,36.372552113568425,14,16.756794448804502,13,3135.7171639246394,1,Fixed
3,56.84722021568196,36.372552113568425,14,14.286760539634097,17,3419.9463355769103,1,RL
3,56.84722021568196,36.372552113568425,15,13.396455431900813,13,2948.4047327857525,1,Fixed
3,56.84722021568196,36.372552113568425,15,17.840139720491184,12,2774.679767703409,1,RL
3,56.84722021568196,36.372552113568425,16,20.8112538054287,13,3760.8273722796616,1,Fixed
3,56.84722021568196,36.372552113568425,16,29.943006533684365,14,3180.3822987855247,1,RL
3,56.84722021568196,36.372552113568425,17,6.368526020056185,14,3047.777022368987,1,Fixed
3,56.84722021568196,36.372552113568425,17,16.156799270775103,15,2913.985575465519,1,RL
3,56.84722021568196,36.372552113568425,18,27.429513879642816,15,3086.479199071237,1,Fixed
3,56.84722021568196,36.372552113568425,18,6.884821345206085,16,3297.5271142005004,1,RL
3,56.84722021568196,36.372552113568425,19,15.638803939691636,17,3341.88643551068,1,Fixed
3,56.84722021568196,36.372552113568425,19,18.1245262905855,12,3242.92980673898,1,RL
3,56.84722021568196,36.372552113568425,20,11.405018812314852,15,3329.4489457692925,1,Fixed
3,56.84722021568196,36.372552113568425,20,6.7752662474977345,10,2949.92188445932,1,RL
3,56.84722021568196,36.372552113568425,21,14.21336322358421,14,3363.1101587954663,1,Fixed
3,56.84722021568196,36.372552113568425,21,13.75855982784437,14,3054.0825349907927,1,RL
3,56.84722021568196,36.372552113568425,22,13.521924862134611,11,3045.3893917560295,1,Fixed
3,56.84722021568196,36.372552113568425,22,17.8491425435398,12,2928.488740415674,1,RL
3,56.84722021568196,36.372552113568425,23,20.412141564837718,10,3056.7835749594637,1,Fixed
3,56.84722021568196,36.372552113568425,23,12.762867976943314,10,3415.617359555184,1,RL
3,56.84722021568196,36.372552113568425,24,12.58453074003385,14,3027.608997025548,1,Fixed
3,56.84722021568196,36.372552113568425,24,25.70807261938875,13,3637.7555429176423,1,RL
3,56.84722021568196,36.372552113568425,25,11.25382196001446,14,2791.657622096194,1,Fixed
3,56.84722021568196,36.372552113568425,25,11.655496084294061,13,3399.479465660949,1,RL
3,56.84722021568196,36.372552113568425,26,13.527717470359736,14,3099.220076553478,1,Fixed
3,56.84722021568196,36.372552113568425,26,12.487259904021494,11,3389.7996269555415,1,RL
3,56.84722021568196,36.372552113568425,27,11.351416297225395,13,3204.3655148022435,1,Fixed
3,56.84722021568196,36.372552113568425,27,17.118813304804394,15,2927.0174042653016,1,RL
3,56.84722021568196,36.372552113568425,28,13.192529692939704,12,2988.1464102021964,1,Fixed
3,56.84722021568196,36.372552113568425,28,17.77656581212848,13,3387.729705237786,1,RL
3,56.84722021568196,36.372552113568425,29,10.183553073772938,14,2806.180536481459,1,Fixed
3,56.84722021568196,36.372552113568425,29,13.764279281810508,14,3340.8919953550844,1,RL
3,56.84722021568196,36.372552113568425,30,18.540143105067536,14,3330.881170562096,1,Fixed
3,56.84722021568196,36.372552113568425,30,15.680143501490505,19,4085.553631144911,1,RL
3,56.84722021568196,36.372552113568425,31,16.991158217708243,15,3289.053186432225,1,Fixed
3,56.84722021568196,36.372552113568425,31,9.35754946805675,12,3159.6674757664823,1,RL
3,56.84722021568196,36.372552113568425,32,11.677948824443806,14,3097.195540520039,1,Fixed
3,56.84722021568196,36.372552113568425,32,8.799933312569959,12,3251.299874638957,1,RL
3,56.84722021568196,36.372552113568425,33,19.648652609806355,13,3245.580308947472,1,Fixed
3,56.84722021568196,36.372552113568425,33,6.186025466890492,11,3376.852734947046,1,RL
3,56.84722021568196,36.372552113568425,34,8.854073957090463,14,3474.6102436843944,1,Fixed
3,56.84722021568196,36.372552113568425,34,15.145861431620421,8,2431.0302223411595,1,RL
3,56.84722021568196,36.372552113568425,35,10.045560213432676,12,2626.692569364514,1,Fixed
3,56.84722021568196,36.372552113568425,35,11.280443767184845,10,3904.973549560792,1,RL
3,56.84722021568196,36.372552113568425,36,10.955326713766784,14,3414.2216714971105,1,Fixed
3,56.84722021568196,36.372552113568425,36,12.873197591545999,12,3034.045259390859,1,RL
3,56.84722021568196,36.372552113568425,37,9.626777265737788,13,2956.629720340056,1,Fixed
3,56.84722021568196,36.372552113568425,37,12.716389679714975,13,2724.878849558176,1,RL
3,56.84722021568196,36.372552113568425,38,13.106387076030924,13,3354.361481005245,1,Fixed
3,56.84722021568196,36.372552113568425,38,25.366241460755116,18,4188.076901577032,1,RL
3,56.84722021568196,36.372552113568425,39,21.312253784623046,13,2760.3117901008736,1,Fixed
3,56.84722021568196,36.372552113568425,39,14.722635224093683,11,3212.533339675624,1,RL
3,56.84722021568196,36.372552113568425,40,9.880189863371076,13,3079.447226135478,1,Fixed
3,56.84722021568196,36.372552113568425,40,8.367803629514816,15,3113.316121623692,1,RL
3,56.84722021568196,36.372552113568425,41,17.667447637510755,13,3197.240399060137,1,Fixed
3,56.84722021568196,36.372552113568425,41,15.229220224684749,15,3678.4605291944004,1,RL
3,56.84722021568196,36.372552113568425,42,27.187981108341358,15,2982.000206879332,1,Fixed
3,56.84722021568196,36.372552113568425,42,12.705383291329573,10,3149.045125047712,1,RL
3,56.84722021568196,36.372552113568425,43,14.594392825927462,9,2899.664400684301,1,Fixed
3,56.84722021568196,36.372552113568425,43,17.604853455418187,12,3116.4352464842395,1,RL
3,56.84722021568196,36.372552113568425,44,7.549845660978344,10,2899.691165549062,1,Fixed
3,56.84722021568196,36.372552113568425,44,6.828690400338671,11,3121.4986311878383,1,RL
3,56.84722021568196,36.372552113568425,45,24.283292182434764,15,3637.1264722409414,1,Fixed
3,56.84722021568196,36.372552113568425,45,9.833584038559284,13,3238.1365546622214,1,RL
3,56.84722021568196,36.372552113568425,46,11.093887739162707,12,2733.215990975215,1,Fixed
3,56.84722021568196,36.372552113568425,46,8.23062111484885,11,2343.542987952929,1,RL
3,56.84722021568196,36.372552113568425,47,10.843647311842528,13,3252.45701651163,1,Fixed
3,56.84722021568196,36.372552113568425,47,15.82117503293684,14,3109.927213544805,1,RL
3,56.84722021568196,36.372552113568425,48,13.875686939470636,10,2812.19770003742,1,Fixed
3,56.84722021568196,36.372552113568425,48,9.461435722751613,12,3199.7040463416015,1,RL
3,56.84722021568196,36.372552113568425,49,10.86891300659442,12,2717.4830907588894,1,Fixed
3,56.84722021568196,36.372552113568425,49,25.491564234288937,14,3304.2282332018112,1,RL
3,56.84722021568196,36.372552113568425,50,8.234551955024546,6,2475.7890714011805,1,Fixed
3,56.84722021568196,36.372552113568425,50,15.54187645300955,15,3010.5410813432936,1,RL
3,56.84722021568196,36.372552113568425,51,9.682668892590947,12,3156.8399000476343,1,Fixed
3,56.84722021568196,36.372552113568425,51,18.5317967377299,15,3454.2551974822,1,RL
3,56.84722021568196,36.372552113568425,52,12.898281937860848,12,3012.79895967637,1,Fixed
3,56.84722021568196,36.372552113568425,52,10.95927709245093,12,3048.554310503877,1,RL
3,56.84722021568196,36.372552113568425,53,9.136550512350047,14,2760.0498747489105,1,Fixed
3,56.84722021568196,36.372552113568425,53,12.661543329181324,15,3475.3011060293074,1,RL
3,56.84722021568196,36.372552113568425,54,13.394473117670177,12,3016.969195248993,1,Fixed
3,56.84722021568196,36.372552113568425,54,19.23425969307697,12,3538.945196655917,1,RL
3,56.84722021568196,36.372552113568425,55,12.143290194037329,7,2568.0718550221695,1,Fixed
3,56.84722021568196,36.372552113568425,55,17.110456944626787,17,4092.9042817170784,1,RL
3,56.84722021568196,36.372552113568425,56,15.856259019453287,13,2959.8455190839036,1,Fixed
3,56.84722021568196,36.372552113568425,56,11.068814754796389,12,2655.5348041191883,1,RL
3,56.84722021568196,36.372552113568425,57,10.30145756025321,12,2777.255164352901,1,Fixed
3,56.84722021568196,36.372552113568425,57,12.86892499110285,14,3023.609703802763,1,RL
3,56.84722021568196,36.372552113568425,58,13.031613595373164,14,3192.690890958246,1,Fixed
3,56.84722021568196,36.372552113568425,58,16.674310295003707,14,3568.0077577294455,1,RL
3,56.84722021568196,36.372552113568425,59,18.723625285748888,14,3269.421047857072,1,Fixed
3,56.84722021568196,36.372552113568425,59,14.039920001851684,14,2943.509382641296,1,RL
3,56.84722021568196,36.372552113568425,60,17.391623099062194,12,3003.2308672377235,1,Fixed
3,56.84722021568196,36.372552113568425,60,13.369190952030229,15,3345.5318191318056,1,RL
3,56.84722021568196,36.372552113568425,61,22.024805987225797,11,2850.558857289801,1,Fixed
3,56.84722021568196,36.372552113568425,61,10.752991209698564,14,3396.863028542457,1,RL
3,56.84722021568196,36.372552113568425,62,7.740086650118505,9,2764.320368721176,1,Fixed
3,56.84722021568196,36.372552113568425,62,23.161781022003773,13,3114.897790035042,1,RL
3,56.84722021568196,36.372552113568425,63,11.20379576559218,14,3121.343467187903,1,Fixed
3,56.84722021568196,36.372552113568425,63,13.674824256235322,11,3188.209738899065,1,RL
3,56.84722021568196,36.372552113568425,64,17.337476780916965,11,3143.570439753433,1,Fixed
3,56.84722021568196,36.372552113568425,64,18.490345049521277,13,3535.283370556532,1,RL
3,56.84722021568196,36.372552113568425,65,12.618442707043947,10,3238.5336958278685,1,Fixed
3,56.84722021568196,36.372552113568425,65,18.54619018333357,10,2883.2922059237676,1,RL
3,56.84722021568196,36.372552113568425,66,11.695469261723037,10,2669.597097803664,1,Fixed
3,56.84722021568196,36.372552113568425,66,22.664718108012792,11,3256.89590629674,1,RL
3,56.84722021568196,36.372552113568425,67,12.408887827247588,13,3224.688816401587,1,Fixed
3,56.84722021568196,36.372552113568425,67,11.041960057739022,12,2724.7659377295536,1,RL
3,56.84722021568196,36.372552113568425,68,14.976938872985528,15,3284.1321363145166,1,Fixed
3,56.84722021568196,36.372552113568425,68,7.402673813880436,11,3808.935053438516,1,RL
3,56.84722021568196,36.372552113568425,69,12.771033001307845,8,2475.573133610202,1,Fixed
3,56.84722021568196,36.372552113568425,69,14.219875018380943,12,2981.929856713623,1,RL
3,56.84722021568196,36.372552113568425,70,15.158031656089975,13,3114.053734277966,1,Fixed
3,56.84722021568196,36.372552113568425,70,7.896413836874677,15,3567.151844014756,1,RL
3,56.84722021568196,36.372552113568425,71,13.604817511602548,13,2858.587669654042,1,Fixed
3,56.84722021568196,36.372552113568425,71,9.271614825557492,15,3132.5642441266154,1,RL
3,56.84722021568196,36.372552113568425,72,24.18788318615953,14,3115.911819104893,1,Fixed
3,56.84722021568196,36.372552113568425,72,14.311013495134901,12,2763.366834118016,1,RL
3,56.84722021568196,36.372552113568425,73,8.212115150471785,14,2925.541485648782,1,Fixed
3,56.84722021568196,36.372552113568425,73,12.16792308756336,14,3435.514249377121,1,RL
3,56.84722021568196,36.372552113568425,74,15.603516283927894,13,3186.337613137669,1,Fixed
3,56.84722021568196,36.372552113568425,74,15.562330078761297,17,3359.333159506483,1,RL
3,56.84722021568196,36.372552113568425,75,14.644926208159234,12,2590.8610730954742,1,Fixed
3,56.84722021568196,36.372552113568425,75,13.081993367784042,15,3283.450255417755,1,RL
3,56.84722021568196,36.372552113568425,76,8.678998934989645,13,2872.6329665253534,1,Fixed
3,56.84722021568196,36.372552113568425,76,8.639826316337352,14,3113.889053093279,1,RL
3,56.84722021568196,36.372552113568425,77,12.155154304513632,13,2992.9414509967814,1,Fixed
3,56.84722021568196,36.372552113568425,77,10.582710398782536,13,2762.8861148618284,1,RL
3,56.84722021568196,36.372552113568425,78,8.362424437717166,12,2756.120198637661,1,Fixed
3,56.84722021568196,36.372552113568425,78,18.107340872808784,14,2896.5338736859594,1,RL
3,56.84722021568196,36.372552113568425,79,15.81331135604079,13,2673.8077907870334,1,Fixed
3,56.84722021568196,36.372552113568425,79,8.346100993884935,11,2861.936557923182,1,RL
3,56.84722021568196,36.372552113568425,80,13.352857449246375,13,2894.5463572424355,1,Fixed
3,56.84722021568196,36.372552113568425,80,10.431306627473585,12,2801.885034345455,1,RL
3,56.84722021568196,36.372552113568425,81,10.717152914467686,11,2807.1703507803404,1,Fixed
3,56.84722021568196,36.372552113568425,81,11.452428465616919,13,3010.0586879132034,1,RL
3,56.84722021568196,36.372552113568425,82,14.826818675329088,12,2786.249446032739,1,Fixed
3,56.84722021568196,36.372552113568425,82,14.127363674836676,11,2502.136545790957,1,RL
3,56.84722021568196,36.372552113568425,83,13.153631654703323,13,2948.158990815578,1,Fixed
3,56.84722021568196,36.372552113568425,83,20.167532649722496,14,4447.741112431283,1,RL
3,56.84722021568196,36.372552113568425,84,11.470941136665832,14,3334.6968629197313,1,Fixed
3,56.84722021568196,36.372552113568425,84,10.796305720623907,12,2982.2822294735447,1,RL
3,56.84722021568196,36.372552113568425,85,17.570648310177187,14,3216.068440986512,1,Fixed
3,56.84722021568196,36.372552113568425,85,12.026079083568753,11,3068.2998579425175,1,RL
3,56.84722021568196,36.372552113568425,86,10.43737609013214,12,3178.4699469914012,1,Fixed
3,56.84722021568196,36.372552113568425,86,8.642438013288505,10,3290.5764630052586,1,RL
3,56.84722021568196,36.372552113568425,87,15.286426533883262,15,2804.5170208856925,1,Fixed
3,56.84722021568196,36.372552113568425,87,16.07186113883106,15,3026.258443322212,1,RL
3,56.84722021568196,36.372552113568425,88,11.457137977451747,12,3281.2398645984576,1,Fixed
3,56.84722021568196,36.372552113568425,88,21.77170511656018,13,3568.9716753070234,1,RL
3,56.84722021568196,36.372552113568425,89,20.518922983383824,13,3114.8191565143616,1,Fixed
3,56.84722021568196,36.372552113568425,89,10.402972110154177,13,3184.2673415108843,1,RL
3,56.84722021568196,36.372552113568425,90,9.183633467184604,13,2880.972410836851,1,Fixed
3,56.84722021568196,36.372552113568425,90,12.91245627982432,14,3398.7094720660657,1,RL
3,56.84722021568196,36.372552113568425,91,18.08156095934123,11,2927.270157316298,1,Fixed
3,56.84722021568196,36.372552113568425,91,14.222056733258858,8,2751.1723193886055,1,RL
3,56.84722021568196,36.372552113568425,92,11.65406651587465,8,2737.3495654391045,1,Fixed
3,56.84722021568196,36.372552113568425,92,17.937904268126736,10,2933.4350067940427,1,RL
3,56.84722021568196,36.372552113568425,93,14.077182297015693,14,3379.2711710000694,1,Fixed
3,56.84722021568196,36.372552113568425,93,10.775042153196782,14,3380.119985037995,1,RL
3,56.84722021568196,36.372552113568425,94,8.806146215078886,13,3292.112389229574,1,Fixed
3,56.84722021568196,36.372552113568425,94,6.27852638775138,9,3055.2363446540203,1,RL
3,56.84722021568196,36.372552113568425,95,13.679807276246768,13,3187.988609127361,1,Fixed
3,56.84722021568196,36.372552113568425,95,10.460953479852765,15,3667.8833223545694,1,RL
3,56.84722021568196,36.372552113568425,96,10.448724337883279,15,2870.791089050815,1,Fixed
3,56.84722021568196,36.372552113568425,96,12.099920396703306,17,3723.4246545161113,1,RL
3,56.84722021568196,36.372552113568425,97,12.760886383061672,13,2681.9698229759124,1,Fixed
3,56.84722021568196,36.372552113568425,97,14.70432593761971,12,3005.821435608158,1,RL
3,56.84722021568196,36.372552113568425,98,11.095752623763127,12,3156.0150743175946,1,Fixed
3,56.84722021568196,36.372552113568425,98,23.55192533240773,14,3258.2627534449825,1,RL
3,56.84722021568196,36.372552113568425,99,8.675927466403119,11,3101.583293028566,1,Fixed
3,56.84722021568196,36.372552113568425,99,16.930225537169807,14,4258.402004058228,1,RL
4,75.65385834953067,25.736545840163405,0,17.68460625595681,12,3128.1037829606553,1,Fixed
4,75.65385834953067,25.736545840163405,0,9.19836111477038,14,3164.9433922322687,1,RL
4,75.65385834953067,25.736545840163405,1,8.73478698979494,10,3136.159584241961,1,Fixed
4,75.65385834953067,25.736545840163405,1,9.362883657834445,14,2996.077232146272,1,RL
4,75.65385834953067,25.736545840163405,2,13.85979386597388,13,2627.7394415372996,1,Fixed
4,75.65385834953067,25.736545840163405,2,4.9798195184111504,15,3224.5946815227435,1,RL
4,75.65385834953067,25.736545840163405,3,11.365303756179934,13,2723.0877975294693,1,Fixed
4,75.65385834953067,25.736545840163405,3,5.460438992659634,13,2521.4012385195965,1,RL
4,75.65385834953067,25.736545840163405,4,5.606267876315082,11,2475.463076488828,1,Fixed
4,75.65385834953067,25.736545840163405,4,13.724022226681972,13,2929.90096762654,1,RL
4,75.65385834953067,25.736545840163405,5,19.58769758274751,13,3248.1970926686736,1,Fixed
4,75.65385834953067,25.736545840163405,5,15.486340821111117,14,2789.400446419555,1,RL
4,75.65385834953067,25.736545840163405,6,3.7320370026400775,12,2979.3658847681922,1,Fixed
4,75.65385834953067,25.736545840163405,6,4.6998012107956715,10,2648.413751831463,1,RL
4,75.65385834953067,25.736545840163405,7,15.651230920397136,14,2724.9576594222976,1,Fixed
4,75.65385834953067,25.736545840163405,7,3.875133699167138,13,2745.668810991052,1,RL
4,75.65385834953067,25.736545840163405,8,12.53154715606367,14,3034.1942695139915,1,Fixed
4,75.65385834953067,25.736545840163405,8,6.5688766931460005,12,3535.741486629987,1,RL
4,75.65385834953067,25.736545840163405,9,11.018084162225572,12,3106.8849294300244,1,Fixed
4,75.65385834953067,25.736545840163405,9,16.888725448168397,14,4139.212218089455,1,RL
4,75.65385834953067,25.736545840163405,10,13.228733243953556,14,2726.381656598706,1,Fixed
4,75.65385834953067,25.736545840163405,10,7.2502048471310685,13,2972.350386171488,1,RL
4,75.65385834953067,25.736545840163405,11,18.198714841731526,13,3094.503825971053,1,Fixed
4,75.65385834953067,25.736545840163405,11,14.847910163259508,9,2428.974531159401,1,RL
4,75.65385834953067,25.736545840163405,12,4.438385185704368,17,3691.4549605656184,1,Fixed
4,75.65385834953067,25.736545840163405,12,6.375367335499914,16,3534.3519774219753,1,RL
4,75.65385834953067,25.736545840163405,13,13.982251953944433,14,2960.9376661434812,1,Fixed
4,75.65385834953067,25.736545840163405,13,5.472618407512599,13,2591.526267777523,1,RL
4,75.65385834953067,25.736545840163405,14,7.150276060783796,12,2991.7814569794423,1,Fixed
4,75.65385834953067,25.736545840163405,14,16.374984256305122,16,3218.6551409157228,1,RL
4,75.65385834953067,25.736545840163405,15,19.270492138240947,13,3205.1885495505844,1,Fixed
4,75.65385834953067,25.736545840163405,15,17.238924322021603,15,2755.2983094205388,1,RL
4,75.65385834953067,25.736545840163405,16,12.700622506599581,12,3201.201571096797,1,Fixed
4,75.65385834953067,25.736545840163405,16,5.284105745771994,13,2675.944979625005,1,RL
4,75.65385834953067,25.736545840163405,17,13.69546253644055,15,2828.7267240344413,1,Fixed
4,75.65385834953067,25.736545840163405,17,18.4954719171938,14,3101.7732510538285,1,RL
4,75.65385834953067,25.736545840163405,18,14.722295672197372,15,3254.49659082276,1,Fixed
4,75.65385834953067,25.736545840163405,18,20.360057349611665,12,3267.8099501119227,1,RL
4,75.65385834953067,25.736545840163405,19,13.022591226606831,11,2989.4096297614205,1,Fixed
4,75.65385834953067,25.736545840163405,19,8.13179962078996,14,2848.861606187078,1,RL
4,75.65385834953067,25.736545840163405,20,3.72568370667033,12,3099.540282475442,1,Fixed
4,75.65385834953067,25.736545840163405,20,21.91701309788177,14,3873.8619754643905,1,RL
4,75.65385834953067,25.736545840163405,21,18.85260664042476,16,3144.000988150867,1,Fixed
4,75.65385834953067,25.736545840163405,21,4.956365833832022,14,3073.169917806157,1,RL
4,75.65385834953067,25.736545840163405,22,17.790863467179783,14,3180.2842591315143,1,Fixed
4,75.65385834953067,25.736545840163405,22,11.821944089966255,13,2705.984900680474,1,RL
4,75.65385834953067,25.736545840163405,23,17.145218753608766,12,2939.044369827313,1,Fixed
4,75.65385834953067,25.736545840163405,23,21.14365663445034,10,2699.0225605784217,1,RL
4,75.65385834953067,25.736545840163405,24,10.11604542370733,12,3189.1941846270506,1,Fixed
4,75.65385834953067,25.736545840163405,24,19.71626483093419,14,2623.4226269926016,1,RL
4,75.65385834953067,25.736545840163405,25,8.875780597740528,9,2623.980788820089,1,Fixed
4,75.65385834953067,25.736545840163405,25,22.271379309731717,18,3783.3467598077846,1,RL
4,75.65385834953067,25.736545840163405,26,9.782119896116301,11,2652.3401158630886,1,Fixed
4,75.65385834953067,25.736545840163405,26,17.454287562683675,16,3357.632680427467,1,RL
4,75.65385834953067,25.736545840163405,27,12.035383235586904,10,2908.474492887414,1,Fixed
4,75.65385834953067,25.736545840163405,27,20.241777711482477,13,2986.399340734889,1,RL
4,75.65385834953067,25.736545840163405,28,10.325234480467342,13,2581.033288241991,1,Fixed
4,75.65385834953067,25.736545840163405,28,19.412928649768517,14,2991.71896912298,1,RL
4,75.65385834953067,25.736545840163405,29,24.953275642220465,13,3395.5224363841944,1,Fixed
4,75.65385834953067,25.736545840163405,29,12.63335992924407,13,2989.984407740662,1,RL
4,75.65385834953067,25.736545840163405,30,17.162513208277154,12,2988.0827530315983,1,Fixed
4,75.65385834953067,25.736545840163405,30,7.084272078482425,15,3021.335690868284,1,RL
4,75.65385834953067,25.736545840163405,31,19.64984799306699,12,3058.57583765774,1,Fixed
4,75.65385834953067,25.736545840163405,31,9.441723102505113,14,2671.375728172376,1,RL
4,75.65385834953067,25.736545840163405,32,5.436656919957835,11,2749.829954542928,1,Fixed
4,75.65385834953067,25.736545840163405,32,18.477418353620813,16,3378.213263449058,1,RL
4,75.65385834953067,25.736545840163405,33,8.99439128290035,13,2628.9946976386345,1,Fixed
4,75.65385834953067,25.736545840163405,33,13.469021565500608,14,3564.7239576913107,1,RL
4,75.65385834953067,25.736545840163405,34,16.211875366018592,11,2816.084072237316,1,Fixed
4,75.65385834953067,25.736545840163405,34,3.7069124551783736,12,2564.7947432833334,1,RL
4,75.65385834953067,25.736545840163405,35,21.233303639754777,13,3307.0872157542713,1,Fixed
4,75.65385834953067,25.736545840163405,35,6.938497247631856,13,2887.37216500227,1,RL
4,75.65385834953067,25.736545840163405,36,13.766180055638236,11,3248.4088371475955,1,Fixed
4,75.65385834953067,25.736545840163405,36,15.905605079096238,12,2980.025088909512,1,RL
4,75.65385834953067,25.736545840163405,37,12.438649607509998,10,2905.701249001059,1,Fixed
4,75.65385834953067,25.736545840163405,37,10.784569528433359,10,3114.6341094960367,1,RL
4,75.65385834953067,25.736545840163405,38,5.028642634689421,14,2427.923128843775,1,Fixed
4,75.65385834953067,25.736545840163405,38,7.898028404064857,12,2956.770793340279,1,RL
4,75.65385834953067,25.736545840163405,39,13.05214994853426,12,2934.886539550465,1,Fixed
4,75.65385834953067,25.736545840163405,39,5.0017016461166985,16,2773.8959235937373,1,RL
4,75.65385834953067,25.736545840163405,40,4.699526607607567,16,2903.418229422465,1,Fixed
4,75.65385834953067,25.736545840163405,40,9.548800219442962,12,2653.2968830188415,1,RL
4,75.65385834953067,25.736545840163405,41,20.277630401346862,14,3140.6422103938116,1,Fixed
4,75.65385834953067,25.736545840163405,41,5.2247872862145135,14,2529.3212096904495,1,RL
4,75.65385834953067,25.736545840163405,42,18.206723060344224,13,2801.763160007999,1,Fixed
4,75.65385834953067,25.736545840163405,42,5.2968338299579525,16,3411.630839056977,1,RL
4,75.65385834953067,25.736545840163405,43,8.46533598308599,15,2944.8757963352687,1,Fixed
4,75.65385834953067,25.736545840163405,43,13.853829463245802,10,2684.1440647067634,1,RL
4,75.65385834953067,25.736545840163405,44,11.37914234137445,13,2703.741455648239,1,Fixed
4,75.65385834953067,25.736545840163405,44,20.16425418745326,12,3482.2402375312313,1,RL
4,75.65385834953067,25.736545840163405,45,22.503409658305017,14,3513.5452026780713,1,Fixed
4,75.65385834953067,25.736545840163405,45,10.684566018890859,15,2833.595263167357,1,RL
4,75.65385834953067,25.736545840163405,46,16.202673963172497,10,2798.1912656778413,1,Fixed
4,75.65385834953067,25.736545840163405,46,13.993590972598984,12,2539.857253498255,1,RL
4,75.65385834953067,25.736545840163405,47,8.046431695985358,13,2745.99171747867,1,Fixed
4,75.65385834953067,25.736545840163405,47,14.82966011241614,14,3758.391253094953,1,RL
4,75.65385834953067,25.736545840163405,48,6.775459088811365,12,3344.231470614869,1,Fixed
4,75.65385834953067,25.736545840163405,48,15.4115469633998,16,3149.789277361004,1,RL
4,75.65385834953067,25.736545840163405,49,16.45614439009075,13,2956.216757459946,1,Fixed
4,75.65385834953067,25.736545840163405,49,12.61529489703165,9,2962.60140248431,1,RL
4,75.65385834953067,25.736545840163405,50,3.805996432546409,12,2742.559086981963,1,Fixed
4,75.65385834953067,25.736545840163405,50,17.69652354450374,15,3051.3561927013193,1,RL
4,75.65385834953067,25.736545840163405,51,23.472493852668112,15,3375.44139699672,1,Fixed
4,75.65385834953067,25.736545840163405,51,22.714882688104844,14,2789.1908374451873,1,RL
4,75.65385834953067,25.736545840163405,52,6.715511751360198,13,3225.460472772184,1,Fixed
4,75.65385834953067,25.736545840163405,52,8.078996723220053,15,3367.6830631703556,1,RL
4,75.65385834953067,25.736545840163405,53,5.941818146812809,14,2695.619583261216,1,Fixed
4,75.65385834953067,25.736545840163405,53,8.853410585011288,13,3335.782760459105,1,RL
4,75.65385834953067,25.736545840163405,54,6.664357729379118,14,2659.3272099817386,1,Fixed
4,75.65385834953067,25.736545840163405,54,7.923154783645049,12,3028.6019400294836,1,RL
4,75.65385834953067,25.736545840163405,55,5.482636706430354,12,2777.732629974313,1,Fixed
4,75.65385834953067,25.736545840163405,55,5.357275136998007,12,2717.828146491354,1,RL
4,75.65385834953067,25.736545840163405,56,10.221594470285327,13,3126.925377212714,1,Fixed
4,75.65385834953067,25.736545840163405,56,17.456686081736418,14,3617.569319413016,1,RL
4,75.65385834953067,25.736545840163405,57,16.901531455256254,9,2532.5146162926294,1,Fixed
4,75.65385834953067,25.736545840163405,57,5.216811764966719,14,2608.608102001038,1,RL
4,75.65385834953067,25.736545840163405,58,9.190166371471173,14,3530.1146330000747,1,Fixed
4,75.65385834953067,25.736545840163405,58,16.37077937528269,13,3147.29931077505,1,RL
4,75.65385834953067,25.736545840163405,59,4.952250603408159,12,3222.305793409525,1,Fixed
4,75.65385834953067,25.736545840163405,59,13.191450822463654,12,3203.1169736664724,1,RL
4,75.65385834953067,25.736545840163405,60,13.346766502620653,12,2581.638708497255,1,Fixed
4,75.65385834953067,25.736545840163405,60,11.347388653471498,13,3025.8532050409985,1,RL
4,75.65385834953067,25.736545840163405,61,4.881248655155374,12,2711.5021958049742,1,Fixed
4,75.65385834953067,25.736545840163405,61,24.22684614013262,18,4441.19275206157,1,RL
4,75.65385834953067,25.736545840163405,62,6.4993307465041905,9,3001.427174393903,1,Fixed
4,75.65385834953067,25.736545840163405,62,11.86496282337271,14,3552.3060890408965,1,RL
4,75.65385834953067,25.736545840163405,63,7.36521564801717,13,2990.4912584514204,1,Fixed
4,75.65385834953067,25.736545840163405,63,23.357978290204862,13,3245.435841343419,1,RL
4,75.65385834953067,25.736545840163405,64,13.975310995059889,13,2849.5907781924693,1,Fixed
4,75.65385834953067,25.736545840163405,64,5.577847457643019,14,3145.9106975544328,1,RL
4,75.65385834953067,25.736545840163405,65,18.76930779459887,10,2571.7216994500764,1,Fixed
4,75.65385834953067,25.736545840163405,65,6.946124575981197,8,2601.011413734633,1,RL
4,75.65385834953067,25.736545840163405,66,16.14333638910903,13,2844.3392592836713,1,Fixed
4,75.65385834953067,25.736545840163405,66,24.516210237131382,16,3420.121822715139,1,RL
4,75.65385834953067,25.736545840163405,67,5.987676721782291,13,2269.2722518817814,1,Fixed
4,75.65385834953067,25.736545840163405,67,8.474365991173386,10,3343.0319785372612,1,RL
4,75.65385834953067,25.736545840163405,68,15.191633369393411,12,3316.8888991769363,1,Fixed
4,75.65385834953067,25.736545840163405,68,16.34053369352713,12,3044.190362614448,1,RL
4,75.65385834953067,25.736545840163405,69,9.691324036460495,15,2925.2084002699485,1,Fixed
4,75.65385834953067,25.736545840163405,69,13.330490114229704,14,2763.5962406601293,1,RL
4,75.65385834953067,25.736545840163405,70,7.660331740929055,13,2857.536034832187,1,Fixed
4,75.65385834953067,25.736545840163405,70,19.654550764366768,12,2771.145485344565,1,RL
4,75.65385834953067,25.736545840163405,71,7.192523404016171,15,2565.4095291771678,1,Fixed
4,75.65385834953067,25.736545840163405,71,16.485870644502814,12,2783.187462810953,1,RL
4,75.65385834953067,25.736545840163405,72,15.882838332956448,15,3011.026525713869,1,Fixed
4,75.65385834953067,25.736545840163405,72,5.657447093414072,13,2872.282781286863,1,RL
4,75.65385834953067,25.736545840163405,73,5.838627588967944,13,2812.246962004645,1,Fixed
4,75.65385834953067,25.736545840163405,73,6.607941234990195,14,3148.485663072385,1,RL
4,75.65385834953067,25.736545840163405,74,17.04524927054033,14,3582.9084047261335,1,Fixed
4,75.65385834953067,25.736545840163405,74,19.44494921879476,12,2730.4749447028207,1,RL
4,75.65385834953067,25.736545840163405,75,10.049645490075672,14,2450.103497546909,1,Fixed
4,75.65385834953067,25.736545840163405,75,9.860277858328386,15,2557.0792971549563,1,RL
4,75.65385834953067,25.736545840163405,76,8.244368106067634,12,2717.891946525391,1,Fixed
4,75.65385834953067,25.736545840163405,76,3.449321215936633,3,1717.5540283660675,1,RL
4,75.65385834953067,25.736545840163405,77,3.9988843447772418,9,2684.2503021214516,1,Fixed
4,75.65385834953067,25.736545840163405,77,18.496535286569927,9,2951.889002126224,1,RL
4,75.65385834953067,25.736545840163405,78,14.272138589796583,15,2869.954989791388,1,Fixed
4,75.65385834953067,25.736545840163405,78,16.242157820149522,8,2995.8153027957014,1,RL
4,75.65385834953067,25.736545840163405,79,5.492578835636712,6,2636.83335401159,1,Fixed
4,75.65385834953067,25.736545840163405,79,20.976976397116132,16,3531.4236359869283,1,RL
4,75.65385834953067,25.736545840163405,80,18.74368290860982,10,3879.1041520573717,1,Fixed
4,75.65385834953067,25.736545840163405,80,22.433941807000227,12,3487.4331902379995,1,RL
4,75.65385834953067,25.736545840163405,81,20.549806257945203,11,2739.9552259372153,1,Fixed
4,75.65385834953067,25.736545840163405,81,6.639016237201074,13,3300.1646049041315,1,RL
4,75.65385834953067,25.736545840163405,82,20.534574095475605,15,2961.3979980320296,1,Fixed
4,75.65385834953067,25.736545840163405,82,16.41975544259486,13,2529.6198511985403,1,RL
4,75.65385834953067,25.736545840163405,83,18.058297412388786,14,3434.6740608520436,1,Fixed
4,75.65385834953067,25.736545840163405,83,20.730238496532476,14,3112.620275609782,1,RL
4,75.65385834953067,25.736545840163405,84,17.461013362833647,10,2917.023464586911,1,Fixed
4,75.65385834953067,25.736545840163405,84,5.810046382848687,13,2848.352386748384,1,RL
4,75.65385834953067,25.736545840163405,85,14.442902252152498,15,3138.6980408448453,1,Fixed
4,75.65385834953067,25.736545840163405,85,7.827370719275447,13,3451.9724502237873,1,RL
4,75.65385834953067,25.736545840163405,86,5.01382762883609,13,2783.881649397042,1,Fixed
4,75.65385834953067,25.736545840163405,86,8.22645622313,15,3712.1959103461354,1,RL
4,75.65385834953067,25.736545840163405,87,3.9628863146467297,15,2582.4456221416563,1,Fixed
4,75.65385834953067,25.736545840163405,87,10.943952701751353,14,2810.653574323554,1,RL
4,75.65385834953067,25.736545840163405,88,23.845638214640474,12,3005.5400407008137,1,Fixed
4,75.65385834953067,25.736545840163405,88,14.123431076537178,10,3003.9895505733257,1,RL
4,75.65385834953067,25.736545840163405,89,4.2063073721461635,14,2935.396717655486,1,Fixed
4,75.65385834953067,25.736545840163405,89,15.867496187087644,13,2859.2533182332854,1,RL
4,75.65385834953067,25.736545840163405,90,7.4664354250558445,13,3086.556378423599,1,Fixed
4,75.65385834953067,25.736545840163405,90,15.05512420124557,12,3156.717100920552,1,RL
4,75.65385834953067,25.736545840163405,91,20.738765869935698,15,2987.721543242194,1,Fixed
4,75.65385834953067,25.736545840163405,91,22.002427298967717,14,3257.7984992390243,1,RL
4,75.65385834953067,25.736545840163405,92,8.593780266724782,14,2572.514000082091,1,Fixed
4,75.65385834953067,25.736545840163405,92,21.602046722639706,13,2877.1728850939753,1,RL
4,75.65385834953067,25.736545840163405,93,16.72665944024545,14,3124.1342205229876,1,Fixed
4,75.65385834953067,25.736545840163405,93,13.999090764109926,15,3465.82668321142,1,RL
4,75.65385834953067,25.736545840163405,94,5.715416600950855,13,2926.123110352304,1,Fixed
4,75.65385834953067,25.736545840163405,94,17.801466803098712,16,3427.4915667134983,1,RL
4,75.65385834953067,25.736545840163405,95,15.81507623418931,14,2315.696708857793,1,Fixed
4,75.65385834953067,25.736545840163405,95,15.106642780891608,14,3449.6235163435267,1,RL
4,75.65385834953067,25.736545840163405,96,14.18453888790518,11,2927.451487952851,1,Fixed
4,75.65385834953067,25.736545840163405,96,23.081748156801194,13,3039.9129569647935,1,RL
4,75.65385834953067,25.736545840163405,97,14.844531131493678,7,2621.6466432239727,1,Fixed
4,75.65385834953067,25.736545840163405,97,7.539412652997726,12,2466.0594140468634,1,RL
4,75.65385834953067,25.736545840163405,98,11.355004752520511,13,2763.1182963995307,1,Fixed
4,75.65385834953067,25.736545840163405,98,4.940428290286066,11,3016.1368993640667,1,RL
4,75.65385834953067,25.736545840163405,99,13.474693118236592,14,2662.6878232433255,1,Fixed
4,75.65385834953067,25.736545840163405,99,11.109967201461398,13,2710.7476246681686,1,RL
5,69.35098370463204,3.971120757224722,0,16.964393824130063,10,2849.2757390385304,1,Fixed
5,69.35098370463204,3.971120757224722,0,19.485374380686338,13,3349.4299047768304,1,RL
5,69.35098370463204,3.971120757224722,1,300.0,300,2744.94365825849,0,Fixed
5,69.35098370463204,3.971120757224722,1,15.987050512282527,12,4320.74160724059,1,RL
5,69.35098370463204,3.971120757224722,2,11.363565993408631,10,2904.615947766938,1,Fixed
5,69.35098370463204,3.971120757224722,2,1.143410712066804,9,2450.912164197157,1,RL
5,69.35098370463204,3.971120757224722,3,17.934758981647164,17,2808.4518826829267,1,Fixed
5,69.35098370463204,3.971120757224722,3,18.33877414615396,9,2423.3362649659953,1,RL
5,69.35098370463204,3.971120757224722,4,6.961599756607983,11,2992.1207096616204,1,Fixed
5,69.35098370463204,3.971120757224722,4,4.689955865056261,11,2193.960511971914,1,RL
5,69.35098370463204,3.971120757224722,5,16.079865461144124,12,3054.5810651284723,1,Fixed
5,69.35098370463204,3.971120757224722,5,14.678124689631549,11,2778.1925872860215,1,RL
5,69.35098370463204,3.971120757224722,6,2.2805702601876288,10,3159.237698002292,1,Fixed
5,69.35098370463204,3.971120757224722,6,300.0,300,2874.603476395373,0,RL
5,69.35098370463204,3.971120757224722,7,17.117218684956093,14,2814.759775041547,1,Fixed
5,69.35098370463204,3.971120757224722,7,300.0,300,3503.071848031014,0,RL
5,69.35098370463204,3.971120757224722,8,7.793221918220243,13,3357.972248510488,1,Fixed
5,69.35098370463204,3.971120757224722,8,24.642137231750404,14,3403.654036891683,1,RL
5,69.35098370463204,3.971120757224722,9,3.97777050778429,11,2695.006781329541,1,Fixed
5,69.35098370463204,3.971120757224722,9,1.9255689162207912,7,2296.5486373097647,1,RL
5,69.35098370463204,3.971120757224722,10,8.057388800556541,15,3377.583753417129,1,Fixed
5,69.35098370463204,3.971120757224722,10,1.8125774884295827,12,2404.901795780024,1,RL
5,69.35098370463204,3.971120757224722,11,5.235625192635487,12,2910.2403467127538,1,Fixed
5,69.35098370463204,3.971120757224722,11,15.064135051041825,16,3179.968187492778,1,RL
5,69.35098370463204,3.971120757224722,12,2.220242422764873,15,2639.062212080051,1,Fixed
5,69.35098370463204,3.971120757224722,12,16.50265499493606,11,3224.7617571380183,1,RL
5,69.35098370463204,3.971120757224722,13,1.188597474796029,6,2133.036714615627,1,Fixed
5,69.35098370463204,3.971120757224722,13,17.668702954150497,13,2391.8205234176517,1,RL
5,69.35098370463204,3.971120757224722,14,16.85665281407573,13,2771.1676915398657,1,Fixed
5,69.35098370463204,3.971120757224722,14,6.333813963820594,8,2595.6942063482784,1,RL
5,69.35098370463204,3.971120757224722,15,8.510795009824255,14,2894.485421802282,1,Fixed
5,69.35098370463204,3.971120757224722,15,9.90128767340654,15,2637.38379108744,1,RL
5,69.35098370463204,3.971120757224722,16,300.0,300,2856.4371819197104,0,Fixed
5,69.35098370463204,3.971120757224722,16,22.083907946900702,18,5726.857283983134,1,RL
5,69.35098370463204,3.971120757224722,17,300.0,300,2845.7261593364087,0,Fixed
5,69.35098370463204,3.971120757224722,17,0.47651086222104205,6,2558.862502814548,1,RL
5,69.35098370463204,3.971120757224722,18,300.0,300,3314.830920032065,0,Fixed
5,69.35098370463204,3.971120757224722,18,16.58605023818717,15,4264.377039882054,1,RL
5,69.35098370463204,3.971120757224722,19,12.118002335837117,13,2828.7118339146755,1,Fixed
5,69.35098370463204,3.971120757224722,19,10.74938297702893,13,3645.9504948851722,1,RL
5,69.35098370463204,3.971120757224722,20,5.621334670958666,11,3162.8684818663073,1,Fixed
5,69.35098370463204,3.971120757224722,20,5.4887096622788505,9,2577.4449238667385,1,RL
5,69.35098370463204,3.971120757224722,21,4.329327478731589,11,2286.0266268140413,1,Fixed
5,69.35098370463204,3.971120757224722,21,7.616623005896723,15,3088.3001271422977,1,RL
5,69.35098370463204,3.971120757224722,22,7.306355584812164,13,2851.950638128894,1,Fixed
5,69.35098370463204,3.971120757224722,22,18.969472764798464,12,2663.736545106147,1,RL
5,69.35098370463204,3.971120757224722,23,13.220360965815587,13,3091.040006239134,1,Fixed
5,69.35098370463204,3.971120757224722,23,16.678949544206855,14,3042.546041363629,1,RL
5,69.35098370463204,3.971120757224722,24,20.621509030870925,10,3124.6796707928897,1,Fixed
5,69.35098370463204,3.971120757224722,24,20.10146016956059,13,2916.7956541225276,1,RL
5,69.35098370463204,3.971120757224722,25,12.711555962232659,13,3410.6641002591027,1,Fixed
5,69.35098370463204,3.971120757224722,25,300.0,300,2895.089110344392,0,RL
5,69.35098370463204,3.971120757224722,26,12.500669398982208,10,2754.7466962486824,1,Fixed
5,69.35098370463204,3.971120757224722,26,300.0,300,3844.630984016346,0,RL
5,69.35098370463204,3.971120757224722,27,6.408619271879149,12,2609.9330892499243,1,Fixed
5,69.35098370463204,3.971120757224722,27,1.3452890953836563,12,2777.3320626467125,1,RL
5,69.35098370463204,3.971120757224722,28,6.694487335316458,8,2525.5189530623716,1,Fixed
5,69.35098370463204,3.971120757224722,28,6.080871132817267,22,4476.6022534782605,1,RL
5,69.35098370463204,3.971120757224722,29,12.549777620348689,13,3222.7648784391704,1,Fixed
5,69.35098370463204,3.971120757224722,29,18.514822548524116,13,2930.550546516816,1,RL
5,69.35098370463204,3.971120757224722,30,5.261685944258817,12,2831.9910475668426,1,Fixed
5,69.35098370463204,3.971120757224722,30,24.932543303050075,17,3714.5057711170402,1,RL
5,69.35098370463204,3.971120757224722,31,14.686059795814842,13,3094.547589490042,1,Fixed
5,69.35098370463204,3.971120757224722,31,9.1950990012587,10,2663.8242956890817,1,RL
5,69.35098370463204,3.971120757224722,32,5.020010541679119,14,2975.6380717409434,1,Fixed
5,69.35098370463204,3.971120757224722,32,17.557721163409745,13,2973.4116368322143,1,RL
5,69.35098370463204,3.971120757224722,33,21.047465222739284,12,2662.7286489389144,1,Fixed
5,69.35098370463204,3.971120757224722,33,23.29616967661144,23,3374.601101398681,1,RL
5,69.35098370463204,3.971120757224722,34,5.148432171250066,12,3347.4843663219776,1,Fixed
5,69.35098370463204,3.971120757224722,34,4.4285195911443935,12,2859.695980622155,1,RL
5,69.35098370463204,3.971120757224722,35,19.866747741661896,14,2981.7439491215673,1,Fixed
5,69.35098370463204,3.971120757224722,35,6.301511518785605,13,2538.509057982284,1,RL
5,69.35098370463204,3.971120757224722,36,13.89318381721498,17,2971.352063488926,1,Fixed
5,69.35098370463204,3.971120757224722,36,300.0,300,3076.268300264662,0,RL
5,69.35098370463204,3.971120757224722,37,15.669661974371788,11,3006.403707953744,1,Fixed
5,69.35098370463204,3.971120757224722,37,11.860946273300547,13,3591.1240804288013,1,RL
5,69.35098370463204,3.971120757224722,38,17.862424644211,13,3429.4924959248474,1,Fixed
5,69.35098370463204,3.971120757224722,38,18.334619804772693,16,3460.688910874796,1,RL
5,69.35098370463204,3.971120757224722,39,300.0,300,3670.905313461057,0,Fixed
5,69.35098370463204,3.971120757224722,39,2.7674387209632814,11,3286.735307925346,1,RL
5,69.35098370463204,3.971120757224722,40,8.666011733742438,10,2721.0601958329853,1,Fixed
5,69.35098370463204,3.971120757224722,40,8.673719532308619,11,2310.4355279230044,1,RL
5,69.35098370463204,3.971120757224722,41,1.5087247154225065,9,3339.6985105830163,1,Fixed
5,69.35098370463204,3.971120757224722,41,5.834057107885649,13,2015.9736478852992,1,RL
5,69.35098370463204,3.971120757224722,42,300.0,300,3163.105394999704,0,Fixed
5,69.35098370463204,3.971120757224722,42,2.5251332477251145,17,3343.418984909005,1,RL
5,69.35098370463204,3.971120757224722,43,1.5326359807994956,11,2830.568530824092,1,Fixed
5,69.35098370463204,3.971120757224722,43,8.321593276529402,13,2518.872764558651,1,RL
5,69.35098370463204,3.971120757224722,44,10.656756385906005,11,2889.1192685397086,1,Fixed
5,69.35098370463204,3.971120757224722,44,19.740503843366433,12,2493.719572686075,1,RL
5,69.35098370463204,3.971120757224722,45,20.524428589023564,16,3972.02479032616,1,Fixed
5,69.35098370463204,3.971120757224722,45,11.710690159784345,11,2401.1633897289507,1,RL
5,69.35098370463204,3.971120757224722,46,5.072067848704619,12,3299.516918050362,1,Fixed
5,69.35098370463204,3.971120757224722,46,8.205982710333412,11,3076.8238421601345,1,RL
5,69.35098370463204,3.971120757224722,47,300.0,300,3995.552416064297,0,Fixed
5,69.35098370463204,3.971120757224722,47,14.686687689141317,15,3632.9178720847226,1,RL
5,69.35098370463204,3.971120757224722,48,4.854714761278312,13,2609.615499182849,1,Fixed
5,69.35098370463204,3.971120757224722,48,28.143509455613533,21,3108.766336523855,1,RL
5,69.35098370463204,3.971120757224722,49,4.433429775542745,11,2625.1554794967487,1,Fixed
5,69.35098370463204,3.971120757224722,49,12.418900588336566,14,3164.4402681317047,1,RL
5,69.35098370463204,3.971120757224722,50,5.035713835387881,9,3165.3668683740566,1,Fixed
5,69.35098370463204,3.971120757224722,50,3.4520254486290805,11,2552.4836774018313,1,RL
5,69.35098370463204,3.971120757224722,51,1.7635492157031663,9,2625.080246723013,1,Fixed
5,69.35098370463204,3.971120757224722,51,1.5387340173579154,12,3497.7583903829404,1,RL
5,69.35098370463204,3.971120757224722,52,9.765090505593832,15,2949.0172147439125,1,Fixed
5,69.35098370463204,3.971120757224722,52,3.506461269577352,9,3280.5137460271003,1,RL
5,69.35098370463204,3.971120757224722,53,3.4289418344689815,13,2657.5338900695865,1,Fixed
5,69.35098370463204,3.971120757224722,53,300.0,300,3730.3161660025235,0,RL
5,69.35098370463204,3.971120757224722,54,21.77108734969555,21,3642.519887283916,1,Fixed
5,69.35098370463204,3.971120757224722,54,6.839851781600538,12,3122.200164405003,1,RL
5,69.35098370463204,3.971120757224722,55,5.037890058237016,14,3428.104065863526,1,Fixed
5,69.35098370463204,3.971120757224722,55,16.28051574871756,14,3479.157444273545,1,RL
5,69.35098370463204,3.971120757224722,56,6.551955536649369,12,3548.34494364992,1,Fixed
5,69.35098370463204,3.971120757224722,56,300.0,300,2977.704315242676,0,RL
5,69.35098370463204,3.971120757224722,57,1.2333723662518672,14,2950.692599328302,1,Fixed
5,69.35098370463204,3.971120757224722,57,2.2277610618615373,12,3331.264709300047,1,RL
5,69.35098370463204,3.971120757224722,58,12.879121359920964,14,2976.9722965293377,1,Fixed
5,69.35098370463204,3.971120757224722,58,15.483340033139305,14,3515.755903741477,1,RL
5,69.35098370463204,3.971120757224722,59,6.347990914400001,10,2744.651892821051,1,Fixed
5,69.35098370463204,3.971120757224722,59,7.139888917239892,10,3119.97043244407,1,RL
5,69.35098370463204,3.971120757224722,60,4.777891223475317,13,3341.683324112979,1,Fixed
5,69.35098370463204,3.971120757224722,60,1.6010791643492368,11,2513.220482955042,1,RL
5,69.35098370463204,3.971120757224722,61,3.7956007621841272,12,2671.323941388463,1,Fixed
5,69.35098370463204,3.971120757224722,61,7.365774288804017,18,3705.5032977682454,1,RL
5,69.35098370463204,3.971120757224722,62,2.2225939052703794,12,3087.5508361798043,1,Fixed
5,69.35098370463204,3.971120757224722,62,21.423137581424434,14,3320.3037535138656,1,RL
5,69.35098370463204,3.971120757224722,63,300.0,300,3103.8673673889098,0,Fixed
5,69.35098370463204,3.971120757224722,63,6.871401940794866,16,3146.462775384128,1,RL
5,69.35098370463204,3.971120757224722,64,13.981396586332213,10,3215.9113503391204,1,Fixed
5,69.35098370463204,3.971120757224722,64,6.008812561630148,12,2717.196205362739,1,RL
5,69.35098370463204,3.971120757224722,65,10.030347125858862,11,2723.4799829923513,1,Fixed
5,69.35098370463204,3.971120757224722,65,300.0,300,3453.082943125087,0,RL
5,69.35098370463204,3.971120757224722,66,11.125615391189136,14,3056.133705011911,1,Fixed
5,69.35098370463204,3.971120757224722,66,8.574894997694258,14,2686.229472207571,1,RL
5,69.35098370463204,3.971120757224722,67,15.244057168397314,13,3641.0954163400706,1,Fixed
5,69.35098370463204,3.971120757224722,67,1.927835392926869,9,2297.2041828148635,1,RL
5,69.35098370463204,3.971120757224722,68,1.7766138622637992,11,3221.032968887972,1,Fixed
5,69.35098370463204,3.971120757224722,68,2.5913139770360667,7,2721.6700062355103,1,RL
5,69.35098370463204,3.971120757224722,69,2.3410153324533463,10,3185.6348476403878,1,Fixed
5,69.35098370463204,3.971120757224722,69,9.597234553415529,14,3025.4064269230594,1,RL
5,69.35098370463204,3.971120757224722,70,11.014643552873366,7,2776.742997143783,1,Fixed
5,69.35098370463204,3.971120757224722,70,16.61770024468241,10,2805.797003031024,1,RL
5,69.35098370463204,3.971120757224722,71,20.209513521129463,15,3484.6029257029168,1,Fixed
5,69.35098370463204,3.971120757224722,71,1.1910384762650885,11,4226.664627088719,1,RL
5,69.35098370463204,3.971120757224722,72,16.43313633726879,11,2608.1131844986808,1,Fixed
5,69.35098370463204,3.971120757224722,72,4.053367581090454,12,2428.1908149977685,1,RL
5,69.35098370463204,3.971120757224722,73,1.4462277149464031,12,3067.5879680886314,1,Fixed
5,69.35098370463204,3.971120757224722,73,27.77194990751868,15,3832.9906036923153,1,RL
5,69.35098370463204,3.971120757224722,74,2.670623094819066,12,3378.928627496617,1,Fixed
5,69.35098370463204,3.971120757224722,74,7.167921062024493,16,3219.7934503911633,1,RL
5,69.35098370463204,3.971120757224722,75,20.767034314985136,15,3135.3648727845125,1,Fixed
5,69.35098370463204,3.971120757224722,75,300.0,300,4108.685256813356,0,RL
5,69.35098370463204,3.971120757224722,76,7.443331902049168,6,2525.243984508158,1,Fixed
5,69.35098370463204,3.971120757224722,76,1.556444292484706,13,2734.17376985625,1,RL
5,69.35098370463204,3.971120757224722,77,300.0,300,3577.9890199164925,0,Fixed
5,69.35098370463204,3.971120757224722,77,8.47525491635841,9,2898.6701667533175,1,RL
5,69.35098370463204,3.971120757224722,78,8.333881933481152,11,2794.1914404640825,1,Fixed
5,69.35098370463204,3.971120757224722,78,300.0,300,3783.04209111961,0,RL
5,69.35098370463204,3.971120757224722,79,22.067540437970273,16,3061.638373727532,1,Fixed
5,69.35098370463204,3.971120757224722,79,15.654689839603304,13,2700.3040327014996,1,RL
5,69.35098370463204,3.971120757224722,80,17.44989209620322,14,2837.651310275997,1,Fixed
5,69.35098370463204,3.971120757224722,80,21.60230791223326,12,2282.5099029832995,1,RL
5,69.35098370463204,3.971120757224722,81,22.85604781226113,12,3158.4864947311426,1,Fixed
5,69.35098370463204,3.971120757224722,81,17.84816540500891,15,2981.9243688905144,1,RL
5,69.35098370463204,3.971120757224722,82,19.017775177458596,11,3883.1991498618727,1,Fixed
5,69.35098370463204,3.971120757224722,82,6.538376934607413,13,3277.2049474213313,1,RL
5,69.35098370463204,3.971120757224722,83,16.535430582570825,14,3149.988135857462,1,Fixed
5,69.35098370463204,3.971120757224722,83,13.019249012932955,13,2925.6259630054315,1,RL
5,69.35098370463204,3.971120757224722,84,2.6140049849346423,11,2924.06305541152,1,Fixed
5,69.35098370463204,3.971120757224722,84,12.471219659062736,8,2205.2122995957943,1,RL
5,69.35098370463204,3.971120757224722,85,7.981640279769993,16,3534.960473266153,1,Fixed
5,69.35098370463204,3.971120757224722,85,22.219860565437898,12,3369.441210713779,1,RL
5,69.35098370463204,3.971120757224722,86,11.764294404708435,12,2911.0350960973074,1,Fixed
5,69.35098370463204,3.971120757224722,86,1.4624585985514857,12,2731.706727760829,1,RL
5,69.35098370463204,3.971120757224722,87,0.7304300471996958,9,2362.0193134309275,1,Fixed
5,69.35098370463204,3.971120757224722,87,1.19689365136014,18,2756.1746028064335,1,RL
5,69.35098370463204,3.971120757224722,88,12.185502029894215,16,3298.3717840701065,1,Fixed
5,69.35098370463204,3.971120757224722,88,8.416397350133678,12,3204.319465324169,1,RL
5,69.35098370463204,3.971120757224722,89,8.031080398965498,12,2993.295620707282,1,Fixed
5,69.35098370463204,3.971120757224722,89,300.0,300,5205.059711498392,0,RL
5,69.35098370463204,3.971120757224722,90,20.113842516674367,13,2663.650711169497,1,Fixed
5,69.35098370463204,3.971120757224722,90,11.545788218441212,14,2971.539206902725,1,RL
5,69.35098370463204,3.971120757224722,91,16.902300701168002,17,3240.68553805604,1,Fixed
5,69.35098370463204,3.971120757224722,91,300.0,300,3877.032822429126,0,RL
5,69.35098370463204,3.971120757224722,92,300.0,300,3305.032721642268,0,Fixed
5,69.35098370463204,3.971120757224722,92,6.206623468558594,13,2772.2431523705473,1,RL
5,69.35098370463204,3.971120757224722,93,16.22337895014548,13,3179.1146553534363,1,Fixed
5,69.35098370463204,3.971120757224722,93,4.203415864856831,12,2392.752340426761,1,RL
5,69.35098370463204,3.971120757224722,94,1.8812710393568668,14,3027.808422683955,1,Fixed
5,69.35098370463204,3.971120757224722,94,3.1020571939112704,5,2735.4882266835843,1,RL
5,69.35098370463204,3.971120757224722,95,6.260108966545585,13,3663.1123193734747,1,Fixed
5,69.35098370463204,3.971120757224722,95,9.12429568633749,13,2360.3249446467617,1,RL
5,69.35098370463204,3.971120757224722,96,1.1100041339229005,12,2775.8763484535343,1,Fixed
5,69.35098370463204,3.971120757224722,96,6.827163800324977,11,3037.12830051484,1,RL
5,69.35098370463204,3.971120757224722,97,1.4973256102925605,13,2642.751451275717,1,Fixed
5,69.35098370463204,3.971120757224722,97,1.9445998005065825,13,1969.4020009850165,1,RL
5,69.35098370463204,3.971120757224722,98,300.0,300,2519.4359178245313,0,Fixed
5,69.35098370463204,3.971120757224722,98,2.267069338758321,14,4304.427661876869,1,RL
5,69.35098370463204,3.971120757224722,99,1.324462025355707,13,2309.460044702971,1,Fixed
5,69.35098370463204,3.971120757224722,99,11.675830263171083,14,3137.932394560969,1,RL
6,83.9408037609272,44.81708470213185,0,14.013240647278502,11,3019.7765911939377,1,Fixed
6,83.9408037609272,44.81708470213185,0,4.312277325363292,12,2660.362162051444,1,RL
6,83.9408037609272,44.81708470213185,1,5.929539249651481,14,2637.4503985329484,1,Fixed
6,83.9408037609272,44.81708470213185,1,9.012501184567832,11,2533.2635262330095,1,RL
6,83.9408037609272,44.81708470213185,2,3.4178583354990963,9,2594.8688733815784,1,Fixed
6,83.9408037609272,44.81708470213185,2,2.972088945316466,11,2006.5802218419135,1,RL
6,83.9408037609272,44.81708470213185,3,4.485493854227782,7,2286.4555547849686,1,Fixed
6,83.9408037609272,44.81708470213185,3,7.394383021121558,13,2830.695207713844,1,RL
6,83.9408037609272,44.81708470213185,4,22.814741271337276,13,2671.7132400947216,1,Fixed
6,83.9408037609272,44.81708470213185,4,4.508546575465012,8,2736.058987703882,1,RL
6,83.9408037609272,44.81708470213185,5,13.01772761281126,12,3150.197120013347,1,Fixed
6,83.9408037609272,44.81708470213185,5,9.959849188008487,15,2566.839725774885,1,RL
6,83.9408037609272,44.81708470213185,6,11.184640647610081,7,2447.811833253771,1,Fixed
6,83.9408037609272,44.81708470213185,6,4.6369234466386935,11,2584.8709941315433,1,RL
6,83.9408037609272,44.81708470213185,7,13.921616518364686,15,3292.663584380152,1,Fixed
6,83.9408037609272,44.81708470213185,7,7.882767476415843,13,2350.3247413030253,1,RL
6,83.9408037609272,44.81708470213185,8,15.991095229525452,15,2980.431002299114,1,Fixed
6,83.9408037609272,44.81708470213185,8,19.941200153180127,15,3760.936599356225,1,RL
6,83.9408037609272,44.81708470213185,9,12.069934027697151,11,2601.0914028944376,1,Fixed
6,83.9408037609272,44.81708470213185,9,17.942643269321046,12,2751.529508044591,1,RL
6,83.9408037609272,44.81708470213185,10,7.394036395969802,11,2603.07176161666,1,Fixed
6,83.9408037609272,44.81708470213185,10,14.86244608075909,13,2870.7407671823744,1,RL
6,83.9408037609272,44.81708470213185,11,9.296222006608824,12,3156.405596039429,1,Fixed
6,83.9408037609272,44.81708470213185,11,3.02247223279104,7,2458.4480927151853,1,RL
6,83.9408037609272,44.81708470213185,12,4.9639469199572215,12,3172.220867026458,1,Fixed
6,83.9408037609272,44.81708470213185,12,2.9066287681110463,14,2584.6945828887565,1,RL
6,83.9408037609272,44.81708470213185,13,9.217985672837962,11,2691.0038355001316,1,Fixed
6,83.9408037609272,44.81708470213185,13,12.3310190388823,15,3557.151262453938,1,RL
6,83.9408037609272,44.81708470213185,14,9.017566610659813,13,2798.2323109756508,1,Fixed
6,83.9408037609272,44.81708470213185,14,22.961220093086602,9,2335.2202819604317,1,RL
6,83.9408037609272,44.81708470213185,15,8.262628370716573,10,2418.644200291654,1,Fixed
6,83.9408037609272,44.81708470213185,15,11.259943199241883,15,4223.803270498324,1,RL
6,83.9408037609272,44.81708470213185,16,18.08922725700769,15,3194.125810326327,1,Fixed
6,83.9408037609272,44.81708470213185,16,9.632738746174834,13,2947.5515382744497,1,RL
6,83.9408037609272,44.81708470213185,17,16.391700824426188,15,2987.721288858283,1,Fixed
6,83.9408037609272,44.81708470213185,17,16.073081017813113,16,3386.4338141819153,1,RL
6,83.9408037609272,44.81708470213185,18,14.95970845836454,10,2462.7424372796822,1,Fixed
6,83.9408037609272,44.81708470213185,18,3.1573327628137138,15,2881.6816361213064,1,RL
6,83.9408037609272,44.81708470213185,19,3.710587195431483,12,2778.374179746358,1,Fixed
6,83.9408037609272,44.81708470213185,19,6.689249320104776,12,2707.5736715037106,1,RL
6,83.9408037609272,44.81708470213185,20,12.07935284386628,12,3019.592653108622,1,Fixed
6,83.9408037609272,44.81708470213185,20,11.932526086556377,11,2453.526266358807,1,RL
6,83.9408037609272,44.81708470213185,21,16.320661227998706,14,3058.0722080762957,1,Fixed
6,83.9408037609272,44.81708470213185,21,15.49558246315426,10,2788.3779562850436,1,RL
6,83.9408037609272,44.81708470213185,22,15.27791112176123,12,2671.8664522339327,1,Fixed
6,83.9408037609272,44.81708470213185,22,5.206667327242411,13,2516.5660025798206,1,RL
6,83.9408037609272,44.81708470213185,23,4.347818057031102,15,2591.7102141488526,1,Fixed
6,83.9408037609272,44.81708470213185,23,8.898354330351326,15,2937.6423432045312,1,RL
6,83.9408037609272,44.81708470213185,24,4.930174798352832,12,2682.4948581553904,1,Fixed
6,83.9408037609272,44.81708470213185,24,10.25645781018436,10,2709.5476471593624,1,RL
6,83.9408037609272,44.81708470213185,25,2.616976848565527,11,2666.496954856379,1,Fixed
6,83.9408037609272,44.81708470213185,25,10.49759121193716,8,1935.5137609812707,1,RL
6,83.9408037609272,44.81708470213185,26,21.32608032066967,14,3068.1695864557128,1,Fixed
6,83.9408037609272,44.81708470213185,26,6.9545995155989,10,2418.969771384066,1,RL
6,83.9408037609272,44.81708470213185,27,12.133040550195378,7,2299.101623147631,1,Fixed
6,83.9408037609272,44.81708470213185,27,9.452415628458267,15,3206.986550222956,1,RL
6,83.9408037609272,44.81708470213185,28,9.027873016887439,11,2871.531761689435,1,Fixed
6,83.9408037609272,44.81708470213185,28,9.605602222662295,14,3476.1089003948023,1,RL
6,83.9408037609272,44.81708470213185,29,7.085814692801051,14,2616.096239239439,1,Fixed
6,83.9408037609272,44.81708470213185,29,14.865226484947812,13,3256.087706533439,1,RL
6,83.9408037609272,44.81708470213185,30,19.396941031557866,13,3050.5950616489345,1,Fixed
6,83.9408037609272,44.81708470213185,30,7.08730830978835,10,1929.6700186119754,1,RL
6,83.9408037609272,44.81708470213185,31,15.956082890643753,9,2751.6879414655987,1,Fixed
6,83.9408037609272,44.81708470213185,31,12.506251409895375,9,2561.1730701500533,1,RL
6,83.9408037609272,44.81708470213185,32,26.142820546563758,12,3340.5142457464312,1,Fixed
6,83.9408037609272,44.81708470213185,32,10.502543441836107,14,2993.619093186783,1,RL
6,83.9408037609272,44.81708470213185,33,7.537580132142108,13,2970.640117417271,1,Fixed
6,83.9408037609272,44.81708470213185,33,3.3125653551971936,11,2421.7620258686134,1,RL
6,83.9408037609272,44.81708470213185,34,11.089427719227468,14,2781.2650785383557,1,Fixed
6,83.9408037609272,44.81708470213185,34,8.273076976319645,6,2096.588380897214,1,RL
6,83.9408037609272,44.81708470213185,35,5.796493175332831,15,3458.3681755708812,1,Fixed
6,83.9408037609272,44.81708470213185,35,6.747357358997507,13,3020.1738309334432,1,RL
6,83.9408037609272,44.81708470213185,36,22.74584413396042,12,2616.7014194951525,1,Fixed
6,83.9408037609272,44.81708470213185,36,15.055298156093997,13,2752.697697054992,1,RL
6,83.9408037609272,44.81708470213185,37,15.463360941102042,11,2935.461381798783,1,Fixed
6,83.9408037609272,44.81708470213185,37,10.60165445953906,10,2488.848487037333,1,RL
6,83.9408037609272,44.81708470213185,38,6.229997296395592,12,2881.967220113641,1,Fixed
6,83.9408037609272,44.81708470213185,38,5.161929466167332,13,3365.674742217918,1,RL
6,83.9408037609272,44.81708470213185,39,15.805583266297035,8,2577.0238102329363,1,Fixed
6,83.9408037609272,44.81708470213185,39,8.356726531108654,15,2811.50015106026,1,RL
6,83.9408037609272,44.81708470213185,40,17.28251838857583,13,3521.865292370086,1,Fixed
6,83.9408037609272,44.81708470213185,40,10.152523895343137,15,2815.7663804718186,1,RL
6,83.9408037609272,44.81708470213185,41,9.675241931784905,16,3019.200373130814,1,Fixed
6,83.9408037609272,44.81708470213185,41,8.806331741933262,12,2612.5391120871404,1,RL
6,83.9408037609272,44.81708470213185,42,9.25872157819777,15,3037.0941788371165,1,Fixed
6,83.9408037609272,44.81708470213185,42,4.480535990658405,14,2692.7526331958143,1,RL
6,83.9408037609272,44.81708470213185,43,7.579091241014072,11,3259.0836610842275,1,Fixed
6,83.9408037609272,44.81708470213185,43,15.898179332933225,14,2888.5172180027425,1,RL
6,83.9408037609272,44.81708470213185,44,19.40808586935475,12,3230.872096044304,1,Fixed
6,83.9408037609272,44.81708470213185,44,10.56584887102482,10,3269.5192404646446,1,RL
6,83.9408037609272,44.81708470213185,45,10.90986221079919,11,2395.3391212301967,1,Fixed
6,83.9408037609272,44.81708470213185,45,6.4012299658630125,12,3071.389634509278,1,RL
6,83.9408037609272,44.81708470213185,46,11.191320505876453,12,2785.0627913386124,1,Fixed
6,83.9408037609272,44.81708470213185,46,16.696660004158,11,3126.362901357683,1,RL
6,83.9408037609272,44.81708470213185,47,12.732163186079207,13,2842.3085307520455,1,Fixed
6,83.9408037609272,44.81708470213185,47,4.984845305191399,12,3352.6962813231607,1,RL
6,83.9408037609272,44.81708470213185,48,14.06858999765224,13,2770.3259662786063,1,Fixed
6,83.9408037609272,44.81708470213185,48,15.660865433866022,12,3604.3569108680767,1,RL
6,83.9408037609272,44.81708470213185,49,12.35363753003387,14,3018.4326953110235,1,Fixed
6,83.9408037609272,44.81708470213185,49,11.812911499465244,10,2356.1351856948795,1,RL
6,83.9408037609272,44.81708470213185,50,4.335245472016875,14,2494.6744796751723,1,Fixed
6,83.9408037609272,44.81708470213185,50,17.268741947980228,14,3416.615111511446,1,RL
6,83.9408037609272,44.81708470213185,51,10.716901611378344,11,2568.128759978682,1,Fixed
6,83.9408037609272,44.81708470213185,51,14.604228151979157,9,3079.856105075401,1,RL
6,83.9408037609272,44.81708470213185,52,11.795799439519687,12,2929.756649832466,1,Fixed
6,83.9408037609272,44.81708470213185,52,18.836093915914848,12,2734.627837415649,1,RL
6,83.9408037609272,44.81708470213185,53,11.27690328727492,13,2924.880587647466,1,Fixed
6,83.9408037609272,44.81708470213185,53,7.707495395968273,8,2498.681193420103,1,RL
6,83.9408037609272,44.81708470213185,54,4.292686399706033,10,2876.0914068373236,1,Fixed
6,83.9408037609272,44.81708470213185,54,14.566284176820437,12,2303.967230023049,1,RL
6,83.9408037609272,44.81708470213185,55,11.520482972556549,7,2490.4488974985434,1,Fixed
6,83.9408037609272,44.81708470213185,55,5.056985906858379,11,2973.4993763593848,1,RL
6,83.9408037609272,44.81708470213185,56,5.001044480756387,13,2362.2381754501716,1,Fixed
6,83.9408037609272,44.81708470213185,56,9.300518039624304,13,2729.5515012001606,1,RL
6,83.9408037609272,44.81708470213185,57,9.97832406045407,11,2830.979374668117,1,Fixed
6,83.9408037609272,44.81708470213185,57,12.560087820068933,18,2838.8831254978095,1,RL
6,83.9408037609272,44.81708470213185,58,8.159168705758638,11,3350.7531710521653,1,Fixed
6,83.9408037609272,44.81708470213185,58,14.87897096015708,12,2917.7027627707043,1,RL
6,83.9408037609272,44.81708470213185,59,25.49796616546788,13,2650.7108594347856,1,Fixed
6,83.9408037609272,44.81708470213185,59,3.069684985149401,9,2616.2093627568174,1,RL
6,83.9408037609272,44.81708470213185,60,10.417165655262124,12,2851.5254646628205,1,Fixed
6,83.9408037609272,44.81708470213185,60,11.333504336131414,11,2577.253674788868,1,RL
6,83.9408037609272,44.81708470213185,61,9.931940657748397,11,2918.301141060818,1,Fixed
6,83.9408037609272,44.81708470213185,61,14.44455970558651,14,2746.9947726320866,1,RL
6,83.9408037609272,44.81708470213185,62,15.713580258453243,12,3114.0801511034065,1,Fixed
6,83.9408037609272,44.81708470213185,62,22.79455827851111,10,2556.8222473713417,1,RL
6,83.9408037609272,44.81708470213185,63,6.616788151951754,11,2903.454164922567,1,Fixed
6,83.9408037609272,44.81708470213185,63,27.90805441478522,13,2748.974057677528,1,RL
6,83.9408037609272,44.81708470213185,64,3.363024438308009,16,2943.2731414723,1,Fixed
6,83.9408037609272,44.81708470213185,64,7.604566325549496,10,3426.9487418749527,1,RL
6,83.9408037609272,44.81708470213185,65,13.083432307701832,16,2591.312680364826,1,Fixed
6,83.9408037609272,44.81708470213185,65,17.43069615579656,14,3779.5792046452066,1,RL
6,83.9408037609272,44.81708470213185,66,8.06906533844789,9,2399.4973307528408,1,Fixed
6,83.9408037609272,44.81708470213185,66,12.998984450428566,12,2226.5905576666114,1,RL
6,83.9408037609272,44.81708470213185,67,19.37448973113579,9,2971.6442580392936,1,Fixed
6,83.9408037609272,44.81708470213185,67,6.3675721759267185,12,2501.284463377282,1,RL
6,83.9408037609272,44.81708470213185,68,14.928390689665324,12,2428.900204591278,1,Fixed
6,83.9408037609272,44.81708470213185,68,8.788862534567212,12,2847.2480189898242,1,RL
6,83.9408037609272,44.81708470213185,69,2.590132837886503,15,2497.6455265172954,1,Fixed
6,83.9408037609272,44.81708470213185,69,13.372201788125716,11,3003.590570717527,1,RL
6,83.9408037609272,44.81708470213185,70,11.237816358486354,14,3048.6172699688323,1,Fixed
6,83.9408037609272,44.81708470213185,70,6.2903534642067065,13,2989.529077361953,1,RL
6,83.9408037609272,44.81708470213185,71,15.142602913071093,12,2855.4902036169537,1,Fixed
6,83.9408037609272,44.81708470213185,71,2.7799277466291663,13,2959.3084310893673,1,RL
6,83.9408037609272,44.81708470213185,72,17.447384580811697,13,2640.182502869223,1,Fixed
6,83.9408037609272,44.81708470213185,72,10.762006751569276,13,2771.509829805408,1,RL
6,83.9408037609272,44.81708470213185,73,3.9544116183325277,14,2658.793917459755,1,Fixed
6,83.9408037609272,44.81708470213185,73,11.554188013837788,16,3443.6184239283994,1,RL
6,83.9408037609272,44.81708470213185,74,13.952403334201886,13,3117.99912649295,1,Fixed
6,83.9408037609272,44.81708470213185,74,23.81385621403755,15,3134.863116602208,1,RL
6,83.9408037609272,44.81708470213185,75,18.161797833559582,14,2284.3041183988703,1,Fixed
6,83.9408037609272,44.81708470213185,75,5.8847205895387855,10,3123.5198060472353,1,RL
6,83.9408037609272,44.81708470213185,76,13.544441222717174,15,2909.768472035132,1,Fixed
6,83.9408037609272,44.81708470213185,76,17.945362366424042,13,2640.477592043655,1,RL
6,83.9408037609272,44.81708470213185,77,21.107002866283366,15,2656.3764766334475,1,Fixed
6,83.9408037609272,44.81708470213185,77,13.641571587348398,12,2910.9631056626104,1,RL
6,83.9408037609272,44.81708470213185,78,20.163989233878095,14,2709.4403094051195,1,Fixed
6,83.9408037609272,44.81708470213185,78,4.3940538236857165,14,2883.868830349364,1,RL
6,83.9408037609272,44.81708470213185,79,7.521730303799826,13,3056.616721884661,1,Fixed
6,83.9408037609272,44.81708470213185,79,7.779046601615244,14,3073.3647742024536,1,RL
6,83.9408037609272,44.81708470213185,80,7.390215794198968,12,3108.6912170356727,1,Fixed
6,83.9408037609272,44.81708470213185,80,13.966860050478266,14,3071.2820808820256,1,RL
6,83.9408037609272,44.81708470213185,81,16.555720018608888,9,2553.68955398363,1,Fixed
6,83.9408037609272,44.81708470213185,81,7.169517778744402,9,2471.0353300119136,1,RL
6,83.9408037609272,44.81708470213185,82,13.153350028679842,12,2830.3715311393958,1,Fixed
6,83.9408037609272,44.81708470213185,82,22.243705152309268,14,3275.1812990056533,1,RL
6,83.9408037609272,44.81708470213185,83,4.739413761250928,10,2720.2867061994402,1,Fixed
6,83.9408037609272,44.81708470213185,83,25.71918760365322,12,2870.331097154116,1,RL
6,83.9408037609272,44.81708470213185,84,14.64978827806928,11,2620.1450387150626,1,Fixed
6,83.9408037609272,44.81708470213185,84,11.847314322985186,12,2723.556011899502,1,RL
6,83.9408037609272,44.81708470213185,85,12.629610041666206,14,2975.623440923932,1,Fixed
6,83.9408037609272,44.81708470213185,85,3.5212323255769773,12,2497.621987367446,1,RL
6,83.9408037609272,44.81708470213185,86,13.56877931839252,14,2972.4261628156087,1,Fixed
6,83.9408037609272,44.81708470213185,86,24.53073970846545,15,2843.5489779814925,1,RL
6,83.9408037609272,44.81708470213185,87,11.766883122263065,19,3119.848488007057,1,Fixed
6,83.9408037609272,44.81708470213185,87,2.6731864191540984,14,2893.035574165161,1,RL
6,83.9408037609272,44.81708470213185,88,21.716300564662937,13,3779.8367049912304,1,Fixed
6,83.9408037609272,44.81708470213185,88,6.257030474047167,11,2783.42942864427,1,RL
6,83.9408037609272,44.81708470213185,89,19.914835004652463,14,2833.1422621115903,1,Fixed
6,83.9408037609272,44.81708470213185,89,16.166541762846762,14,3118.192410452576,1,RL
6,83.9408037609272,44.81708470213185,90,12.829696046717846,9,3099.878849666353,1,Fixed
6,83.9408037609272,44.81708470213185,90,11.905179630763968,14,3241.7444844206507,1,RL
6,83.9408037609272,44.81708470213185,91,8.833338539466322,12,2546.331605049632,1,Fixed
6,83.9408037609272,44.81708470213185,91,4.131449193271682,11,3494.6707108594564,1,RL
6,83.9408037609272,44.81708470213185,92,3.9649584480288786,12,2322.299969596796,1,Fixed
6,83.9408037609272,44.81708470213185,92,10.066281694970636,15,3256.79132750108,1,RL
6,83.9408037609272,44.81708470213185,93,11.870960123572774,12,2261.7211210631513,1,Fixed
6,83.9408037609272,44.81708470213185,93,18.8823649935914,9,2883.038635023296,1,RL
6,83.9408037609272,44.81708470213185,94,10.231426547711802,13,2914.146249625571,1,Fixed
6,83.9408037609272,44.81708470213185,94,5.460735863902454,12,3049.961028387707,1,RL
6,83.9408037609272,44.81708470213185,95,3.691565112752042,13,2404.504412349655,1,Fixed
6,83.9408037609272,44.81708470213185,95,14.522217475574113,13,2978.3431595951783,1,RL
6,83.9408037609272,44.81708470213185,96,10.831091128595368,12,2552.2298570609646,1,Fixed
6,83.9408037609272,44.81708470213185,96,10.388634679735208,12,2114.1102814576693,1,RL
6,83.9408037609272,44.81708470213185,97,13.804516725200097,9,2571.0368717067568,1,Fixed
6,83.9408037609272,44.81708470213185,97,2.326256255598895,11,2414.4564212051655,1,RL
6,83.9408037609272,44.81708470213185,98,8.506587194887716,9,2947.7567860563595,1,Fixed
6,83.9408037609272,44.81708470213185,98,11.675569001417868,4,1798.7603238687898,1,RL
6,83.9408037609272,44.81708470213185,99,17.20083327868278,13,2881.912483542445,1,Fixed
6,83.9408037609272,44.81708470213185,99,15.119940935373785,11,2744.995724988027,1,RL
7,63.66929143579417,22.123781980668365,0,7.130770694248291,11,2410.117523737721,1,Fixed
7,63.66929143579417,22.123781980668365,0,11.714196153698648,13,2978.4159460978253,1,RL
7,63.66929143579417,22.123781980668365,1,6.3322467538555,8,2685.8366305339946,1,Fixed
7,63.66929143579417,22.123781980668365,1,10.249330199755219,11,3088.4821448647817,1,RL
7,63.66929143579417,22.123781980668365,2,13.131956254923884,12,3311.042040942903,1,Fixed
7,63.66929143579417,22.123781980668365,2,15.295477747190716,6,2661.330469007536,1,RL
7,63.66929143579417,22.123781980668365,3,21.117743245729088,12,3001.7059006317763,1,Fixed
7,63.66929143579417,22.123781980668365,3,15.84018853367012,13,3058.853366821199,1,RL
7,63.66929143579417,22.123781980668365,4,16.296854756214255,14,2564.0180822064854,1,Fixed
7,63.66929143579417,22.123781980668365,4,13.182511010864337,12,2612.749688402032,1,RL
7,63.66929143579417,22.123781980668365,5,13.241187223358526,11,3179.3615675694173,1,Fixed
7,63.66929143579417,22.123781980668365,5,9.183856435542767,12,2762.404371401214,1,RL
7,63.66929143579417,22.123781980668365,6,8.28012269021168,16,2725.503918734812,1,Fixed
7,63.66929143579417,22.123781980668365,6,4.974715509776292,9,2612.3239173795387,1,RL
7,63.66929143579417,22.123781980668365,7,13.010597808865175,3,1686.6528245290995,1,Fixed
7,63.66929143579417,22.123781980668365,7,3.3590423606009416,12,2571.7603951821848,1,RL
7,63.66929143579417,22.123781980668365,8,16.212911944574138,9,3225.972127129306,1,Fixed
7,63.66929143579417,22.123781980668365,8,5.7865574808543645,7,2585.047777882576,1,RL
7,63.66929143579417,22.123781980668365,9,12.420758030633408,15,2942.758351615734,1,Fixed
7,63.66929143579417,22.123781980668365,9,10.380052277846985,10,3092.2882543142155,1,RL
7,63.66929143579417,22.123781980668365,10,4.011644770567959,11,2161.5847870807374,1,Fixed
7,63.66929143579417,22.123781980668365,10,6.1773618804846855,13,2759.8762057733265,1,RL
7,63.66929143579417,22.123781980668365,11,19.009927213342028,9,2632.248629719304,1,Fixed
7,63.66929143579417,22.123781980668365,11,8.112146336455703,13,3004.2297443797042,1,RL
7,63.66929143579417,22.123781980668365,12,6.667880171397435,11,2997.397891636839,1,Fixed
7,63.66929143579417,22.123781980668365,12,14.395023725757147,13,3040.933789951241,1,RL
7,63.66929143579417,22.123781980668365,13,13.861049702159168,8,2225.2039197448335,1,Fixed
7,63.66929143579417,22.123781980668365,13,19.62003693649685,12,2691.108266029321,1,RL
7,63.66929143579417,22.123781980668365,14,15.543265606112936,13,3009.697193708779,1,Fixed
7,63.66929143579417,22.123781980668365,14,12.242254026447245,11,3030.0508756812833,1,RL
7,63.66929143579417,22.123781980668365,15,12.063391979951572,13,2856.5337074163112,1,Fixed
7,63.66929143579417,22.123781980668365,15,17.910999793958027,16,3222.74652460182,1,RL
7,63.66929143579417,22.123781980668365,16,22.86007715060162,15,3067.481218662424,1,Fixed
7,63.66929143579417,22.123781980668365,16,5.5446375441406435,15,3366.7559585675654,1,RL
7,63.66929143579417,22.123781980668365,17,9.202245026876842,13,3400.775622924563,1,Fixed
7,63.66929143579417,22.123781980668365,17,15.940004882192692,14,2336.856305528581,1,RL
7,63.66929143579417,22.123781980668365,18,12.51730943905787,14,2782.1759819811305,1,Fixed
7,63.66929143579417,22.123781980668365,18,14.007476234416412,12,2859.290046614372,1,RL
7,63.66929143579417,22.123781980668365,19,18.907763541862572,10,3473.4162637232625,1,Fixed
7,63.66929143579417,22.123781980668365,19,14.292164784450657,14,3059.6353894875174,1,RL
7,63.66929143579417,22.123781980668365,20,14.151833652520605,9,2508.4014327523614,1,Fixed
7,63.66929143579417,22.123781980668365,20,5.253085486397401,13,2857.924722105926,1,RL
7,63.66929143579417,22.123781980668365,21,13.274030041082431,9,2518.1568068928486,1,Fixed
7,63.66929143579417,22.123781980668365,21,9.546295718203073,11,2719.026737160093,1,RL
7,63.66929143579417,22.123781980668365,22,19.49338165359985,13,3020.3383234698167,1,Fixed
7,63.66929143579417,22.123781980668365,22,13.570075906849354,9,3084.050763302269,1,RL
7,63.66929143579417,22.123781980668365,23,19.276234372265186,12,2997.5901434920197,1,Fixed
7,63.66929143579417,22.123781980668365,23,6.726883028913204,15,2679.216619737248,1,RL
7,63.66929143579417,22.123781980668365,24,13.200416795523456,13,2345.345861575871,1,Fixed
7,63.66929143579417,22.123781980668365,24,7.236748606259202,14,2984.41561027102,1,RL
7,63.66929143579417,22.123781980668365,25,7.170397697681379,13,2926.059730235242,1,Fixed
7,63.66929143579417,22.123781980668365,25,17.003074040765256,14,2571.854933031047,1,RL
7,63.66929143579417,22.123781980668365,26,12.350725999738321,12,3016.010782344229,1,Fixed
7,63.66929143579417,22.123781980668365,26,15.51342083316444,11,2719.735841694737,1,RL
7,63.66929143579417,22.123781980668365,27,17.98359647882026,11,2895.617627639239,1,Fixed
7,63.66929143579417,22.123781980668365,27,15.98294318130657,9,2965.4122454450553,1,RL
7,63.66929143579417,22.123781980668365,28,5.996315826905925,10,2680.304879541841,1,Fixed
7,63.66929143579417,22.123781980668365,28,3.6569802674521794,11,2629.211219156476,1,RL
7,63.66929143579417,22.123781980668365,29,9.787601530177668,6,2687.418814210581,1,Fixed
7,63.66929143579417,22.123781980668365,29,15.205929498650514,16,3524.0039735806645,1,RL
7,63.66929143579417,22.123781980668365,30,11.824641990316772,13,2958.1971989603244,1,Fixed
7,63.66929143579417,22.123781980668365,30,7.309562368347434,12,2673.8845912362694,1,RL
7,63.66929143579417,22.123781980668365,31,15.511549979828882,9,2446.068100340929,1,Fixed
7,63.66929143579417,22.123781980668365,31,27.941755778792704,16,3121.845877204725,1,RL
7,63.66929143579417,22.123781980668365,32,11.255285290369416,13,2594.5893551957993,1,Fixed
7,63.66929143579417,22.123781980668365,32,8.819193896020058,14,3138.9919385291487,1,RL
7,63.66929143579417,22.123781980668365,33,12.18384516086184,14,3346.5578537934225,1,Fixed
7,63.66929143579417,22.123781980668365,33,7.386201644486801,10,2677.8441407890596,1,RL
7,63.66929143579417,22.123781980668365,34,6.8067813728109146,12,2424.091171909448,1,Fixed
7,63.66929143579417,22.123781980668365,34,5.285826548980962,13,3082.7865442862717,1,RL
7,63.66929143579417,22.123781980668365,35,10.871377878153915,10,2850.313636394579,1,Fixed
7,63.66929143579417,22.123781980668365,35,11.94849761863789,14,3095.3939449698446,1,RL
7,63.66929143579417,22.123781980668365,36,7.62844723260181,14,3232.809328337574,1,Fixed
7,63.66929143579417,22.123781980668365,36,10.61069974199154,13,2724.042603119409,1,RL
7,63.66929143579417,22.123781980668365,37,20.656196732633717,14,3038.9508334697475,1,Fixed
7,63.66929143579417,22.123781980668365,37,13.743332817988042,13,2573.284522872786,1,RL
7,63.66929143579417,22.123781980668365,38,15.614245887972126,14,2846.7095072583047,1,Fixed
7,63.66929143579417,22.123781980668365,38,19.994755297067876,13,2802.604917833659,1,RL
7,63.66929143579417,22.123781980668365,39,11.567588012472836,11,2775.4600844301535,1,Fixed
7,63.66929143579417,22.123781980668365,39,10.308036657593364,13,2314.2784550980837,1,RL
7,63.66929143579417,22.123781980668365,40,13.554497663878113,13,2910.1185925995082,1,Fixed
7,63.66929143579417,22.123781980668365,40,9.00520795021447,10,3014.945862968313,1,RL
7,63.66929143579417,22.123781980668365,41,8.018980656761693,12,2731.56505364467,1,Fixed
7,63.66929143579417,22.123781980668365,41,16.507231530725175,13,2943.5514460798063,1,RL
7,63.66929143579417,22.123781980668365,42,16.934810382947884,8,2942.0367540737,1,Fixed
7,63.66929143579417,22.123781980668365,42,8.70808375356731,13,2798.9940010894907,1,RL
7,63.66929143579417,22.123781980668365,43,12.565214260540873,11,3018.893276687183,1,Fixed
7,63.66929143579417,22.123781980668365,43,12.841655155181423,10,2834.675826718721,1,RL
7,63.66929143579417,22.123781980668365,44,4.517355901074758,12,2547.605119522818,1,Fixed
7,63.66929143579417,22.123781980668365,44,10.866994432720103,11,3083.210645626134,1,RL
7,63.66929143579417,22.123781980668365,45,15.931522335848147,12,2910.2642757601125,1,Fixed
7,63.66929143579417,22.123781980668365,45,14.3069355194476,15,2472.795345944627,1,RL
7,63.66929143579417,22.123781980668365,46,16.797476287410998,9,2842.829925594684,1,Fixed
7,63.66929143579417,22.123781980668365,46,16.661524487242975,14,3448.9050928073225,1,RL
7,63.66929143579417,22.123781980668365,47,9.767739284775114,13,2739.8574359182257,1,Fixed
7,63.66929143579417,22.123781980668365,47,18.370815496846863,14,2535.92638029311,1,RL
7,63.66929143579417,22.123781980668365,48,3.7844096971024968,16,2493.989889230735,1,Fixed
7,63.66929143579417,22.123781980668365,48,19.051193881789615,14,2667.5271596092125,1,RL
7,63.66929143579417,22.123781980668365,49,11.636921332005466,12,2969.097321595034,1,Fixed
7,63.66929143579417,22.123781980668365,49,8.801499313736837,13,2893.6948646721185,1,RL
7,63.66929143579417,22.123781980668365,50,5.560940079745704,13,2911.3728158968165,1,Fixed
7,63.66929143579417,22.123781980668365,50,14.062000419564162,12,3087.6790072417216,1,RL
7,63.66929143579417,22.123781980668365,51,18.684558315041226,14,2954.7153634798983,1,Fixed
7,63.66929143579417,22.123781980668365,51,20.97069814092356,16,3214.017971330296,1,RL
7,63.66929143579417,22.123781980668365,52,13.059736193162689,14,2998.883788209215,1,Fixed
7,63.66929143579417,22.123781980668365,52,8.79391493970715,12,2953.3884592746476,1,RL
7,63.66929143579417,22.123781980668365,53,14.807895963081782,11,3178.7337820733783,1,Fixed
7,63.66929143579417,22.123781980668365,53,9.348222829851267,12,3153.7748107726193,1,RL
7,63.66929143579417,22.123781980668365,54,7.310351865480304,12,2776.003554440299,1,Fixed
7,63.66929143579417,22.123781980668365,54,15.59563210780691,15,3027.821998176065,1,RL
7,63.66929143579417,22.123781980668365,55,6.50111942656447,13,2523.829693422793,1,Fixed
7,63.66929143579417,22.123781980668365,55,14.1132104297507,14,3107.0520364708536,1,RL
7,63.66929143579417,22.123781980668365,56,10.175040981392362,14,3094.5470504155205,1,Fixed
7,63.66929143579417,22.123781980668365,56,11.722659824137422,10,2747.8309116386367,1,RL
7,63.66929143579417,22.123781980668365,57,18.46760858013955,14,3279.90478277327,1,Fixed
7,63.66929143579417,22.123781980668365,57,7.660164242694402,11,2618.386893199145,1,RL
7,63.66929143579417,22.123781980668365,58,16.155351725189817,14,2935.6825695100283,1,Fixed
7,63.66929143579417,22.123781980668365,58,17.270146923339986,8,2539.421866902329,1,RL
7,63.66929143579417,22.123781980668365,59,16.53004498745341,12,3072.4562516480632,1,Fixed
7,63.66929143579417,22.123781980668365,59,4.994946767079819,11,2584.287041012622,1,RL
7,63.66929143579417,22.123781980668365,60,8.41042895771741,13,2763.2555162191597,1,Fixed
7,63.66929143579417,22.123781980668365,60,14.261314775651366,13,3570.3449379785866,1,RL
7,63.66929143579417,22.123781980668365,61,7.900812727129866,13,2747.9878996677808,1,Fixed
7,63.66929143579417,22.123781980668365,61,10.40927088157315,12,2696.66042446247,1,RL
7,63.66929143579417,22.123781980668365,62,22.262918892301155,13,2855.958276251432,1,Fixed
7,63.66929143579417,22.123781980668365,62,18.762843991504624,14,3040.930547072144,1,RL
7,63.66929143579417,22.123781980668365,63,15.053512929201384,13,2784.442672281775,1,Fixed
7,63.66929143579417,22.123781980668365,63,7.321399975594559,11,3269.4973126711093,1,RL
7,63.66929143579417,22.123781980668365,64,9.242661468095594,12,2582.04818963402,1,Fixed
7,63.66929143579417,22.123781980668365,64,11.465672572675256,13,2805.7601156528776,1,RL
7,63.66929143579417,22.123781980668365,65,7.219541171401774,13,2648.6912635728686,1,Fixed
7,63.66929143579417,22.123781980668365,65,18.699645144817907,12,2854.5017136445945,1,RL
7,63.66929143579417,22.123781980668365,66,6.810903159286946,12,2840.1746240747393,1,Fixed
7,63.66929143579417,22.123781980668365,66,7.663149326166986,14,3466.3351052975067,1,RL
7,63.66929143579417,22.123781980668365,67,12.553025254661032,14,3066.7578320817806,1,Fixed
7,63.66929143579417,22.123781980668365,67,18.732624019672308,15,3118.494796120351,1,RL
7,63.66929143579417,22.123781980668365,68,6.912657037079619,14,2651.7833163437977,1,Fixed
7,63.66929143579417,22.123781980668365,68,9.536053712022323,12,2348.420303324727,1,RL
7,63.66929143579417,22.123781980668365,69,7.284956377524738,16,3399.4923484919273,1,Fixed
7,63.66929143579417,22.123781980668365,69,23.983799664707057,13,3367.098338205359,1,RL
7,63.66929143579417,22.123781980668365,70,14.166486724165903,14,3349.7613665827107,1,Fixed
7,63.66929143579417,22.123781980668365,70,16.27117137136645,12,3281.477124386053,1,RL
7,63.66929143579417,22.123781980668365,71,24.914903400397993,13,2761.994969635642,1,Fixed
7,63.66929143579417,22.123781980668365,71,7.321529851215151,15,3233.2122791315137,1,RL
7,63.66929143579417,22.123781980668365,72,6.468012374438322,13,3054.4971142747017,1,Fixed
7,63.66929143579417,22.123781980668365,72,14.088885997164144,13,2929.3132053921445,1,RL
7,63.66929143579417,22.123781980668365,73,14.68835081658782,10,2496.6407350561767,1,Fixed
7,63.66929143579417,22.123781980668365,73,12.836191719254852,9,2755.451773805915,1,RL
7,63.66929143579417,22.123781980668365,74,17.138380360462985,14,3035.5886627604705,1,Fixed
7,63.66929143579417,22.123781980668365,74,9.937654504006662,9,2705.2776581167277,1,RL
7,63.66929143579417,22.123781980668365,75,8.213312397688691,11,3117.563752187827,1,Fixed
7,63.66929143579417,22.123781980668365,75,8.756152896599461,14,2863.1117471827783,1,RL
7,63.66929143579417,22.123781980668365,76,4.434989814102195,9,2672.8613847496763,1,Fixed
7,63.66929143579417,22.123781980668365,76,20.27196300243729,10,2943.440903369682,1,RL
7,63.66929143579417,22.123781980668365,77,10.148466445653446,13,2731.9581288080476,1,Fixed
7,63.66929143579417,22.123781980668365,77,5.148982064485121,15,3400.6346301702915,1,RL
7,63.66929143579417,22.123781980668365,78,10.076935890695818,11,2444.748571256546,1,Fixed
7,63.66929143579417,22.123781980668365,78,18.167183369988873,12,2985.9566189939933,1,RL
7,63.66929143579417,22.123781980668365,79,13.176925772478063,10,3045.5281580227393,1,Fixed
7,63.66929143579417,22.123781980668365,79,12.223049294848618,14,2678.2252389002674,1,RL
7,63.66929143579417,22.123781980668365,80,18.67958162608644,15,2984.4080784189455,1,Fixed
7,63.66929143579417,22.123781980668365,80,20.320479161121497,14,2816.494760877233,1,RL
7,63.66929143579417,22.123781980668365,81,15.730999169071762,14,3281.946822056569,1,Fixed
7,63.66929143579417,22.123781980668365,81,4.920409611095075,12,3050.2780915940343,1,RL
7,63.66929143579417,22.123781980668365,82,18.503174083887608,14,2831.627421609971,1,Fixed
7,63.66929143579417,22.123781980668365,82,24.729151121673702,14,3708.545346647711,1,RL
7,63.66929143579417,22.123781980668365,83,9.809184497488253,14,3021.215238829661,1,Fixed
7,63.66929143579417,22.123781980668365,83,21.41678660685809,19,3940.471355159809,1,RL
7,63.66929143579417,22.123781980668365,84,6.897786548381009,13,2819.2049961459716,1,Fixed
7,63.66929143579417,22.123781980668365,84,7.081066575838994,10,2718.546986356961,1,RL
7,63.66929143579417,22.123781980668365,85,12.671202082692052,6,2631.437839319059,1,Fixed
7,63.66929143579417,22.123781980668365,85,10.48589889664511,15,2713.89639366214,1,RL
7,63.66929143579417,22.123781980668365,86,15.933270832327082,7,2831.2130967711605,1,Fixed
7,63.66929143579417,22.123781980668365,86,17.184475634154637,13,3168.7411647440576,1,RL
7,63.66929143579417,22.123781980668365,87,13.640795057730315,12,2598.9390183096834,1,Fixed
7,63.66929143579417,22.123781980668365,87,13.662333762163442,13,3628.4156167762058,1,RL
7,63.66929143579417,22.123781980668365,88,5.466436816293343,13,3226.417131356349,1,Fixed
7,63.66929143579417,22.123781980668365,88,9.217255906985528,14,2606.701911957598,1,RL
7,63.66929143579417,22.123781980668365,89,20.170070520121048,12,3052.047958653138,1,Fixed
7,63.66929143579417,22.123781980668365,89,4.226737340208745,7,2555.7723071408527,1,RL
7,63.66929143579417,22.123781980668365,90,19.47739403098783,9,2911.504808307081,1,Fixed
7,63.66929143579417,22.123781980668365,90,7.898277243402144,12,2700.0550559836483,1,RL
7,63.66929143579417,22.123781980668365,91,10.899104817090636,13,2972.5313748160656,1,Fixed
7,63.66929143579417,22.123781980668365,91,4.075978684329108,13,2564.642447982716,1,RL
7,63.66929143579417,22.123781980668365,92,18.46016804523863,13,2634.5389003904593,1,Fixed
7,63.66929143579417,22.123781980668365,92,6.0470901488059186,14,2546.7378653606465,1,RL
7,63.66929143579417,22.123781980668365,93,6.4623582074395625,13,3070.7044701793598,1,Fixed
7,63.66929143579417,22.123781980668365,93,13.803348590087676,13,2697.7770839150326,1,RL
7,63.66929143579417,22.123781980668365,94,12.473418396269036,12,2770.8988634508087,1,Fixed
7,63.66929143579417,22.123781980668365,94,2.886991828195691,14,2918.1540627571226,1,RL
7,63.66929143579417,22.123781980668365,95,9.315236014765365,8,2338.7818052266434,1,Fixed
7,63.66929143579417,22.123781980668365,95,13.357372520220746,9,2731.844874707069,1,RL
7,63.66929143579417,22.123781980668365,96,15.096006123750575,13,3252.0870283829654,1,Fixed
7,63.66929143579417,22.123781980668365,96,6.51123453192009,9,2541.3595089563337,1,RL
7,63.66929143579417,22.123781980668365,97,14.332659067869079,11,2487.1850146138854,1,Fixed
7,63.66929143579417,22.123781980668365,97,19.535853969915355,10,2397.2428687958363,1,RL
7,63.66929143579417,22.123781980668365,98,11.575619898323001,13,3136.5662651842167,1,Fixed
7,63.66929143579417,22.123781980668365,98,26.45679357096477,11,3123.5652248750584,1,RL
7,63.66929143579417,22.123781980668365,99,19.608753124896314,10,3215.490048632505,1,Fixed
7,63.66929143579417,22.123781980668365,99,11.50055797594418,9,2527.6000210202146,1,RL
8,67.7073712658448,77.22402758932766,0,5.775310709610335,13,2680.694642087859,1,Fixed
8,67.7073712658448,77.22402758932766,0,15.334803242561367,10,2931.042371405478,1,RL
8,67.7073712658448,77.22402758932766,1,7.767438987306401,7,2922.4243021130123,1,Fixed
8,67.7073712658448,77.22402758932766,1,16.2237742063221,12,3000.4309452788075,1,RL
8,67.7073712658448,77.22402758932766,2,13.553778125176965,8,2444.4488736539333,1,Fixed
8,67.7073712658448,77.22402758932766,2,4.702561445053294,11,2516.0200080402706,1,RL
8,67.7073712658448,77.22402758932766,3,12.90636618068414,13,3085.0287337052578,1,Fixed
8,67.7073712658448,77.22402758932766,3,17.174846221581973,11,2930.2421825130828,1,RL
8,67.7073712658448,77.22402758932766,4,15.83874082540689,8,2353.942301637308,1,Fixed
8,67.7073712658448,77.22402758932766,4,9.826592227126984,15,3287.514170944988,1,RL
8,67.7073712658448,77.22402758932766,5,13.469149747549347,11,2838.916379630914,1,Fixed
8,67.7073712658448,77.22402758932766,5,23.470964030355695,13,3182.1734982240696,1,RL
8,67.7073712658448,77.22402758932766,6,14.552275814851447,14,2669.016694661112,1,Fixed
8,67.7073712658448,77.22402758932766,6,19.48349848868938,13,2396.866285198768,1,RL
8,67.7073712658448,77.22402758932766,7,7.394098977640918,15,3129.668063244838,1,Fixed
8,67.7073712658448,77.22402758932766,7,15.365328414219906,8,2316.882680439091,1,RL
8,67.7073712658448,77.22402758932766,8,9.617587159123296,11,3017.074710427395,1,Fixed
8,67.7073712658448,77.22402758932766,8,17.62677046477412,7,3072.2564352901322,1,RL
8,67.7073712658448,77.22402758932766,9,16.873131923015713,13,3246.6545660231986,1,Fixed
8,67.7073712658448,77.22402758932766,9,22.38458483974371,11,3292.086561271121,1,RL
8,67.7073712658448,77.22402758932766,10,14.905208869341678,12,2690.224287140259,1,Fixed
8,67.7073712658448,77.22402758932766,10,21.44683030442652,15,3000.0383644170556,1,RL
8,67.7073712658448,77.22402758932766,11,13.935943364322043,11,2920.0366675572623,1,Fixed
8,67.7073712658448,77.22402758932766,11,19.778274790619907,10,2924.7602007910214,1,RL
8,67.7073712658448,77.22402758932766,12,17.628076023882947,11,2569.429860490103,1,Fixed
8,67.7073712658448,77.22402758932766,12,11.181049656862607,15,3249.3671125013557,1,RL
8,67.7073712658448,77.22402758932766,13,5.158545953370076,15,3282.2447249987667,1,Fixed
8,67.7073712658448,77.22402758932766,13,13.431451342712307,14,3434.1272683692914,1,RL
8,67.7073712658448,77.22402758932766,14,7.3857904169860715,12,3053.385630369631,1,Fixed
8,67.7073712658448,77.22402758932766,14,16.448137670539953,14,3511.358271461356,1,RL
8,67.7073712658448,77.22402758932766,15,10.48444824699596,13,2853.295653890608,1,Fixed
8,67.7073712658448,77.22402758932766,15,24.805709605958086,14,3243.8066596102226,1,RL
8,67.7073712658448,77.22402758932766,16,6.589434535338677,12,3117.3616825465083,1,Fixed
8,67.7073712658448,77.22402758932766,16,13.579801086956891,7,2679.871872043045,1,RL
8,67.7073712658448,77.22402758932766,17,13.248456041050677,13,2765.196657486615,1,Fixed
8,67.7073712658448,77.22402758932766,17,15.620855148601432,14,3705.2506217211067,1,RL
8,67.7073712658448,77.22402758932766,18,7.9201669111697415,8,2883.62119182661,1,Fixed
8,67.7073712658448,77.22402758932766,18,6.48107837950136,13,3061.1550110795056,1,RL
8,67.7073712658448,77.22402758932766,19,23.445834573272187,13,3544.8620185306927,1,Fixed
8,67.7073712658448,77.22402758932766,19,3.369019901102771,13,2818.6982220268346,1,RL
8,67.7073712658448,77.22402758932766,20,5.5289757019660986,14,3572.0383780566535,1,Fixed
8,67.7073712658448,77.22402758932766,20,17.900399070552545,10,2714.553256351442,1,RL
8,67.7073712658448,77.22402758932766,21,10.702387527223719,13,3082.596601982511,1,Fixed
8,67.7073712658448,77.22402758932766,21,22.336841606291745,17,3725.4252374235816,1,RL
8,67.7073712658448,77.22402758932766,22,6.68239104969876,15,2840.1665361245277,1,Fixed
8,67.7073712658448,77.22402758932766,22,14.261808228626796,13,2948.0768973806116,1,RL
8,67.7073712658448,77.22402758932766,23,16.44248476584439,13,3413.013841227904,1,Fixed
8,67.7073712658448,77.22402758932766,23,12.534127105743412,11,2718.1675491075594,1,RL
8,67.7073712658448,77.22402758932766,24,10.882637075752385,13,3091.4943955687477,1,Fixed
8,67.7073712658448,77.22402758932766,24,15.228897187919483,6,2535.8927722206668,1,RL
8,67.7073712658448,77.22402758932766,25,17.3821364270588,15,2905.6193967805875,1,Fixed
8,67.7073712658448,77.22402758932766,25,12.368791400625643,12,2491.894176853244,1,RL
8,67.7073712658448,77.22402758932766,26,14.125543510441506,16,3344.9315105869537,1,Fixed
8,67.7073712658448,77.22402758932766,26,21.74950883546058,18,5247.230217510814,1,RL
8,67.7073712658448,77.22402758932766,27,19.742240838576443,14,2682.1464160030228,1,Fixed
8,67.7073712658448,77.22402758932766,27,8.950237917108167,12,2486.96612604959,1,RL
8,67.7073712658448,77.22402758932766,28,22.486959040831643,9,2827.7272866806243,1,Fixed
8,67.7073712658448,77.22402758932766,28,11.42572484184003,10,3296.0872792380687,1,RL
8,67.7073712658448,77.22402758932766,29,5.258378993922366,11,2852.4881051427396,1,Fixed
8,67.7073712658448,77.22402758932766,29,15.183205126717118,14,3219.595290729606,1,RL
8,67.7073712658448,77.22402758932766,30,10.918859733253301,8,2712.9231686658377,1,Fixed
8,67.7073712658448,77.22402758932766,30,5.065067163111151,14,2703.499482001406,1,RL
8,67.7073712658448,77.22402758932766,31,6.14410541056659,11,3068.8222570522125,1,Fixed
8,67.7073712658448,77.22402758932766,31,13.519980509738422,14,3276.0750974575967,1,RL
8,67.7073712658448,77.22402758932766,32,17.619915891635937,15,3541.2917505185337,1,Fixed
8,67.7073712658448,77.22402758932766,32,13.238861316651384,12,2755.8323832977508,1,RL
8,67.7073712658448,77.22402758932766,33,24.195554538544066,13,3071.4119098032047,1,Fixed
8,67.7073712658448,77.22402758932766,33,8.717463965281187,12,2793.7753411463405,1,RL
8,67.7073712658448,77.22402758932766,34,12.524145406320716,14,2947.357735128624,1,Fixed
8,67.7073712658448,77.22402758932766,34,14.821117837245954,15,3457.197671397127,1,RL
8,67.7073712658448,77.22402758932766,35,11.202907435965361,11,3227.536976329121,1,Fixed
8,67.7073712658448,77.22402758932766,35,20.069507354561217,14,3444.558751788682,1,RL
8,67.7073712658448,77.22402758932766,36,6.883440846739013,12,2824.166215461269,1,Fixed
8,67.7073712658448,77.22402758932766,36,12.506930507944947,13,3247.686634223627,1,RL
8,67.7073712658448,77.22402758932766,37,5.5719440383252925,15,3480.561431090547,1,Fixed
8,67.7073712658448,77.22402758932766,37,8.225771090581928,14,3158.4047655210184,1,RL
8,67.7073712658448,77.22402758932766,38,15.425040220694845,12,2694.6514225504743,1,Fixed
8,67.7073712658448,77.22402758932766,38,12.448923403554575,10,2486.694438990925,1,RL
8,67.7073712658448,77.22402758932766,39,16.423028671803117,13,2475.4052266753033,1,Fixed
8,67.7073712658448,77.22402758932766,39,12.944795230229285,10,2844.9904711305135,1,RL
8,67.7073712658448,77.22402758932766,40,13.196755910310774,13,2575.0973464688886,1,Fixed
8,67.7073712658448,77.22402758932766,40,6.109793984805725,15,3340.071650192245,1,RL
8,67.7073712658448,77.22402758932766,41,21.000071616965446,14,3342.7563589455212,1,Fixed
8,67.7073712658448,77.22402758932766,41,11.059087867313341,14,2590.9307590138555,1,RL
8,67.7073712658448,77.22402758932766,42,13.884419752342595,12,3093.9186761036067,1,Fixed
8,67.7073712658448,77.22402758932766,42,6.673807162806841,15,3190.0185914212757,1,RL
8,67.7073712658448,77.22402758932766,43,5.618536843768762,11,2933.068968165958,1,Fixed
8,67.7073712658448,77.22402758932766,43,16.363675182761988,15,3307.0838145174707,1,RL
8,67.7073712658448,77.22402758932766,44,15.239726617974933,12,2791.091330120793,1,Fixed
8,67.7073712658448,77.22402758932766,44,11.706448699630327,13,3109.427127073758,1,RL
8,67.7073712658448,77.22402758932766,45,8.772667675376336,15,3297.9879327869776,1,Fixed
8,67.7073712658448,77.22402758932766,45,4.367066765022395,12,2812.8873485016015,1,RL
8,67.7073712658448,77.22402758932766,46,8.17895552844748,14,2942.814424119923,1,Fixed
8,67.7073712658448,77.22402758932766,46,7.270611401674739,15,3155.5360287609456,1,RL
8,67.7073712658448,77.22402758932766,47,4.269295050534083,15,2904.016128461725,1,Fixed
8,67.7073712658448,77.22402758932766,47,9.484989755790938,15,3401.6088137598226,1,RL
8,67.7073712658448,77.22402758932766,48,15.222055698460778,13,3019.5717097886245,1,Fixed
8,67.7073712658448,77.22402758932766,48,9.751542651866131,12,2753.318674227251,1,RL
8,67.7073712658448,77.22402758932766,49,7.682979523687349,11,2586.669467266362,1,Fixed
8,67.7073712658448,77.22402758932766,49,7.998897724718811,9,2824.5275546450084,1,RL
8,67.7073712658448,77.22402758932766,50,15.444851991165518,12,3068.521710416223,1,Fixed
8,67.7073712658448,77.22402758932766,50,17.36718388551005,12,2841.5868293580525,1,RL
8,67.7073712658448,77.22402758932766,51,17.097668238730794,12,2895.376289947699,1,Fixed
8,67.7073712658448,77.22402758932766,51,22.527779197474743,10,3371.0146376080334,1,RL
8,67.7073712658448,77.22402758932766,52,17.160494219275122,14,3128.4765778802234,1,Fixed
8,67.7073712658448,77.22402758932766,52,13.742143891605611,13,3244.070584828749,1,RL
8,67.7073712658448,77.22402758932766,53,6.411669280316109,12,2891.9977882358116,1,Fixed
8,67.7073712658448,77.22402758932766,53,20.591037667153593,11,3099.0475300507674,1,RL
8,67.7073712658448,77.22402758932766,54,16.631590241561106,14,3264.175696771631,1,Fixed
8,67.7073712658448,77.22402758932766,54,19.183172690867046,14,2807.920160568101,1,RL
8,67.7073712658448,77.22402758932766,55,4.057029525519204,11,2578.1525364666095,1,Fixed
8,67.7073712658448,77.22402758932766,55,9.623953761447268,12,2600.1425223214774,1,RL
8,67.7073712658448,77.22402758932766,56,11.14055653530743,12,2997.157171943372,1,Fixed
8,67.7073712658448,77.22402758932766,56,11.608395707442032,10,2827.6227564893634,1,RL
8,67.7073712658448,77.22402758932766,57,18.784857486274056,13,2674.1343585791265,1,Fixed
8,67.7073712658448,77.22402758932766,57,29.527909212404875,13,3358.091113226721,1,RL
8,67.7073712658448,77.22402758932766,58,6.763733062292363,11,3045.393082240578,1,Fixed
8,67.7073712658448,77.22402758932766,58,11.602613397212133,14,2872.7252842783837,1,RL
8,67.7073712658448,77.22402758932766,59,7.794738396159277,12,3031.187287695771,1,Fixed
8,67.7073712658448,77.22402758932766,59,12.10566969514458,10,2830.041088530902,1,RL
8,67.7073712658448,77.22402758932766,60,6.702409156913011,13,2652.621589490358,1,Fixed
8,67.7073712658448,77.22402758932766,60,3.826092647807927,12,2128.403118097411,1,RL
8,67.7073712658448,77.22402758932766,61,13.872534935793174,12,2597.077688685938,1,Fixed
8,67.7073712658448,77.22402758932766,61,12.836469765705331,11,2489.482295543523,1,RL
8,67.7073712658448,77.22402758932766,62,7.835992197859499,13,3137.72171150412,1,Fixed
8,67.7073712658448,77.22402758932766,62,16.3190904462557,14,3129.9899397237923,1,RL
8,67.7073712658448,77.22402758932766,63,12.340602433853293,9,2744.1126088504466,1,Fixed
8,67.7073712658448,77.22402758932766,63,23.725195956786365,12,2584.258136742134,1,RL
8,67.7073712658448,77.22402758932766,64,15.347871796473555,11,2498.9399945078603,1,Fixed
8,67.7073712658448,77.22402758932766,64,9.38282639216554,11,2676.5665651205804,1,RL
8,67.7073712658448,77.22402758932766,65,5.631462246743718,11,2886.320677951114,1,Fixed
8,67.7073712658448,77.22402758932766,65,26.221316923826443,12,2870.5471628203923,1,RL
8,67.7073712658448,77.22402758932766,66,11.674429623050923,14,2955.9669101711625,1,Fixed
8,67.7073712658448,77.22402758932766,66,3.4205361881981973,12,3171.9332090141875,1,RL
8,67.7073712658448,77.22402758932766,67,11.666939361574107,12,2801.713721622261,1,Fixed
8,67.7073712658448,77.22402758932766,67,16.61326767768549,13,2570.5922077659284,1,RL
8,67.7073712658448,77.22402758932766,68,5.50465167719364,16,3250.6781421947526,1,Fixed
8,67.7073712658448,77.22402758932766,68,17.236959184217064,11,2819.626929412483,1,RL
8,67.7073712658448,77.22402758932766,69,8.451784727041346,11,3054.0172448596977,1,Fixed
8,67.7073712658448,77.22402758932766,69,16.085679210735965,12,3291.735852037459,1,RL
8,67.7073712658448,77.22402758932766,70,14.2910575023787,13,2848.8724920872364,1,Fixed
8,67.7073712658448,77.22402758932766,70,11.107883572606159,12,2728.615150354224,1,RL
8,67.7073712658448,77.22402758932766,71,14.842004965657603,7,2919.7727044913163,1,Fixed
8,67.7073712658448,77.22402758932766,71,8.36995468835399,10,2794.1151482690634,1,RL
8,67.7073712658448,77.22402758932766,72,5.881177351581502,13,3133.987079738487,1,Fixed
8,67.7073712658448,77.22402758932766,72,6.769072945046257,10,2761.8428711911047,1,RL
8,67.7073712658448,77.22402758932766,73,6.483747782396326,14,2959.956770673497,1,Fixed
8,67.7073712658448,77.22402758932766,73,15.87554133637089,16,2991.6083582623355,1,RL
8,67.7073712658448,77.22402758932766,74,10.95418977146825,15,3227.977896428058,1,Fixed
8,67.7073712658448,77.22402758932766,74,14.816892211455933,12,3184.50143871375,1,RL
8,67.7073712658448,77.22402758932766,75,13.466576035810348,9,2922.881345672483,1,Fixed
8,67.7073712658448,77.22402758932766,75,9.465134597027305,18,3832.208007532213,1,RL
8,67.7073712658448,77.22402758932766,76,5.147067175912864,8,2659.6504304977966,1,Fixed
8,67.7073712658448,77.22402758932766,76,14.497133540383112,11,2399.799891089398,1,RL
8,67.7073712658448,77.22402758932766,77,6.143855433479924,10,3123.2781061862493,1,Fixed
8,67.7073712658448,77.22402758932766,77,6.12795559037062,10,2816.1186158011487,1,RL
8,67.7073712658448,77.22402758932766,78,13.804559224895376,15,3267.9391515888706,1,Fixed
8,67.7073712658448,77.22402758932766,78,23.27846264214829,10,3401.476382096467,1,RL
8,67.7073712658448,77.22402758932766,79,11.217804458466007,10,2581.6348602942653,1,Fixed
8,67.7073712658448,77.22402758932766,79,11.352929334339983,14,2976.9068155686086,1,RL
8,67.7073712658448,77.22402758932766,80,21.058445740688672,14,3183.1566123700904,1,Fixed
8,67.7073712658448,77.22402758932766,80,9.531009117766132,12,3230.3838998279916,1,RL
8,67.7073712658448,77.22402758932766,81,15.31846319539559,14,2682.134175868085,1,Fixed
8,67.7073712658448,77.22402758932766,81,6.396171021328188,12,2650.9913202486423,1,RL
8,67.7073712658448,77.22402758932766,82,15.963064028539403,14,2803.9969907019617,1,Fixed
8,67.7073712658448,77.22402758932766,82,14.997235607521834,14,2833.4485705881016,1,RL
8,67.7073712658448,77.22402758932766,83,8.061116074995764,10,2880.3321406854902,1,Fixed
8,67.7073712658448,77.22402758932766,83,14.734433602406508,13,3291.067218989496,1,RL
8,67.7073712658448,77.22402758932766,84,5.611867533258508,12,2673.87164604373,1,Fixed
8,67.7073712658448,77.22402758932766,84,21.392506796236823,14,2566.306557865622,1,RL
8,67.7073712658448,77.22402758932766,85,16.763439889817313,14,2913.7513204942397,1,Fixed
8,67.7073712658448,77.22402758932766,85,7.030688622949713,14,2725.0241042448497,1,RL
8,67.7073712658448,77.22402758932766,86,3.6104549661331484,13,2849.374599806536,1,Fixed
8,67.7073712658448,77.22402758932766,86,18.942875810477734,10,2672.678271376997,1,RL
8,67.7073712658448,77.22402758932766,87,5.587931522099789,9,2557.935785888041,1,Fixed
8,67.7073712658448,77.22402758932766,87,16.53187657186995,15,2777.042595209627,1,RL
8,67.7073712658448,77.22402758932766,88,7.862916594128208,12,2846.016298321664,1,Fixed
8,67.7073712658448,77.22402758932766,88,15.636117247131875,12,3162.93006452753,1,RL
8,67.7073712658448,77.22402758932766,89,15.090287782915984,12,2803.9765001589626,1,Fixed
8,67.7073712658448,77.22402758932766,89,19.129410253649688,12,2147.31234754549,1,RL
8,67.7073712658448,77.22402758932766,90,12.838539366132267,12,2808.397473685611,1,Fixed
8,67.7073712658448,77.22402758932766,90,17.935445358384804,12,2699.362353907605,1,RL
8,67.7073712658448,77.22402758932766,91,18.707370670836134,15,3925.413291079745,1,Fixed
8,67.7073712658448,77.22402758932766,91,6.403576100200351,12,2392.641785315815,1,RL
8,67.7073712658448,77.22402758932766,92,12.239475596536831,10,3021.2893146964198,1,Fixed
8,67.7073712658448,77.22402758932766,92,14.517761569376862,14,2662.859291865254,1,RL
8,67.7073712658448,77.22402758932766,93,9.80465408683433,11,2457.3564298531514,1,Fixed
8,67.7073712658448,77.22402758932766,93,6.186677986228826,5,2792.9417632563795,1,RL
8,67.7073712658448,77.22402758932766,94,9.378587292774752,12,2892.1782907995025,1,Fixed
8,67.7073712658448,77.22402758932766,94,7.184789455638241,13,2895.857563863174,1,RL
8,67.7073712658448,77.22402758932766,95,14.419661683577283,13,2438.1518461966584,1,Fixed
8,67.7073712658448,77.22402758932766,95,7.564946958061365,12,2638.738465878827,1,RL
8,67.7073712658448,77.22402758932766,96,3.965256665527727,6,2329.3588367176226,1,Fixed
8,67.7073712658448,77.22402758932766,96,23.976402096401102,16,3489.5143594459187,1,RL
8,67.7073712658448,77.22402758932766,97,14.03952858963162,15,2872.838927057049,1,Fixed
8,67.7073712658448,77.22402758932766,97,11.000411489743872,11,2938.7508049120406,1,RL
8,67.7073712658448,77.22402758932766,98,7.798304129153226,11,2963.6073953661335,1,Fixed
8,67.7073712658448,77.22402758932766,98,8.294869615160327,12,3182.3824446168705,1,RL
8,67.7073712658448,77.22402758932766,99,11.539799262580477,12,3017.714083429968,1,Fixed
8,67.7073712658448,77.22402758932766,99,23.860300652245126,12,2906.948046448037,1,RL
9,47.321318688439874,61.77269240617943,0,12.834162892911053,17,3222.0013294044384,1,Fixed
9,47.321318688439874,61.77269240617943,0,14.469134620556463,19,4742.924379531835,1,RL
9,47.321318688439874,61.77269240617943,1,8.196839617157877,13,3115.434043013557,1,Fixed
9,47.321318688439874,61.77269240617943,1,18.751804966840798,13,3606.3435413120587,1,RL
9,47.321318688439874,61.77269240617943,2,11.107267123471132,9,2678.964012411033,1,Fixed
9,47.321318688439874,61.77269240617943,2,16.653246427350325,4,2099.693872911262,1,RL
9,47.321318688439874,61.77269240617943,3,13.504098011626633,14,3411.252371167554,1,Fixed
9,47.321318688439874,61.77269240617943,3,11.12865776115822,7,2482.8893535838097,1,RL
9,47.321318688439874,61.77269240617943,4,11.019671438431992,13,3123.978114587576,1,Fixed
9,47.321318688439874,61.77269240617943,4,14.399206377097247,15,3410.7641694571926,1,RL
9,47.321318688439874,61.77269240617943,5,6.882457602326639,12,2979.915922374638,1,Fixed
9,47.321318688439874,61.77269240617943,5,8.646080049670598,13,2907.1793609728084,1,RL
9,47.321318688439874,61.77269240617943,6,7.712087941310616,16,3250.12745193118,1,Fixed
9,47.321318688439874,61.77269240617943,6,19.451128947452993,15,3318.743236293688,1,RL
9,47.321318688439874,61.77269240617943,7,15.199977934524966,12,2702.830006126333,1,Fixed
9,47.321318688439874,61.77269240617943,7,6.4428871981049385,2,1332.2971963725647,1,RL
9,47.321318688439874,61.77269240617943,8,14.153237664027127,10,2795.1922399055416,1,Fixed
9,47.321318688439874,61.77269240617943,8,10.066199358331083,14,2672.8467010824265,1,RL
9,47.321318688439874,61.77269240617943,9,18.747241402140805,11,3293.418076555705,1,Fixed
9,47.321318688439874,61.77269240617943,9,15.498601497005586,17,3516.2212093568537,1,RL
9,47.321318688439874,61.77269240617943,10,20.341928732330146,14,3673.4437026746677,1,Fixed
9,47.321318688439874,61.77269240617943,10,10.380070635480442,13,3236.047480471909,1,RL
9,47.321318688439874,61.77269240617943,11,17.89307364288788,15,3079.578824600329,1,Fixed
9,47.321318688439874,61.77269240617943,11,21.066558118000835,14,3805.2019580327465,1,RL
9,47.321318688439874,61.77269240617943,12,10.213994611776105,12,2785.4899817372902,1,Fixed
9,47.321318688439874,61.77269240617943,12,10.368403453545596,16,3079.2355836921556,1,RL
9,47.321318688439874,61.77269240617943,13,8.376815233297389,13,3359.982360169336,1,Fixed
9,47.321318688439874,61.77269240617943,13,14.215913025981326,13,2984.2267419198174,1,RL
9,47.321318688439874,61.77269240617943,14,14.036802774701659,13,2962.210943349522,1,Fixed
9,47.321318688439874,61.77269240617943,14,19.549543914505627,14,3212.99803954884,1,RL
9,47.321318688439874,61.77269240617943,15,18.974783853556225,14,3236.633697680496,1,Fixed
9,47.321318688439874,61.77269240617943,15,16.59818246966936,13,2874.830286005251,1,RL
9,47.321318688439874,61.77269240617943,16,11.54826432764942,11,3401.723868020801,1,Fixed
9,47.321318688439874,61.77269240617943,16,18.44912738372249,12,3268.238528119682,1,RL
9,47.321318688439874,61.77269240617943,17,7.498230626841287,16,3237.080470049472,1,Fixed
9,47.321318688439874,61.77269240617943,17,13.814719752930335,13,2799.672308705207,1,RL
9,47.321318688439874,61.77269240617943,18,12.519728656068512,11,2948.1689014008957,1,Fixed
9,47.321318688439874,61.77269240617943,18,17.355616153549114,13,3446.873386062406,1,RL
9,47.321318688439874,61.77269240617943,19,7.469631365812523,11,3048.3908203743986,1,Fixed
9,47.321318688439874,61.77269240617943,19,13.827365200854938,14,3483.4905644951987,1,RL
9,47.321318688439874,61.77269240617943,20,17.270029299998505,15,2926.5189018935644,1,Fixed
9,47.321318688439874,61.77269240617943,20,15.010186070724098,13,3568.509189815864,1,RL
9,47.321318688439874,61.77269240617943,21,10.888340613069646,13,3151.648176911695,1,Fixed
9,47.321318688439874,61.77269240617943,21,8.754800075258245,11,2568.733850091256,1,RL
9,47.321318688439874,61.77269240617943,22,11.98078184015484,13,3369.099782989682,1,Fixed
9,47.321318688439874,61.77269240617943,22,15.577360322529168,13,3306.0365950236137,1,RL
9,47.321318688439874,61.77269240617943,23,18.429666449917764,10,2718.950074416091,1,Fixed
9,47.321318688439874,61.77269240617943,23,11.759296581061687,12,3171.7764751215364,1,RL
9,47.321318688439874,61.77269240617943,24,6.454778206375987,14,2583.619904933499,1,Fixed
9,47.321318688439874,61.77269240617943,24,8.825430694563885,14,3190.1175787999828,1,RL
9,47.321318688439874,61.77269240617943,25,19.550598788200915,12,3313.8515657050807,1,Fixed
9,47.321318688439874,61.77269240617943,25,14.541547655661251,13,3517.6506392952483,1,RL
9,47.321318688439874,61.77269240617943,26,15.89710776159718,13,3184.8350605112046,1,Fixed
9,47.321318688439874,61.77269240617943,26,14.624665688474806,14,3080.330668737958,1,RL
9,47.321318688439874,61.77269240617943,27,14.241358757640304,10,2623.328221513034,1,Fixed
9,47.321318688439874,61.77269240617943,27,16.569277527652723,15,3473.6746741540524,1,RL
9,47.321318688439874,61.77269240617943,28,10.169051971080163,10,2638.5523942776167,1,Fixed
9,47.321318688439874,61.77269240617943,28,22.673717930045633,17,3526.04419559281,1,RL
9,47.321318688439874,61.77269240617943,29,8.5333602890733,14,2761.5047858260273,1,Fixed
9,47.321318688439874,61.77269240617943,29,10.808065649942174,14,3104.1321377773124,1,RL
9,47.321318688439874,61.77269240617943,30,7.336576953815351,12,2936.809091216025,1,Fixed
9,47.321318688439874,61.77269240617943,30,10.4425449086847,10,2576.4030111127145,1,RL
9,47.321318688439874,61.77269240617943,31,15.26285187096972,12,3055.555354640479,1,Fixed
9,47.321318688439874,61.77269240617943,31,14.740957564595401,16,4512.294576946908,1,RL
9,47.321318688439874,61.77269240617943,32,15.337114219287992,14,3131.4081591977933,1,Fixed
9,47.321318688439874,61.77269240617943,32,13.272410993350553,12,2881.8222517550007,1,RL
9,47.321318688439874,61.77269240617943,33,22.43574963792712,13,2896.327379118314,1,Fixed
9,47.321318688439874,61.77269240617943,33,7.807228886118706,14,2998.511932440268,1,RL
9,47.321318688439874,61.77269240617943,34,11.866302068400433,14,3068.1144794960896,1,Fixed
9,47.321318688439874,61.77269240617943,34,15.659459653603992,14,3135.471250733328,1,RL
9,47.321318688439874,61.77269240617943,35,24.366481946911378,12,3168.3727136989232,1,Fixed
9,47.321318688439874,61.77269240617943,35,12.40844860969259,12,3037.419348821665,1,RL
9,47.321318688439874,61.77269240617943,36,11.343575488894384,15,2961.554674287589,1,Fixed
9,47.321318688439874,61.77269240617943,36,11.157467199951277,13,3196.65877370728,1,RL
9,47.321318688439874,61.77269240617943,37,20.653463428776597,12,3376.6669456036575,1,Fixed
9,47.321318688439874,61.77269240617943,37,12.38474356269558,12,3314.061250635261,1,RL
9,47.321318688439874,61.77269240617943,38,21.546818361738975,14,3482.0339233301515,1,Fixed
9,47.321318688439874,61.77269240617943,38,16.45604744655426,10,3127.908619998438,1,RL
9,47.321318688439874,61.77269240617943,39,13.058771169018897,14,3710.9714109808683,1,Fixed
9,47.321318688439874,61.77269240617943,39,22.13554514887484,13,3791.3580806604728,1,RL
9,47.321318688439874,61.77269240617943,40,11.037189681036596,14,3351.3202948309645,1,Fixed
9,47.321318688439874,61.77269240617943,40,15.823264552641442,14,3634.0921752065738,1,RL
9,47.321318688439874,61.77269240617943,41,16.70058445619587,13,2790.7337020914088,1,Fixed
9,47.321318688439874,61.77269240617943,41,16.41287416430197,15,3368.6161472556737,1,RL
9,47.321318688439874,61.77269240617943,42,21.176102328572046,15,3286.338863819372,1,Fixed
9,47.321318688439874,61.77269240617943,42,19.723072124644588,14,3541.5096589479176,1,RL
9,47.321318688439874,61.77269240617943,43,11.69465510211619,13,3208.7109771449636,1,Fixed
9,47.321318688439874,61.77269240617943,43,16.884553393409966,14,4161.264818296892,1,RL
9,47.321318688439874,61.77269240617943,44,11.384579268735498,14,2940.8215339606722,1,Fixed
9,47.321318688439874,61.77269240617943,44,17.971146630891532,7,2851.668592843355,1,RL
9,47.321318688439874,61.77269240617943,45,13.32086756037655,13,3308.5209769320118,1,Fixed
9,47.321318688439874,61.77269240617943,45,7.47576049042402,15,3823.10283233102,1,RL
9,47.321318688439874,61.77269240617943,46,18.892894749294758,15,3448.1114589295576,1,Fixed
9,47.321318688439874,61.77269240617943,46,7.5610510331881695,14,3595.957524057353,1,RL
9,47.321318688439874,61.77269240617943,47,13.888077225627637,12,2934.078832001303,1,Fixed
9,47.321318688439874,61.77269240617943,47,8.831284396416466,13,3034.5129911883555,1,RL
9,47.321318688439874,61.77269240617943,48,16.65095171072955,11,3039.4902361838635,1,Fixed
9,47.321318688439874,61.77269240617943,48,11.432553823646373,13,3227.898095415064,1,RL
9,47.321318688439874,61.77269240617943,49,16.69419327846295,14,3500.18288822276,1,Fixed
9,47.321318688439874,61.77269240617943,49,16.252137980191343,11,3560.2393658624087,1,RL
9,47.321318688439874,61.77269240617943,50,12.256161061202747,12,2864.3704535533147,1,Fixed
9,47.321318688439874,61.77269240617943,50,8.026204733503018,14,2901.501018374124,1,RL
9,47.321318688439874,61.77269240617943,51,7.233856365712074,14,3094.385603408845,1,Fixed
9,47.321318688439874,61.77269240617943,51,9.05575672576452,15,3175.15028202618,1,RL
9,47.321318688439874,61.77269240617943,52,11.91718928720174,15,3360.8559085423226,1,Fixed
9,47.321318688439874,61.77269240617943,52,18.608935694470993,18,4609.137576649489,1,RL
9,47.321318688439874,61.77269240617943,53,14.014568882155107,14,3235.6319869228573,1,Fixed
9,47.321318688439874,61.77269240617943,53,16.12568112351609,15,3254.367539074996,1,RL
9,47.321318688439874,61.77269240617943,54,11.778361008569664,14,3019.9939485822947,1,Fixed
9,47.321318688439874,61.77269240617943,54,13.216279312252098,14,3118.7845610500776,1,RL
9,47.321318688439874,61.77269240617943,55,11.70888381509953,15,2871.7998800250907,1,Fixed
9,47.321318688439874,61.77269240617943,55,18.66428802290816,10,2907.122742512893,1,RL
9,47.321318688439874,61.77269240617943,56,8.042710099993522,12,2808.7237141884875,1,Fixed
9,47.321318688439874,61.77269240617943,56,18.44679559940871,16,3715.0550726954216,1,RL
9,47.321318688439874,61.77269240617943,57,12.782204007301468,13,3087.0104538934847,1,Fixed
9,47.321318688439874,61.77269240617943,57,15.427622431867158,10,3264.0513379356244,1,RL
9,47.321318688439874,61.77269240617943,58,13.523317575326592,10,3089.70475600951,1,Fixed
9,47.321318688439874,61.77269240617943,58,18.00034425196348,8,2892.9928483697295,1,RL
9,47.321318688439874,61.77269240617943,59,15.553357617757731,14,2948.2884583888876,1,Fixed
9,47.321318688439874,61.77269240617943,59,17.783929593272358,16,3498.271761687824,1,RL
9,47.321318688439874,61.77269240617943,60,12.306815066518316,12,3043.0665101061422,1,Fixed
9,47.321318688439874,61.77269240617943,60,15.54150036467406,15,2736.3571122361654,1,RL
9,47.321318688439874,61.77269240617943,61,16.337193835275066,12,3173.9944786698047,1,Fixed
9,47.321318688439874,61.77269240617943,61,24.095037070660123,14,3394.909928383297,1,RL
9,47.321318688439874,61.77269240617943,62,14.039956000562345,11,3036.2027948785253,1,Fixed
9,47.321318688439874,61.77269240617943,62,15.30036496245115,14,3426.595138727529,1,RL
9,47.321318688439874,61.77269240617943,63,17.923728665720233,13,3337.6090853657583,1,Fixed
9,47.321318688439874,61.77269240617943,63,11.176380683967448,11,3425.3481626127827,1,RL
9,47.321318688439874,61.77269240617943,64,25.400792689670517,10,2978.6222964798844,1,Fixed
9,47.321318688439874,61.77269240617943,64,14.074592078834536,13,3030.4623051488447,1,RL
9,47.321318688439874,61.77269240617943,65,11.723045107784221,14,2764.6012127549866,1,Fixed
9,47.321318688439874,61.77269240617943,65,23.0179125379204,14,3443.4142936014955,1,RL
9,47.321318688439874,61.77269240617943,66,7.286971168189733,14,2781.9611991477072,1,Fixed
9,47.321318688439874,61.77269240617943,66,12.092420523988137,12,2921.3508982163576,1,RL
9,47.321318688439874,61.77269240617943,67,17.995916145116595,11,3042.385020856601,1,Fixed
9,47.321318688439874,61.77269240617943,67,13.37643649932645,12,2894.9861132164147,1,RL
9,47.321318688439874,61.77269240617943,68,15.200333215183935,16,3521.0840057293485,1,Fixed
9,47.321318688439874,61.77269240617943,68,12.593855015826694,16,3367.73829599405,1,RL
9,47.321318688439874,61.77269240617943,69,28.94393365071835,14,3300.9709542236274,1,Fixed
9,47.321318688439874,61.77269240617943,69,11.94168252326424,13,2837.910296734845,1,RL
9,47.321318688439874,61.77269240617943,70,15.24787511812806,14,3487.2642450530843,1,Fixed
9,47.321318688439874,61.77269240617943,70,16.66029648405094,11,3980.1582295032313,1,RL
9,47.321318688439874,61.77269240617943,71,12.231159501424028,10,2831.6599163920355,1,Fixed
9,47.321318688439874,61.77269240617943,71,7.424035630266422,12,3130.039640781103,1,RL
9,47.321318688439874,61.77269240617943,72,17.690648134642554,13,2977.752560353382,1,Fixed
9,47.321318688439874,61.77269240617943,72,12.276906702435834,10,3549.2068758071237,1,RL
9,47.321318688439874,61.77269240617943,73,22.543757276486815,12,3083.8832063132045,1,Fixed
9,47.321318688439874,61.77269240617943,73,14.812798006324433,12,3675.1267223085474,1,RL
9,47.321318688439874,61.77269240617943,74,11.77776366330433,13,3097.5032328831358,1,Fixed
9,47.321318688439874,61.77269240617943,74,25.372758235617617,13,3148.741207834764,1,RL
9,47.321318688439874,61.77269240617943,75,10.757938201605402,14,3011.3997540634196,1,Fixed
9,47.321318688439874,61.77269240617943,75,19.443493870389794,17,3879.2391815849714,1,RL
9,47.321318688439874,61.77269240617943,76,14.803081594639764,15,2831.525831838332,1,Fixed
9,47.321318688439874,61.77269240617943,76,9.565477124214494,14,3019.068916095512,1,RL
9,47.321318688439874,61.77269240617943,77,13.234198640615919,15,3032.622130285874,1,Fixed
9,47.321318688439874,61.77269240617943,77,20.106585791439507,13,3246.6625180107444,1,RL
9,47.321318688439874,61.77269240617943,78,12.001352465860512,10,3135.4819004929464,1,Fixed
9,47.321318688439874,61.77269240617943,78,11.517615440442187,11,2890.9977592262962,1,RL
9,47.321318688439874,61.77269240617943,79,14.833514438511553,12,3037.8104217209707,1,Fixed
9,47.321318688439874,61.77269240617943,79,11.288236478006985,14,3090.1967037329287,1,RL
9,47.321318688439874,61.77269240617943,80,17.663113849357547,13,3256.713031335277,1,Fixed
9,47.321318688439874,61.77269240617943,80,32.03374755760168,18,3860.3444040516583,1,RL
9,47.321318688439874,61.77269240617943,81,13.893662949845222,16,3217.436722904847,1,Fixed
9,47.321318688439874,61.77269240617943,81,12.902466039270411,17,3436.2063421614175,1,RL
9,47.321318688439874,61.77269240617943,82,10.230228382331196,13,3142.3024574037113,1,Fixed
9,47.321318688439874,61.77269240617943,82,12.932092576739871,12,2727.470808682158,1,RL
9,47.321318688439874,61.77269240617943,83,13.516019346817085,13,3390.349200225289,1,Fixed
9,47.321318688439874,61.77269240617943,83,9.466690831592903,16,3016.6558768485042,1,RL
9,47.321318688439874,61.77269240617943,84,11.52398376449111,11,2906.9643914412354,1,Fixed
9,47.321318688439874,61.77269240617943,84,7.769503142554936,8,2532.787010608285,1,RL
9,47.321318688439874,61.77269240617943,85,18.097879433619617,15,3304.5708329236295,1,Fixed
9,47.321318688439874,61.77269240617943,85,20.520310157506877,16,4964.2844175834,1,RL
9,47.321318688439874,61.77269240617943,86,6.320338164673514,6,2513.9014585327304,1,Fixed
9,47.321318688439874,61.77269240617943,86,28.820743823107755,17,3424.219175353171,1,RL
9,47.321318688439874,61.77269240617943,87,21.096529470616932,14,3618.8523017130174,1,Fixed
9,47.321318688439874,61.77269240617943,87,24.48125610583612,12,3353.7222928168226,1,RL
9,47.321318688439874,61.77269240617943,88,26.051345675021473,14,3168.4177264852538,1,Fixed
9,47.321318688439874,61.77269240617943,88,14.309342115257337,12,3294.2776418480175,1,RL
9,47.321318688439874,61.77269240617943,89,15.112503181687194,13,3250.5454347931677,1,Fixed
9,47.321318688439874,61.77269240617943,89,19.674579738772596,14,2699.9388843149923,1,RL
9,47.321318688439874,61.77269240617943,90,6.681127894614835,13,2971.503946008671,1,Fixed
9,47.321318688439874,61.77269240617943,90,8.446157878846511,15,3341.9950277787957,1,RL
9,47.321318688439874,61.77269240617943,91,10.850070334199472,15,3645.069539299435,1,Fixed
9,47.321318688439874,61.77269240617943,91,10.187748788459603,13,3056.892851536839,1,RL
9,47.321318688439874,61.77269240617943,92,11.426179977583272,14,3143.4990785049426,1,Fixed
9,47.321318688439874,61.77269240617943,92,8.098976006540864,14,2672.370835576554,1,RL
9,47.321318688439874,61.77269240617943,93,10.206394982308874,13,2916.1819194691734,1,Fixed
9,47.321318688439874,61.77269240617943,93,11.786820045435459,10,2794.5836208815144,1,RL
9,47.321318688439874,61.77269240617943,94,11.959419901904173,15,2999.842119635072,1,Fixed
9,47.321318688439874,61.77269240617943,94,15.719667501926214,14,3109.0397862589252,1,RL
9,47.321318688439874,61.77269240617943,95,11.250536749533524,14,3654.2593876106157,1,Fixed
9,47.321318688439874,61.77269240617943,95,8.459912346643033,15,3563.5362463445945,1,RL
9,47.321318688439874,61.77269240617943,96,13.03657863249982,11,2929.4461141800966,1,Fixed
9,47.321318688439874,61.77269240617943,96,8.694775318917877,12,2847.154332559779,1,RL
9,47.321318688439874,61.77269240617943,97,8.408976060086248,13,3091.791837235759,1,Fixed
9,47.321318688439874,61.77269240617943,97,11.00331533254466,16,3091.3308220539275,1,RL
9,47.321318688439874,61.77269240617943,98,22.42737911698443,14,2988.1588843706822,1,Fixed
9,47.321318688439874,61.77269240617943,98,12.51755746602738,14,3044.7689710634695,1,RL
9,47.321318688439874,61.77269240617943,99,13.819294501966041,12,2866.8780891784254,1,Fixed
9,47.321318688439874,61.77269240617943,99,24.35722676296672,13,3360.010723914337,1,RL
10,45.63259238223986,89.40913692578455,0,15.485598806402995,12,3605.96617517065,1,Fixed
10,45.63259238223986,89.40913692578455,0,19.0261000724837,11,2250.728338567712,1,RL
10,45.63259238223986,89.40913692578455,1,14.961413693738828,12,3155.5793630825806,1,Fixed
10,45.63259238223986,89.40913692578455,1,2.0085812250612296,13,2848.695332417619,1,RL
10,45.63259238223986,89.40913692578455,2,20.62695659019185,10,2562.2248517934822,1,Fixed
10,45.63259238223986,89.40913692578455,2,3.5489880399702685,13,2689.980238258303,1,RL
10,45.63259238223986,89.40913692578455,3,3.535011681516383,14,3166.6649400732163,1,Fixed
10,45.63259238223986,89.40913692578455,3,20.806411871847004,14,3043.8420645080173,1,RL
10,45.63259238223986,89.40913692578455,4,5.506231121814439,14,3269.2835365708775,1,Fixed
10,45.63259238223986,89.40913692578455,4,2.3339853816784415,11,2648.03989841375,1,RL
10,45.63259238223986,89.40913692578455,5,5.311147291149085,11,2364.3520103143414,1,Fixed
10,45.63259238223986,89.40913692578455,5,15.91546635566904,11,2219.420261386347,1,RL
10,45.63259238223986,89.40913692578455,6,2.9620366253724955,12,2754.110041182763,1,Fixed
10,45.63259238223986,89.40913692578455,6,5.389901445791364,13,4129.912836955667,1,RL
10,45.63259238223986,89.40913692578455,7,11.43263512011919,13,2818.211046165211,1,Fixed
10,45.63259238223986,89.40913692578455,7,19.7285465713667,12,3015.1969367057904,1,RL
10,45.63259238223986,89.40913692578455,8,5.327714114281851,15,3489.8435435611877,1,Fixed
10,45.63259238223986,89.40913692578455,8,18.58425400351195,14,2978.0850670086484,1,RL
10,45.63259238223986,89.40913692578455,9,26.234245154416346,15,3027.451110338209,1,Fixed
10,45.63259238223986,89.40913692578455,9,4.264054892022143,12,2484.629954682042,1,RL
10,45.63259238223986,89.40913692578455,10,1.628740760511839,8,2259.0442068264533,1,Fixed
10,45.63259238223986,89.40913692578455,10,15.811700318798213,13,2343.496309780776,1,RL
10,45.63259238223986,89.40913692578455,11,4.480688201760723,9,2430.061041241998,1,Fixed
10,45.63259238223986,89.40913692578455,11,19.25368332869052,12,3021.6318829021757,1,RL
10,45.63259238223986,89.40913692578455,12,6.268558463945089,13,2322.2082480411937,1,Fixed
10,45.63259238223986,89.40913692578455,12,10.437124770997762,16,3828.1572934782384,1,RL
10,45.63259238223986,89.40913692578455,13,11.876790619939769,12,2758.83557287633,1,Fixed
10,45.63259238223986,89.40913692578455,13,27.71887185061626,12,3691.406344278057,1,RL
10,45.63259238223986,89.40913692578455,14,7.581098907422598,12,2726.826666187541,1,Fixed
10,45.63259238223986,89.40913692578455,14,10.868815679362417,11,2757.9369796991114,1,RL
10,45.63259238223986,89.40913692578455,15,2.366373048202309,5,2076.200271624037,1,Fixed
10,45.63259238223986,89.40913692578455,15,23.990057353748547,14,2752.152973930741,1,RL
10,45.63259238223986,89.40913692578455,16,2.7733929535355233,10,2617.215559870808,1,Fixed
10,45.63259238223986,89.40913692578455,16,8.20465984370807,12,3877.575747058464,1,RL
10,45.63259238223986,89.40913692578455,17,2.121193335262154,13,2747.4545647979958,1,Fixed
10,45.63259238223986,89.40913692578455,17,13.190486910464154,14,2854.8454949397055,1,RL
10,45.63259238223986,89.40913692578455,18,4.078575264737324,15,3155.846483435833,1,Fixed
10,45.63259238223986,89.40913692578455,18,15.044488362775363,10,2628.749003027354,1,RL
10,45.63259238223986,89.40913692578455,19,2.6762750181188393,13,3142.217102891411,1,Fixed
10,45.63259238223986,89.40913692578455,19,8.527223636242654,10,2797.2421348899506,1,RL
10,45.63259238223986,89.40913692578455,20,10.270524189784668,14,2724.036902462966,1,Fixed
10,45.63259238223986,89.40913692578455,20,19.180068648241082,14,3543.9722734902016,1,RL
10,45.63259238223986,89.40913692578455,21,17.101337354617193,9,3141.18257791715,1,Fixed
10,45.63259238223986,89.40913692578455,21,6.9424919988522955,10,3023.4697618516616,1,RL
10,45.63259238223986,89.40913692578455,22,22.039144843829718,14,3562.5413649847483,1,Fixed
10,45.63259238223986,89.40913692578455,22,25.210675317143817,13,2563.3019631891643,1,RL
10,45.63259238223986,89.40913692578455,23,8.18656512467626,13,2930.798982710557,1,Fixed
10,45.63259238223986,89.40913692578455,23,18.126934501144454,12,2454.6323723293685,1,RL
10,45.63259238223986,89.40913692578455,24,3.964578545249293,16,3042.080415179786,1,Fixed
10,45.63259238223986,89.40913692578455,24,14.41287952073046,16,3286.5776087921386,1,RL
10,45.63259238223986,89.40913692578455,25,9.0427190574518,12,2762.8443460035955,1,Fixed
10,45.63259238223986,89.40913692578455,25,13.08739524893881,14,3076.9388702104197,1,RL
10,45.63259238223986,89.40913692578455,26,4.4684043144595025,10,2891.432413621845,1,Fixed
10,45.63259238223986,89.40913692578455,26,14.673804228317328,14,3190.1153587223944,1,RL
10,45.63259238223986,89.40913692578455,27,25.70574215075837,15,3037.940067178891,1,Fixed
10,45.63259238223986,89.40913692578455,27,17.922527755596555,10,2616.038183444002,1,RL
10,45.63259238223986,89.40913692578455,28,14.088481210932576,10,2581.726890885091,1,Fixed
10,45.63259238223986,89.40913692578455,28,3.327110437154522,10,2467.7386127805034,1,RL
10,45.63259238223986,89.40913692578455,29,4.493639266137118,12,3408.4563354307766,1,Fixed
10,45.63259238223986,89.40913692578455,29,8.23213742418526,13,2319.860931120665,1,RL
10,45.63259238223986,89.40913692578455,30,16.710867160193793,10,2848.4936550274806,1,Fixed
10,45.63259238223986,89.40913692578455,30,14.08819848402951,13,2613.11422233933,1,RL
10,45.63259238223986,89.40913692578455,31,17.163578180101467,13,2852.8986213474454,1,Fixed
10,45.63259238223986,89.40913692578455,31,16.004301216690543,4,2443.119410081611,1,RL
10,45.63259238223986,89.40913692578455,32,14.0928649469352,12,2976.137768739555,1,Fixed
10,45.63259238223986,89.40913692578455,32,21.975612361697944,11,2268.0203270742113,1,RL
10,45.63259238223986,89.40913692578455,33,4.392065350375753,15,3209.021093331648,1,Fixed
10,45.63259238223986,89.40913692578455,33,10.650296921028929,12,2744.5351989169853,1,RL
10,45.63259238223986,89.40913692578455,34,14.41968266059654,10,2410.666891315926,1,Fixed
10,45.63259238223986,89.40913692578455,34,16.395492961066445,8,2452.519326461862,1,RL
10,45.63259238223986,89.40913692578455,35,7.920051619917771,10,2742.3055398513557,1,Fixed
10,45.63259238223986,89.40913692578455,35,15.277732808556697,16,3103.5016155079875,1,RL
10,45.63259238223986,89.40913692578455,36,15.153179558990658,13,3035.9234992068064,1,Fixed
10,45.63259238223986,89.40913692578455,36,8.541526920136318,9,2877.874430744695,1,RL
10,45.63259238223986,89.40913692578455,37,4.769068506155236,12,2051.9471617990152,1,Fixed
10,45.63259238223986,89.40913692578455,37,12.683419394615393,12,3135.9697278972335,1,RL
10,45.63259238223986,89.40913692578455,38,11.047997936971058,12,2580.7680830014683,1,Fixed
10,45.63259238223986,89.40913692578455,38,1.9614017762807296,11,2196.9409582385533,1,RL
10,45.63259238223986,89.40913692578455,39,10.890636151416183,14,3170.7475331441788,1,Fixed
10,45.63259238223986,89.40913692578455,39,7.643027758016494,10,2753.344105274271,1,RL
10,45.63259238223986,89.40913692578455,40,19.988980629207784,12,3018.3694511860153,1,Fixed
10,45.63259238223986,89.40913692578455,40,7.007724383759903,13,3006.7987360932248,1,RL
10,45.63259238223986,89.40913692578455,41,10.646202058823965,12,2281.760311183767,1,Fixed
10,45.63259238223986,89.40913692578455,41,18.499528309499908,38,3666.18747173754,1,RL
10,45.63259238223986,89.40913692578455,42,16.83222138949956,7,2594.551851102253,1,Fixed
10,45.63259238223986,89.40913692578455,42,16.78067722207357,14,3204.1228935201825,1,RL
10,45.63259238223986,89.40913692578455,43,22.497856867586016,13,3140.6210194570667,1,Fixed
10,45.63259238223986,89.40913692578455,43,13.526733478981885,13,2872.4539077841255,1,RL
10,45.63259238223986,89.40913692578455,44,19.61332468980857,11,2875.1745135674023,1,Fixed
10,45.63259238223986,89.40913692578455,44,6.197197882331596,5,2393.8555965884198,1,RL
10,45.63259238223986,89.40913692578455,45,21.31017712725849,13,3102.200076933964,1,Fixed
10,45.63259238223986,89.40913692578455,45,8.094193774365305,15,2679.6058601673976,1,RL
10,45.63259238223986,89.40913692578455,46,13.224768430612457,10,2414.479684477313,1,Fixed
10,45.63259238223986,89.40913692578455,46,13.563128934199714,12,2511.4402116107913,1,RL
10,45.63259238223986,89.40913692578455,47,4.73060211510302,14,2593.0145244563137,1,Fixed
10,45.63259238223986,89.40913692578455,47,20.228155424289927,11,3199.9427454105667,1,RL
10,45.63259238223986,89.40913692578455,48,3.0336484850324417,15,2579.767709656187,1,Fixed
10,45.63259238223986,89.40913692578455,48,2.6189823938570367,13,3022.1729301923897,1,RL
10,45.63259238223986,89.40913692578455,49,13.951473234376087,15,2926.017357551283,1,Fixed
10,45.63259238223986,89.40913692578455,49,16.681925924574458,13,4037.469666892555,1,RL
10,45.63259238223986,89.40913692578455,50,4.228819204661665,10,2228.045803983029,1,Fixed
10,45.63259238223986,89.40913692578455,50,22.164717622287945,11,3577.578485218967,1,RL
10,45.63259238223986,89.40913692578455,51,1.8172054186803899,11,2699.2530694353245,1,Fixed
10,45.63259238223986,89.40913692578455,51,17.442927363613343,12,2687.0706483325716,1,RL
10,45.63259238223986,89.40913692578455,52,4.540668254956846,13,3424.198411172855,1,Fixed
10,45.63259238223986,89.40913692578455,52,6.932337570353168,14,3541.388301164393,1,RL
10,45.63259238223986,89.40913692578455,53,15.538943492781442,14,3192.393187400717,1,Fixed
10,45.63259238223986,89.40913692578455,53,2.732140867810084,12,2460.6944994155297,1,RL
10,45.63259238223986,89.40913692578455,54,4.408464471251939,12,2700.52587596151,1,Fixed
10,45.63259238223986,89.40913692578455,54,18.795427109209456,13,3212.9251101447844,1,RL
10,45.63259238223986,89.40913692578455,55,20.54084281203157,11,2420.1799622121785,1,Fixed
10,45.63259238223986,89.40913692578455,55,2.244615304182216,13,3116.8954411073287,1,RL
10,45.63259238223986,89.40913692578455,56,13.692226258946778,8,2110.9929372092274,1,Fixed
10,45.63259238223986,89.40913692578455,56,8.831286007129751,11,2455.780667736795,1,RL
10,45.63259238223986,89.40913692578455,57,14.795892699476928,17,3336.8346031130636,1,Fixed
10,45.63259238223986,89.40913692578455,57,13.776525161856657,16,2979.2607188934126,1,RL
10,45.63259238223986,89.40913692578455,58,19.08101901866203,13,2259.770922319949,1,Fixed
10,45.63259238223986,89.40913692578455,58,3.53434159676657,14,3271.098541501136,1,RL
10,45.63259238223986,89.40913692578455,59,22.030874480234953,13,3224.1762045961486,1,Fixed
10,45.63259238223986,89.40913692578455,59,16.468608314886136,11,2548.774641779917,1,RL
10,45.63259238223986,89.40913692578455,60,2.9162217505540577,12,2739.8062588973435,1,Fixed
10,45.63259238223986,89.40913692578455,60,10.43947560154091,10,2564.1893831371367,1,RL
10,45.63259238223986,89.40913692578455,61,11.601498301040468,11,2668.705851832759,1,Fixed
10,45.63259238223986,89.40913692578455,61,11.78855961413561,10,3296.382793577031,1,RL
10,45.63259238223986,89.40913692578455,62,23.87395780054417,13,2830.2791467800885,1,Fixed
10,45.63259238223986,89.40913692578455,62,3.3281401408321925,5,2789.9952996996385,1,RL
10,45.63259238223986,89.40913692578455,63,11.753422727585939,11,2847.966124816133,1,Fixed
10,45.63259238223986,89.40913692578455,63,19.89427867144888,15,2937.597891583447,1,RL
10,45.63259238223986,89.40913692578455,64,2.9075820763534934,12,3199.9030564227137,1,Fixed
10,45.63259238223986,89.40913692578455,64,8.663562401394334,13,3190.45070312199,1,RL
10,45.63259238223986,89.40913692578455,65,6.398194230401898,14,3132.2727667847707,1,Fixed
10,45.63259238223986,89.40913692578455,65,2.9248815353607815,9,2258.7916814269483,1,RL
10,45.63259238223986,89.40913692578455,66,4.789215279890589,13,2729.152783953006,1,Fixed
10,45.63259238223986,89.40913692578455,66,14.857175221446141,11,3253.087594313912,1,RL
10,45.63259238223986,89.40913692578455,67,9.154342240140123,13,2746.967448217581,1,Fixed
10,45.63259238223986,89.40913692578455,67,11.985352205538812,12,3204.8470518432164,1,RL
10,45.63259238223986,89.40913692578455,68,3.185587118056002,10,2682.2171184000026,1,Fixed
10,45.63259238223986,89.40913692578455,68,16.00534508260438,14,3290.539003097048,1,RL
10,45.63259238223986,89.40913692578455,69,2.8001942513415927,10,2416.739255347438,1,Fixed
10,45.63259238223986,89.40913692578455,69,15.100716369744074,11,3278.9879621770874,1,RL
10,45.63259238223986,89.40913692578455,70,4.071197144068953,15,2709.611193943046,1,Fixed
10,45.63259238223986,89.40913692578455,70,5.329004864441422,10,2675.3060433608684,1,RL
10,45.63259238223986,89.40913692578455,71,5.042007669913064,13,3022.809145421751,1,Fixed
10,45.63259238223986,89.40913692578455,71,8.670592512688627,13,2920.486733814923,1,RL
10,45.63259238223986,89.40913692578455,72,2.3677908296881385,7,2147.6114335335133,1,Fixed
10,45.63259238223986,89.40913692578455,72,6.6496576701810515,14,3164.2584434180944,1,RL
10,45.63259238223986,89.40913692578455,73,14.48499723010531,14,2779.437138901,1,Fixed
10,45.63259238223986,89.40913692578455,73,2.516218485252348,12,2895.209070600381,1,RL
10,45.63259238223986,89.40913692578455,74,2.7106304190666295,7,2596.5038521883753,1,Fixed
10,45.63259238223986,89.40913692578455,74,9.74769470249667,11,2883.199467709333,1,RL
10,45.63259238223986,89.40913692578455,75,9.499987789320887,14,3246.4309408801614,1,Fixed
10,45.63259238223986,89.40913692578455,75,19.12930288004551,11,3029.2525733682355,1,RL
10,45.63259238223986,89.40913692578455,76,3.235938531255242,11,2498.057467436679,1,Fixed
10,45.63259238223986,89.40913692578455,76,9.872038316334793,12,3663.0670896870956,1,RL
10,45.63259238223986,89.40913692578455,77,8.32382477393513,13,2722.6487571440452,1,Fixed
10,45.63259238223986,89.40913692578455,77,16.344618718350485,12,2529.137630354686,1,RL
10,45.63259238223986,89.40913692578455,78,18.65314825198104,12,2808.714341964742,1,Fixed
10,45.63259238223986,89.40913692578455,78,11.698958457042307,11,2936.695830170783,1,RL
10,45.63259238223986,89.40913692578455,79,10.285887123355415,13,2746.90320156906,1,Fixed
10,45.63259238223986,89.40913692578455,79,15.265999404679286,12,2994.6812107732444,1,RL
10,45.63259238223986,89.40913692578455,80,6.00439290181837,12,2493.6277376949824,1,Fixed
10,45.63259238223986,89.40913692578455,80,16.227229481673625,10,3113.916718512529,1,RL
10,45.63259238223986,89.40913692578455,81,1.9753277363264723,10,2556.651400361052,1,Fixed
10,45.63259238223986,89.40913692578455,81,14.4993224783662,16,4265.96290859078,1,RL
10,45.63259238223986,89.40913692578455,82,6.67316745250707,9,2495.9001630551866,1,Fixed
10,45.63259238223986,89.40913692578455,82,3.892708636453326,13,3024.3773494509333,1,RL
10,45.63259238223986,89.40913692578455,83,14.00335570821326,11,2299.6317810350783,1,Fixed
10,45.63259238223986,89.40913692578455,83,13.333098889701038,9,3356.563390302423,1,RL
10,45.63259238223986,89.40913692578455,84,2.718134154465566,14,3050.4809632123397,1,Fixed
10,45.63259238223986,89.40913692578455,84,5.868006781420139,11,2616.9037691224808,1,RL
10,45.63259238223986,89.40913692578455,85,8.361786266689304,15,3143.3868018262583,1,Fixed
10,45.63259238223986,89.40913692578455,85,9.451684048702258,9,2342.366707100304,1,RL
10,45.63259238223986,89.40913692578455,86,18.09268904042107,12,2710.013507986927,1,Fixed
10,45.63259238223986,89.40913692578455,86,18.31072307045092,14,2889.9403425078726,1,RL
10,45.63259238223986,89.40913692578455,87,2.6898732795531552,8,2297.4353028065157,1,Fixed
10,45.63259238223986,89.40913692578455,87,7.506593515262724,9,2760.28131516897,1,RL
10,45.63259238223986,89.40913692578455,88,17.563245822459088,13,2653.7417058326464,1,Fixed
10,45.63259238223986,89.40913692578455,88,6.667318863172527,12,2991.031983447608,1,RL
10,45.63259238223986,89.40913692578455,89,2.8675406260250678,13,2723.3368652695876,1,Fixed
10,45.63259238223986,89.40913692578455,89,3.560094770905794,11,3530.0464851937318,1,RL
10,45.63259238223986,89.40913692578455,90,9.077911654342168,13,2560.205960698259,1,Fixed
10,45.63259238223986,89.40913692578455,90,3.0602705349008987,14,2841.849603275663,1,RL
10,45.63259238223986,89.40913692578455,91,5.605810724888974,14,2447.7103010896503,1,Fixed
10,45.63259238223986,89.40913692578455,91,13.812695689651022,13,3407.2101317246097,1,RL
10,45.63259238223986,89.40913692578455,92,10.389800196723408,12,3287.532425947799,1,Fixed
10,45.63259238223986,89.40913692578455,92,16.522905612664218,11,2913.1522549916,1,RL
10,45.63259238223986,89.40913692578455,93,4.738004485228234,12,2518.603759653407,1,Fixed
10,45.63259238223986,89.40913692578455,93,18.78605874855672,10,2630.694031130087,1,RL
10,45.63259238223986,89.40913692578455,94,9.301627747996726,10,2458.411793781858,1,Fixed
10,45.63259238223986,89.40913692578455,94,12.743576354158657,17,3657.850088408124,1,RL
10,45.63259238223986,89.40913692578455,95,15.172272230213542,13,2863.2449820179395,1,Fixed
10,45.63259238223986,89.40913692578455,95,15.31057903472438,11,3392.9668224333695,1,RL
10,45.63259238223986,89.40913692578455,96,2.3055023134582315,14,2735.400646778226,1,Fixed
10,45.63259238223986,89.40913692578455,96,20.77865512662759,11,2869.512379803366,1,RL
10,45.63259238223986,89.40913692578455,97,15.846520020515186,17,3114.924775091028,1,Fixed
10,45.63259238223986,89.40913692578455,97,8.576552630657702,12,2977.125968137237,1,RL
10,45.63259238223986,89.40913692578455,98,12.01662343515899,12,2564.65817850815,1,Fixed
10,45.63259238223986,89.40913692578455,98,4.301141062614821,10,2449.411720526722,1,RL
10,45.63259238223986,89.40913692578455,99,11.73796521051035,13,2659.472187764195,1,Fixed
10,45.63259238223986,89.40913692578455,99,11.890576687097141,13,3361.15028584227,1,RL
11,49.78691805143192,84.18087090288189,0,16.768635808883246,12,2661.644776278331,1,Fixed
11,49.78691805143192,84.18087090288189,0,2.403427585423567,8,3410.006054343867,1,RL
11,49.78691805143192,84.18087090288189,1,5.526074981583905,14,2383.6482151968767,1,Fixed
11,49.78691805143192,84.18087090288189,1,7.549192547611389,12,2941.2418786562916,1,RL
11,49.78691805143192,84.18087090288189,2,25.05187376672309,16,3483.317867223003,1,Fixed
11,49.78691805143192,84.18087090288189,2,16.701803624552458,14,2999.9166597142303,1,RL
11,49.78691805143192,84.18087090288189,3,5.327703109814521,13,3256.2246930494025,1,Fixed
11,49.78691805143192,84.18087090288189,3,8.843560209895628,13,2539.417180413048,1,RL
11,49.78691805143192,84.18087090288189,4,5.0537595775389255,13,2652.0584993835355,1,Fixed
11,49.78691805143192,84.18087090288189,4,18.031243069620245,12,2937.590839347539,1,RL
11,49.78691805143192,84.18087090288189,5,15.549368760072548,12,2774.7232498579388,1,Fixed
11,49.78691805143192,84.18087090288189,5,7.804719034174504,13,3586.921239618584,1,RL
11,49.78691805143192,84.18087090288189,6,10.280291721145575,12,2527.027768049703,1,Fixed
11,49.78691805143192,84.18087090288189,6,8.508342298129701,15,2587.9031140724696,1,RL
11,49.78691805143192,84.18087090288189,7,3.4208980810869973,13,3084.611538484794,1,Fixed
11,49.78691805143192,84.18087090288189,7,18.190159369104315,16,3000.4620040592627,1,RL
11,49.78691805143192,84.18087090288189,8,3.387860769508927,7,2724.437984889551,1,Fixed
11,49.78691805143192,84.18087090288189,8,19.269843379175704,13,3096.7331754339566,1,RL
11,49.78691805143192,84.18087090288189,9,2.7216587910592436,11,2531.3418329535934,1,Fixed
11,49.78691805143192,84.18087090288189,9,14.49957236793089,11,3202.861323851976,1,RL
11,49.78691805143192,84.18087090288189,10,5.328972371189248,15,2953.1988005676044,1,Fixed
11,49.78691805143192,84.18087090288189,10,9.882892886984376,9,2376.6577623185804,1,RL
11,49.78691805143192,84.18087090288189,11,12.925881104152936,14,3214.4672366035747,1,Fixed
11,49.78691805143192,84.18087090288189,11,8.084267257047697,11,2791.4499359120164,1,RL
11,49.78691805143192,84.18087090288189,12,6.449945203736142,14,2565.954991518751,1,Fixed
11,49.78691805143192,84.18087090288189,12,14.242075191863034,15,3867.9060640478983,1,RL
11,49.78691805143192,84.18087090288189,13,16.393347273926366,14,3514.324725492921,1,Fixed
11,49.78691805143192,84.18087090288189,13,11.36810348491493,11,2397.6062039749977,1,RL
11,49.78691805143192,84.18087090288189,14,11.046111176128145,13,3255.7550412666437,1,Fixed
11,49.78691805143192,84.18087090288189,14,17.6127315811372,15,3649.8961514897287,1,RL
11,49.78691805143192,84.18087090288189,15,7.434839570408559,11,2329.6401689887616,1,Fixed
11,49.78691805143192,84.18087090288189,15,18.998087842747193,16,3386.455368508402,1,RL
11,49.78691805143192,84.18087090288189,16,2.501130238010441,5,2344.622247492476,1,Fixed
11,49.78691805143192,84.18087090288189,16,11.46391009395171,12,2966.220764423249,1,RL
11,49.78691805143192,84.18087090288189,17,7.981454680052137,9,2932.7982452721203,1,Fixed
11,49.78691805143192,84.18087090288189,17,11.668846956597234,13,3149.124561473971,1,RL
11,49.78691805143192,84.18087090288189,18,11.665865658419248,13,2807.7825291302424,1,Fixed
11,49.78691805143192,84.18087090288189,18,7.659937100778812,12,2629.7759717282934,1,RL
11,49.78691805143192,84.18087090288189,19,9.33652281580002,14,2524.859627754647,1,Fixed
11,49.78691805143192,84.18087090288189,19,10.42752711173204,7,2593.608973834021,1,RL
11,49.78691805143192,84.18087090288189,20,16.217858226205028,13,3263.486859742795,1,Fixed
11,49.78691805143192,84.18087090288189,20,4.404728404726104,14,3022.7214565124495,1,RL
11,49.78691805143192,84.18087090288189,21,8.976015075131238,15,3005.2030881302167,1,Fixed
11,49.78691805143192,84.18087090288189,21,19.659905845924737,15,2812.2122726254406,1,RL
11,49.78691805143192,84.18087090288189,22,10.893267721853082,14,2749.584510186261,1,Fixed
11,49.78691805143192,84.18087090288189,22,11.705693517141691,14,3142.0759534308327,1,RL
11,49.78691805143192,84.18087090288189,23,13.232719972174815,10,2857.1674358488094,1,Fixed
11,49.78691805143192,84.18087090288189,23,8.778190547949315,12,2693.0159717820125,1,RL
11,49.78691805143192,84.18087090288189,24,9.930153623810817,11,3016.4664636034136,1,Fixed
11,49.78691805143192,84.18087090288189,24,19.00015968441181,14,2800.217814060075,1,RL
11,49.78691805143192,84.18087090288189,25,11.508360943339191,13,3053.164263334775,1,Fixed
11,49.78691805143192,84.18087090288189,25,5.740802603729717,11,2565.5829033563286,1,RL
11,49.78691805143192,84.18087090288189,26,15.356341797836677,14,3166.985605723074,1,Fixed
11,49.78691805143192,84.18087090288189,26,9.451576024863611,11,2704.5213572457105,1,RL
11,49.78691805143192,84.18087090288189,27,11.507299720080201,12,2940.600477006858,1,Fixed
11,49.78691805143192,84.18087090288189,27,9.0517922623928,12,3116.231917029085,1,RL
11,49.78691805143192,84.18087090288189,28,19.936179740067182,11,2792.1889253902664,1,Fixed
11,49.78691805143192,84.18087090288189,28,23.273049290454914,18,3344.754610438304,1,RL
11,49.78691805143192,84.18087090288189,29,5.042734476008862,12,2670.8692601660873,1,Fixed
11,49.78691805143192,84.18087090288189,29,34.449585780333805,18,5517.566745540528,1,RL
11,49.78691805143192,84.18087090288189,30,5.595008725577904,13,2447.034172414251,1,Fixed
11,49.78691805143192,84.18087090288189,30,5.057166300044795,13,2741.493087705286,1,RL
11,49.78691805143192,84.18087090288189,31,14.793042858921718,14,2980.8514964318592,1,Fixed
11,49.78691805143192,84.18087090288189,31,11.240247495673579,15,3049.4802744088865,1,RL
11,49.78691805143192,84.18087090288189,32,2.782826256023039,13,2749.064303027272,1,Fixed
11,49.78691805143192,84.18087090288189,32,22.048624749648766,14,2948.48419690364,1,RL
11,49.78691805143192,84.18087090288189,33,9.81520768268273,9,2842.403784570066,1,Fixed
11,49.78691805143192,84.18087090288189,33,3.230416941831371,13,2913.6818624585653,1,RL
11,49.78691805143192,84.18087090288189,34,7.226465680622537,11,2321.810908408321,1,Fixed
11,49.78691805143192,84.18087090288189,34,9.983901500662176,13,2903.408394355436,1,RL
11,49.78691805143192,84.18087090288189,35,15.525487544314327,11,2588.1254475687333,1,Fixed
11,49.78691805143192,84.18087090288189,35,13.635890490784956,7,2404.9770798532663,1,RL
11,49.78691805143192,84.18087090288189,36,7.102270732654654,14,2951.920664232301,1,Fixed
11,49.78691805143192,84.18087090288189,36,9.125409583616763,16,2893.06711644696,1,RL
11,49.78691805143192,84.18087090288189,37,11.875632579366208,11,2826.8542531657954,1,Fixed
11,49.78691805143192,84.18087090288189,37,18.489513396071402,11,2875.553608427316,1,RL
11,49.78691805143192,84.18087090288189,38,16.66056411144867,12,2993.816027899283,1,Fixed
11,49.78691805143192,84.18087090288189,38,4.6647555054879515,9,2682.656914243672,1,RL
11,49.78691805143192,84.18087090288189,39,13.59354097662489,12,2879.5540096638492,1,Fixed
11,49.78691805143192,84.18087090288189,39,14.593728123383912,10,2771.411093713399,1,RL
11,49.78691805143192,84.18087090288189,40,16.210285786461196,9,2995.1498649781734,1,Fixed
11,49.78691805143192,84.18087090288189,40,2.6638967736367785,6,2674.8072929656696,1,RL
11,49.78691805143192,84.18087090288189,41,19.041554078259267,8,2830.85233254489,1,Fixed
11,49.78691805143192,84.18087090288189,41,20.28857389867941,14,2843.612470587918,1,RL
11,49.78691805143192,84.18087090288189,42,7.608840744362463,12,2703.361515369222,1,Fixed
11,49.78691805143192,84.18087090288189,42,6.018568923987683,13,2606.32862231561,1,RL
11,49.78691805143192,84.18087090288189,43,7.316527803583367,14,4088.952901080078,1,Fixed
11,49.78691805143192,84.18087090288189,43,15.272518867345756,9,2096.8224814073747,1,RL
11,49.78691805143192,84.18087090288189,44,17.710386049205226,14,2635.6416795805744,1,Fixed
11,49.78691805143192,84.18087090288189,44,15.905062404289001,12,2331.8074162464645,1,RL
11,49.78691805143192,84.18087090288189,45,10.90828627744498,14,3021.7845629568424,1,Fixed
11,49.78691805143192,84.18087090288189,45,16.987661201376284,10,2701.752024350338,1,RL
11,49.78691805143192,84.18087090288189,46,27.97750912316967,12,3609.5136078229752,1,Fixed
11,49.78691805143192,84.18087090288189,46,3.378858988596528,17,2950.894852751382,1,RL
11,49.78691805143192,84.18087090288189,47,6.3838836189397625,15,2889.72825452978,1,Fixed
11,49.78691805143192,84.18087090288189,47,6.703673891689135,13,2949.082776869769,1,RL
11,49.78691805143192,84.18087090288189,48,7.8196109786607435,11,2787.290500734271,1,Fixed
11,49.78691805143192,84.18087090288189,48,9.586298380978002,12,3292.967042488315,1,RL
11,49.78691805143192,84.18087090288189,49,14.219601545587338,9,2393.7314544321207,1,Fixed
11,49.78691805143192,84.18087090288189,49,6.341053417623392,15,3623.970040604245,1,RL
11,49.78691805143192,84.18087090288189,50,20.9333222026203,14,2598.7342783118506,1,Fixed
11,49.78691805143192,84.18087090288189,50,21.345586324663103,14,3037.9936623721915,1,RL
11,49.78691805143192,84.18087090288189,51,16.6789556359572,13,3139.9384891703075,1,Fixed
11,49.78691805143192,84.18087090288189,51,14.170269500406496,10,2558.5056979463843,1,RL
11,49.78691805143192,84.18087090288189,52,15.267106044478941,13,2812.648829703409,1,Fixed
11,49.78691805143192,84.18087090288189,52,11.263946442613632,13,2729.7615063839144,1,RL
11,49.78691805143192,84.18087090288189,53,3.2559488786186797,8,2148.248419878779,1,Fixed
11,49.78691805143192,84.18087090288189,53,20.05466315457175,15,2913.3958165172253,1,RL
11,49.78691805143192,84.18087090288189,54,11.846573595454734,12,2844.4593628257808,1,Fixed
11,49.78691805143192,84.18087090288189,54,11.149966380363114,13,2968.035032903967,1,RL
11,49.78691805143192,84.18087090288189,55,10.001920415278432,11,2912.8958253461788,1,Fixed
11,49.78691805143192,84.18087090288189,55,9.18641554569375,15,2920.6628784000654,1,RL
11,49.78691805143192,84.18087090288189,56,6.235543900879446,13,2456.6992689464796,1,Fixed
11,49.78691805143192,84.18087090288189,56,6.873173088798822,16,3167.8071681649426,1,RL
11,49.78691805143192,84.18087090288189,57,12.4183546551747,12,2709.399124482462,1,Fixed
11,49.78691805143192,84.18087090288189,57,9.598928404951646,14,2524.421248405369,1,RL
11,49.78691805143192,84.18087090288189,58,3.3761775066206816,14,2811.702469599142,1,Fixed
11,49.78691805143192,84.18087090288189,58,13.15972324675423,14,3110.5421137121243,1,RL
11,49.78691805143192,84.18087090288189,59,15.994483716276694,14,3551.517829149914,1,Fixed
11,49.78691805143192,84.18087090288189,59,3.7094005918927784,12,2660.8827732487266,1,RL
11,49.78691805143192,84.18087090288189,60,18.509894005516117,10,2793.6543302479718,1,Fixed
11,49.78691805143192,84.18087090288189,60,19.8485977277284,9,2743.525089821076,1,RL
11,49.78691805143192,84.18087090288189,61,11.059646407474547,12,2637.70017482654,1,Fixed
11,49.78691805143192,84.18087090288189,61,15.869494934590998,16,3391.5148973538994,1,RL
11,49.78691805143192,84.18087090288189,62,5.580992377471821,14,2441.485725543676,1,Fixed
11,49.78691805143192,84.18087090288189,62,6.86846823884981,11,2579.850925677131,1,RL
11,49.78691805143192,84.18087090288189,63,10.786712409370065,16,4046.782928402195,1,Fixed
11,49.78691805143192,84.18087090288189,63,9.230338436609273,15,1877.8869377205824,1,RL
11,49.78691805143192,84.18087090288189,64,2.084524689166547,13,2755.067314826874,1,Fixed
11,49.78691805143192,84.18087090288189,64,9.70849093728866,12,2913.495701276146,1,RL
11,49.78691805143192,84.18087090288189,65,19.115703592282653,14,3560.3352647934676,1,Fixed
11,49.78691805143192,84.18087090288189,65,10.85841735003913,10,3042.832841148716,1,RL
11,49.78691805143192,84.18087090288189,66,7.196291693852727,11,2931.4701239455453,1,Fixed
11,49.78691805143192,84.18087090288189,66,5.178483863040998,15,3486.1770400783066,1,RL
11,49.78691805143192,84.18087090288189,67,15.567950480155485,12,2918.001379423432,1,Fixed
11,49.78691805143192,84.18087090288189,67,2.4955377635134606,10,3081.7454154519683,1,RL
11,49.78691805143192,84.18087090288189,68,20.114966196254002,13,2604.55496059454,1,Fixed
11,49.78691805143192,84.18087090288189,68,9.331814502809786,13,2524.826270207366,1,RL
11,49.78691805143192,84.18087090288189,69,5.666341506998004,11,2475.2874526326514,1,Fixed
11,49.78691805143192,84.18087090288189,69,5.994932146031001,14,2927.986837708708,1,RL
11,49.78691805143192,84.18087090288189,70,12.278380533300876,12,2871.467162013866,1,Fixed
11,49.78691805143192,84.18087090288189,70,20.640630916455418,13,3198.3106405949907,1,RL
11,49.78691805143192,84.18087090288189,71,6.726871620253986,12,2553.512255132533,1,Fixed
11,49.78691805143192,84.18087090288189,71,10.868460820219294,11,2859.376173871256,1,RL
11,49.78691805143192,84.18087090288189,72,11.88217981328031,13,2843.476315602716,1,Fixed
11,49.78691805143192,84.18087090288189,72,5.898583307322619,9,2348.3759997813336,1,RL
11,49.78691805143192,84.18087090288189,73,19.56455744200392,13,2551.9253143571464,1,Fixed
11,49.78691805143192,84.18087090288189,73,4.405601120951813,15,3004.8361266713314,1,RL
11,49.78691805143192,84.18087090288189,74,21.268892324660477,12,3038.2576436927948,1,Fixed
11,49.78691805143192,84.18087090288189,74,14.5169318781335,13,2472.651887452371,1,RL
11,49.78691805143192,84.18087090288189,75,2.671954191044308,12,2507.9342107717625,1,Fixed
11,49.78691805143192,84.18087090288189,75,10.037618938635273,12,2626.5399648468065,1,RL
11,49.78691805143192,84.18087090288189,76,9.316569763119624,12,2664.320386175169,1,Fixed
11,49.78691805143192,84.18087090288189,76,15.829091531982318,13,2920.175578911768,1,RL
11,49.78691805143192,84.18087090288189,77,16.00575722153305,11,2880.624512959515,1,Fixed
11,49.78691805143192,84.18087090288189,77,13.307715023678792,14,2511.8898494847754,1,RL
11,49.78691805143192,84.18087090288189,78,16.899494103211136,7,2434.1471766500367,1,Fixed
11,49.78691805143192,84.18087090288189,78,9.94628430276482,13,2860.30185975268,1,RL
11,49.78691805143192,84.18087090288189,79,7.97834774809364,11,2623.392683700594,1,Fixed
11,49.78691805143192,84.18087090288189,79,5.36627344960262,14,4011.827756028961,1,RL
11,49.78691805143192,84.18087090288189,80,17.97491311859138,11,2940.0625239715127,1,Fixed
11,49.78691805143192,84.18087090288189,80,2.644882768338109,10,2441.638268605991,1,RL
11,49.78691805143192,84.18087090288189,81,11.159119615647949,17,3322.970337880032,1,Fixed
11,49.78691805143192,84.18087090288189,81,19.663116957919115,8,2753.6822833883743,1,RL
11,49.78691805143192,84.18087090288189,82,10.273688201317746,15,2688.974442292654,1,Fixed
11,49.78691805143192,84.18087090288189,82,29.592205990553406,14,4581.7559925038995,1,RL
11,49.78691805143192,84.18087090288189,83,16.81793224387523,13,3166.1014740134815,1,Fixed
11,49.78691805143192,84.18087090288189,83,13.028678600643175,11,2671.1815005022763,1,RL
11,49.78691805143192,84.18087090288189,84,5.007434107568736,10,2585.314016232978,1,Fixed
11,49.78691805143192,84.18087090288189,84,13.959038093808061,10,2867.9694752060423,1,RL
11,49.78691805143192,84.18087090288189,85,5.961199309694176,14,2348.641382920862,1,Fixed
11,49.78691805143192,84.18087090288189,85,10.935049133127492,17,4900.179362042057,1,RL
11,49.78691805143192,84.18087090288189,86,13.945615137317535,10,3076.6790486270265,1,Fixed
11,49.78691805143192,84.18087090288189,86,17.40205136563555,11,2855.172943249664,1,RL
11,49.78691805143192,84.18087090288189,87,6.730829247906286,14,2427.6015279844037,1,Fixed
11,49.78691805143192,84.18087090288189,87,5.201716283453955,13,2851.8729783927342,1,RL
11,49.78691805143192,84.18087090288189,88,12.621215432481103,8,2596.7575869339403,1,Fixed
11,49.78691805143192,84.18087090288189,88,8.439444584909198,8,2573.295522811491,1,RL
11,49.78691805143192,84.18087090288189,89,5.479353193130629,15,3261.9289872925,1,Fixed
11,49.78691805143192,84.18087090288189,89,13.212740128396806,12,2536.5970138930397,1,RL
11,49.78691805143192,84.18087090288189,90,4.488991816459698,9,2545.515861137023,1,Fixed
11,49.78691805143192,84.18087090288189,90,14.789999652517462,7,2651.458307673179,1,RL
11,49.78691805143192,84.18087090288189,91,13.466923313562711,12,2887.1646025742307,1,Fixed
11,49.78691805143192,84.18087090288189,91,14.655179428295508,11,2445.4982796564395,1,RL
11,49.78691805143192,84.18087090288189,92,4.896676703923351,13,2878.455016713574,1,Fixed
11,49.78691805143192,84.18087090288189,92,24.011652386227947,16,3058.876294658852,1,RL
11,49.78691805143192,84.18087090288189,93,9.811683882594094,9,2625.59840054577,1,Fixed
11,49.78691805143192,84.18087090288189,93,9.652490430000537,12,2970.832837021839,1,RL
11,49.78691805143192,84.18087090288189,94,19.810493122076842,13,2945.0800659479155,1,Fixed
11,49.78691805143192,84.18087090288189,94,4.707090006509754,13,3548.491951556558,1,RL
11,49.78691805143192,84.18087090288189,95,11.71185555961994,9,2350.604587600043,1,Fixed
11,49.78691805143192,84.18087090288189,95,14.476015837640912,16,3147.0622026016895,1,RL
11,49.78691805143192,84.18087090288189,96,4.981781002364412,9,2882.888007097088,1,Fixed
11,49.78691805143192,84.18087090288189,96,10.955546557808574,11,2855.872070672595,1,RL
11,49.78691805143192,84.18087090288189,97,11.96593854353359,10,2655.9832248858374,1,Fixed
11,49.78691805143192,84.18087090288189,97,19.189221228947684,12,2956.705043755913,1,RL
11,49.78691805143192,84.18087090288189,98,3.893726835035873,11,2180.604277784218,1,Fixed
11,49.78691805143192,84.18087090288189,98,5.937535794459363,10,2625.088781795339,1,RL
11,49.78691805143192,84.18087090288189,99,17.319788308377024,14,3257.5543630270536,1,Fixed
11,49.78691805143192,84.18087090288189,99,12.4973366463192,14,3176.2816962895104,1,RL
12,80.13520582702486,41.050482134835654,0,13.155584062211338,8,2583.426893679963,1,Fixed
12,80.13520582702486,41.050482134835654,0,3.883774144874823,11,2973.5938464072356,1,RL
12,80.13520582702486,41.050482134835654,1,7.651638990991226,13,3065.5053372967054,1,Fixed
12,80.13520582702486,41.050482134835654,1,8.342162086980917,7,2296.46076838825,1,RL
12,80.13520582702486,41.050482134835654,2,14.974099245358877,13,3475.817763763108,1,Fixed
12,80.13520582702486,41.050482134835654,2,11.534590238790393,10,2551.181015213357,1,RL
12,80.13520582702486,41.050482134835654,3,10.347974706532284,13,2568.089587677806,1,Fixed
12,80.13520582702486,41.050482134835654,3,3.0286846553337465,14,2828.1356167652693,1,RL
12,80.13520582702486,41.050482134835654,4,22.5904349999333,15,3222.8412063458277,1,Fixed
12,80.13520582702486,41.050482134835654,4,8.41092630720222,11,3120.372402333767,1,RL
12,80.13520582702486,41.050482134835654,5,3.6208686224672446,15,2883.60956642065,1,Fixed
12,80.13520582702486,41.050482134835654,5,16.582687509241417,13,3200.8808394537596,1,RL
12,80.13520582702486,41.050482134835654,6,6.894055159660586,9,2060.089467681446,1,Fixed
12,80.13520582702486,41.050482134835654,6,7.6958060376406365,12,2819.043941775307,1,RL
12,80.13520582702486,41.050482134835654,7,14.700663962800908,12,2561.861868544044,1,Fixed
12,80.13520582702486,41.050482134835654,7,8.156180998609972,11,2779.1602274127063,1,RL
12,80.13520582702486,41.050482134835654,8,17.25623865206159,12,3387.7761372458776,1,Fixed
12,80.13520582702486,41.050482134835654,8,20.08832940433684,17,3630.2919791357085,1,RL
12,80.13520582702486,41.050482134835654,9,13.006796187708597,9,2805.2019931288464,1,Fixed
12,80.13520582702486,41.050482134835654,9,4.897300952797945,15,2711.2059998697664,1,RL
12,80.13520582702486,41.050482134835654,10,17.101733491542138,11,3101.8638943528194,1,Fixed
12,80.13520582702486,41.050482134835654,10,20.218961592554418,13,3017.078291509724,1,RL
12,80.13520582702486,41.050482134835654,11,14.815990509545646,14,2628.292050631721,1,Fixed
12,80.13520582702486,41.050482134835654,11,7.044902069163402,9,2342.3023349042455,1,RL
12,80.13520582702486,41.050482134835654,12,21.293395097713773,13,2814.470657389008,1,Fixed
12,80.13520582702486,41.050482134835654,12,3.70018920926634,13,2444.902905196066,1,RL
12,80.13520582702486,41.050482134835654,13,20.444547135382855,16,3209.2400918567305,1,Fixed
12,80.13520582702486,41.050482134835654,13,9.561899517747547,13,3238.33835247419,1,RL
12,80.13520582702486,41.050482134835654,14,9.198184378656766,14,2857.182014828587,1,Fixed
12,80.13520582702486,41.050482134835654,14,17.461349728443075,12,2826.317672959628,1,RL
12,80.13520582702486,41.050482134835654,15,8.563444618578327,14,2756.431848276059,1,Fixed
12,80.13520582702486,41.050482134835654,15,6.103143649762552,10,2759.3050111501575,1,RL
12,80.13520582702486,41.050482134835654,16,14.563515189032506,14,3163.5800867958,1,Fixed
12,80.13520582702486,41.050482134835654,16,14.184737280756732,11,3014.257623308301,1,RL
12,80.13520582702486,41.050482134835654,17,14.894541619211518,15,2995.8178946603994,1,Fixed
12,80.13520582702486,41.050482134835654,17,7.234239523227745,13,2876.0426704837114,1,RL
12,80.13520582702486,41.050482134835654,18,5.272989026179069,11,2980.8558061945096,1,Fixed
12,80.13520582702486,41.050482134835654,18,15.752931284429916,11,2721.2765534177174,1,RL
12,80.13520582702486,41.050482134835654,19,24.819189604570774,13,3627.528543222536,1,Fixed
12,80.13520582702486,41.050482134835654,19,20.320480836335918,15,3998.0511106011295,1,RL
12,80.13520582702486,41.050482134835654,20,20.898076447208133,17,2948.1659323444587,1,Fixed
12,80.13520582702486,41.050482134835654,20,18.142461189003498,15,3146.4163796683297,1,RL
12,80.13520582702486,41.050482134835654,21,3.087419258566758,12,2617.101806840346,1,Fixed
12,80.13520582702486,41.050482134835654,21,11.885603177721936,11,2615.2650738855045,1,RL
12,80.13520582702486,41.050482134835654,22,8.049925467334484,15,3040.924664372576,1,Fixed
12,80.13520582702486,41.050482134835654,22,16.594052999454984,14,2861.98061364325,1,RL
12,80.13520582702486,41.050482134835654,23,15.444978000922898,16,3269.5125651808776,1,Fixed
12,80.13520582702486,41.050482134835654,23,16.873885589861892,20,4994.524919505559,1,RL
12,80.13520582702486,41.050482134835654,24,15.277378018831914,13,2967.102449809055,1,Fixed
12,80.13520582702486,41.050482134835654,24,22.200715931051764,17,3109.87838255985,1,RL
12,80.13520582702486,41.050482134835654,25,16.066791550434864,13,2998.3094701635596,1,Fixed
12,80.13520582702486,41.050482134835654,25,9.269415534236856,14,3189.660985571878,1,RL
12,80.13520582702486,41.050482134835654,26,10.87099833812892,6,2300.6677632604446,1,Fixed
12,80.13520582702486,41.050482134835654,26,16.998514103357056,7,2158.337168515977,1,RL
12,80.13520582702486,41.050482134835654,27,6.36630526631701,11,2605.5187106796548,1,Fixed
12,80.13520582702486,41.050482134835654,27,4.315211139421921,13,2830.444726011705,1,RL
12,80.13520582702486,41.050482134835654,28,15.879884018216933,14,3397.727210375465,1,Fixed
12,80.13520582702486,41.050482134835654,28,9.987467087407268,13,2589.9922007730706,1,RL
12,80.13520582702486,41.050482134835654,29,11.195507576663559,10,2539.359323842884,1,Fixed
12,80.13520582702486,41.050482134835654,29,18.27631407789636,11,2581.363922834333,1,RL
12,80.13520582702486,41.050482134835654,30,9.491872081819794,10,2728.891373047021,1,Fixed
12,80.13520582702486,41.050482134835654,30,18.562220684251947,13,3078.009902018299,1,RL
12,80.13520582702486,41.050482134835654,31,18.79064451730192,15,2871.078234364319,1,Fixed
12,80.13520582702486,41.050482134835654,31,13.196906998884206,15,3210.4171813000285,1,RL
12,80.13520582702486,41.050482134835654,32,14.170250132883918,16,3370.0071826383905,1,Fixed
12,80.13520582702486,41.050482134835654,32,17.873236166310207,13,2727.893677257524,1,RL
12,80.13520582702486,41.050482134835654,33,9.79527790201836,13,2800.728377467535,1,Fixed
12,80.13520582702486,41.050482134835654,33,13.018453278838615,11,2658.6444107513416,1,RL
12,80.13520582702486,41.050482134835654,34,7.502866717895678,11,2586.0664908074145,1,Fixed
12,80.13520582702486,41.050482134835654,34,6.1801386564084595,13,2685.532071214363,1,RL
12,80.13520582702486,41.050482134835654,35,8.800094990478723,12,2802.6430330249455,1,Fixed
12,80.13520582702486,41.050482134835654,35,5.184316234661501,16,3492.2203820386962,1,RL
12,80.13520582702486,41.050482134835654,36,7.392499342791969,12,3075.421991401137,1,Fixed
12,80.13520582702486,41.050482134835654,36,20.355985470510788,15,3214.694320242175,1,RL
12,80.13520582702486,41.050482134835654,37,5.288880197520606,12,2389.1771317333537,1,Fixed
12,80.13520582702486,41.050482134835654,37,20.720123132333736,13,3369.771449029295,1,RL
12,80.13520582702486,41.050482134835654,38,15.26510933923898,9,2713.589224847826,1,Fixed
12,80.13520582702486,41.050482134835654,38,5.543074561401818,12,3060.308878034378,1,RL
12,80.13520582702486,41.050482134835654,39,6.743738557464532,11,3060.743517546907,1,Fixed
12,80.13520582702486,41.050482134835654,39,16.762171471877938,13,2817.8006414368742,1,RL
12,80.13520582702486,41.050482134835654,40,15.712401937680179,12,2649.0552017002324,1,Fixed
12,80.13520582702486,41.050482134835654,40,17.892091746739563,12,3058.473185728483,1,RL
12,80.13520582702486,41.050482134835654,41,6.640731158215329,13,2440.5866295981077,1,Fixed
12,80.13520582702486,41.050482134835654,41,14.299036443024193,9,2588.113935198566,1,RL
12,80.13520582702486,41.050482134835654,42,11.992503756693974,8,2513.6769102232397,1,Fixed
12,80.13520582702486,41.050482134835654,42,9.051243189483005,13,3184.5354732352466,1,RL
12,80.13520582702486,41.050482134835654,43,20.7455105642569,12,3125.105300937259,1,Fixed
12,80.13520582702486,41.050482134835654,43,13.673024729368061,13,3291.6322226143416,1,RL
12,80.13520582702486,41.050482134835654,44,9.381512575762175,14,3098.717509606177,1,Fixed
12,80.13520582702486,41.050482134835654,44,4.9898236517126175,13,3132.3494565451642,1,RL
12,80.13520582702486,41.050482134835654,45,10.526565788521136,7,2348.684077697497,1,Fixed
12,80.13520582702486,41.050482134835654,45,12.55664943758028,12,2830.6445338217336,1,RL
12,80.13520582702486,41.050482134835654,46,18.834897138102736,13,2850.294020586611,1,Fixed
12,80.13520582702486,41.050482134835654,46,8.796003040235792,14,3285.6920196354135,1,RL
12,80.13520582702486,41.050482134835654,47,17.679059866939237,14,2820.6185632151614,1,Fixed
12,80.13520582702486,41.050482134835654,47,7.848459508917105,9,2699.405522654579,1,RL
12,80.13520582702486,41.050482134835654,48,6.02625164921158,12,2547.416025271201,1,Fixed
12,80.13520582702486,41.050482134835654,48,5.776156904309322,11,2337.575596885625,1,RL
12,80.13520582702486,41.050482134835654,49,4.166684833314128,14,2873.4371159356524,1,Fixed
12,80.13520582702486,41.050482134835654,49,4.432446247482403,13,2518.5132416090005,1,RL
12,80.13520582702486,41.050482134835654,50,15.548680794428538,12,2944.190102086344,1,Fixed
12,80.13520582702486,41.050482134835654,50,14.635789302558354,13,3260.1475855734707,1,RL
12,80.13520582702486,41.050482134835654,51,2.7784160047015702,11,2729.696391387815,1,Fixed
12,80.13520582702486,41.050482134835654,51,14.89848279327924,14,2595.4011258614923,1,RL
12,80.13520582702486,41.050482134835654,52,12.526890024671122,12,2532.8884987675788,1,Fixed
12,80.13520582702486,41.050482134835654,52,16.593041449516356,14,3767.2702307954896,1,RL
12,80.13520582702486,41.050482134835654,53,14.290422404325792,13,2941.7067886846144,1,Fixed
12,80.13520582702486,41.050482134835654,53,3.4983595655971884,11,2784.7191188555084,1,RL
12,80.13520582702486,41.050482134835654,54,9.58913596440923,13,3250.6113972045214,1,Fixed
12,80.13520582702486,41.050482134835654,54,19.5622351790321,12,2460.0907930172198,1,RL
12,80.13520582702486,41.050482134835654,55,22.499395987643663,12,3109.198890392252,1,Fixed
12,80.13520582702486,41.050482134835654,55,20.6252520388722,11,3006.4259256219393,1,RL
12,80.13520582702486,41.050482134835654,56,17.177651661931534,13,2696.477071535905,1,Fixed
12,80.13520582702486,41.050482134835654,56,14.272927262412406,14,2446.8002354952555,1,RL
12,80.13520582702486,41.050482134835654,57,12.779520698801079,8,2608.117433382679,1,Fixed
12,80.13520582702486,41.050482134835654,57,17.467164520273872,15,2677.3059456565484,1,RL
12,80.13520582702486,41.050482134835654,58,2.8866057129944243,15,3221.265147243002,1,Fixed
12,80.13520582702486,41.050482134835654,58,15.21593313647615,8,2542.6329301362616,1,RL
12,80.13520582702486,41.050482134835654,59,11.79258903107947,10,2794.1429078566457,1,Fixed
12,80.13520582702486,41.050482134835654,59,12.563166495297654,14,3125.184361964377,1,RL
12,80.13520582702486,41.050482134835654,60,6.939057268568324,13,2779.0940203385803,1,Fixed
12,80.13520582702486,41.050482134835654,60,16.45186023663366,10,2846.5324520942495,1,RL
12,80.13520582702486,41.050482134835654,61,12.379038604257422,12,3192.3737025907953,1,Fixed
12,80.13520582702486,41.050482134835654,61,16.03454583304788,9,2780.925678506336,1,RL
12,80.13520582702486,41.050482134835654,62,19.349490985754095,16,3352.19477302239,1,Fixed
12,80.13520582702486,41.050482134835654,62,5.749344123837949,12,2686.1940870858116,1,RL
12,80.13520582702486,41.050482134835654,63,7.256035403979735,12,2914.344742015288,1,Fixed
12,80.13520582702486,41.050482134835654,63,8.828746800529933,11,3033.004936205416,1,RL
12,80.13520582702486,41.050482134835654,64,16.337792310323714,13,2867.9407954645912,1,Fixed
12,80.13520582702486,41.050482134835654,64,20.695719738721174,10,3080.164827766792,1,RL
12,80.13520582702486,41.050482134835654,65,12.55926589217287,12,3109.8576435051673,1,Fixed
12,80.13520582702486,41.050482134835654,65,10.374199884893015,12,2833.9720421522775,1,RL
12,80.13520582702486,41.050482134835654,66,8.31554813607757,12,2787.4197991374817,1,Fixed
12,80.13520582702486,41.050482134835654,66,8.249999930922558,11,2912.8399741229755,1,RL
12,80.13520582702486,41.050482134835654,67,14.90481173542707,12,2932.4001320784855,1,Fixed
12,80.13520582702486,41.050482134835654,67,18.35979054757175,12,2684.4184748089037,1,RL
12,80.13520582702486,41.050482134835654,68,11.647358707527754,10,2474.283730610608,1,Fixed
12,80.13520582702486,41.050482134835654,68,10.333881103540786,11,2595.076639070483,1,RL
12,80.13520582702486,41.050482134835654,69,19.174384759686056,10,3247.7456553498523,1,Fixed
12,80.13520582702486,41.050482134835654,69,17.514469667734755,14,2715.7763129817727,1,RL
12,80.13520582702486,41.050482134835654,70,15.699734787455128,13,2882.6699997399332,1,Fixed
12,80.13520582702486,41.050482134835654,70,8.866348516554051,10,2739.777550052236,1,RL
12,80.13520582702486,41.050482134835654,71,7.650662090991614,18,3238.538941963206,1,Fixed
12,80.13520582702486,41.050482134835654,71,22.731356528604625,12,3204.4946461748305,1,RL
12,80.13520582702486,41.050482134835654,72,12.67234843150804,14,3084.099538474466,1,Fixed
12,80.13520582702486,41.050482134835654,72,5.482943489836023,15,2579.637981587527,1,RL
12,80.13520582702486,41.050482134835654,73,10.435374357747056,10,2626.323909934862,1,Fixed
12,80.13520582702486,41.050482134835654,73,16.771893334375093,12,2899.93771540352,1,RL
12,80.13520582702486,41.050482134835654,74,9.2553984507155,10,2498.1903621386305,1,Fixed
12,80.13520582702486,41.050482134835654,74,8.4658861783777,17,4096.502302524988,1,RL
12,80.13520582702486,41.050482134835654,75,7.719878095249679,14,3007.83729619642,1,Fixed
12,80.13520582702486,41.050482134835654,75,7.44248868772533,14,3234.288123093596,1,RL
12,80.13520582702486,41.050482134835654,76,14.821212390478419,10,2739.064903544775,1,Fixed
12,80.13520582702486,41.050482134835654,76,20.79318495054321,14,3385.1470521173687,1,RL
12,80.13520582702486,41.050482134835654,77,11.930892750549967,11,2777.218879028086,1,Fixed
12,80.13520582702486,41.050482134835654,77,20.88466156643146,14,2823.0570393685284,1,RL
12,80.13520582702486,41.050482134835654,78,14.80066803550012,11,2589.6638840112837,1,Fixed
12,80.13520582702486,41.050482134835654,78,18.921810246752884,18,3645.1750516945795,1,RL
12,80.13520582702486,41.050482134835654,79,13.265850727645779,12,3129.067325992978,1,Fixed
12,80.13520582702486,41.050482134835654,79,5.538410744531648,12,3000.74909844283,1,RL
12,80.13520582702486,41.050482134835654,80,15.465711315519325,11,2944.105783252718,1,Fixed
12,80.13520582702486,41.050482134835654,80,11.494942362231424,11,3002.4999961831536,1,RL
12,80.13520582702486,41.050482134835654,81,23.344134960855307,9,3137.169488793349,1,Fixed
12,80.13520582702486,41.050482134835654,81,19.039968010218697,12,2976.5137720207313,1,RL
12,80.13520582702486,41.050482134835654,82,10.463946080977058,11,3182.852140045914,1,Fixed
12,80.13520582702486,41.050482134835654,82,18.753302926508315,11,3137.412743484898,1,RL
12,80.13520582702486,41.050482134835654,83,16.203639310116557,11,3020.5836054037586,1,Fixed
12,80.13520582702486,41.050482134835654,83,16.282293005102407,14,3227.6550185236974,1,RL
12,80.13520582702486,41.050482134835654,84,3.748660517804551,10,2679.760927492889,1,Fixed
12,80.13520582702486,41.050482134835654,84,11.643573123311155,14,3127.358825704198,1,RL
12,80.13520582702486,41.050482134835654,85,8.030178880950103,13,3376.2077363889694,1,Fixed
12,80.13520582702486,41.050482134835654,85,9.612910617735741,14,3046.735452208071,1,RL
12,80.13520582702486,41.050482134835654,86,6.065635964823957,10,2681.3536765445842,1,Fixed
12,80.13520582702486,41.050482134835654,86,10.867951306352213,10,2517.959285235641,1,RL
12,80.13520582702486,41.050482134835654,87,8.459417066587402,8,2705.2578617549484,1,Fixed
12,80.13520582702486,41.050482134835654,87,18.531212969492067,10,2356.282164363879,1,RL
12,80.13520582702486,41.050482134835654,88,17.227348455672356,11,2842.9749169847196,1,Fixed
12,80.13520582702486,41.050482134835654,88,4.162183253093024,15,2869.7900371999876,1,RL
12,80.13520582702486,41.050482134835654,89,15.442956312733703,12,2722.070026073442,1,Fixed
12,80.13520582702486,41.050482134835654,89,3.8285180350437216,9,2468.582052702026,1,RL
12,80.13520582702486,41.050482134835654,90,4.033144880954766,14,3187.387071265497,1,Fixed
12,80.13520582702486,41.050482134835654,90,14.366251306620436,11,2822.842099354158,1,RL
12,80.13520582702486,41.050482134835654,91,10.592821199265487,12,2626.773362693526,1,Fixed
12,80.13520582702486,41.050482134835654,91,10.25781255216888,13,2859.536574491836,1,RL
12,80.13520582702486,41.050482134835654,92,10.854059584986588,12,2923.8970209264126,1,Fixed
12,80.13520582702486,41.050482134835654,92,14.486894904509395,11,3015.5312470569775,1,RL
12,80.13520582702486,41.050482134835654,93,16.043331772191525,13,2644.803238914615,1,Fixed
12,80.13520582702486,41.050482134835654,93,16.005029604323923,12,2783.8479581134407,1,RL
12,80.13520582702486,41.050482134835654,94,16.14224253914319,13,3066.816565937666,1,Fixed
12,80.13520582702486,41.050482134835654,94,13.979468880805062,15,2820.078893180399,1,RL
12,80.13520582702486,41.050482134835654,95,13.996911970227586,13,2480.5463992297755,1,Fixed
12,80.13520582702486,41.050482134835654,95,5.978784604137632,13,2997.108359020303,1,RL
12,80.13520582702486,41.050482134835654,96,14.755006805778677,11,2846.3907094481433,1,Fixed
12,80.13520582702486,41.050482134835654,96,13.104780384916442,4,2360.7943164379394,1,RL
12,80.13520582702486,41.050482134835654,97,21.478703802192886,12,2751.467031076233,1,Fixed
12,80.13520582702486,41.050482134835654,97,15.29015569064218,10,2850.2750690026473,1,RL
12,80.13520582702486,41.050482134835654,98,3.9423090256076256,14,2936.9252828677327,1,Fixed
12,80.13520582702486,41.050482134835654,98,14.003162529707893,10,2569.4195510073982,1,RL
12,80.13520582702486,41.050482134835654,99,12.860740185159628,12,3043.921682798929,1,Fixed
12,80.13520582702486,41.050482134835654,99,8.692465479812231,10,2936.371055899354,1,RL
13,23.008449185747505,40.6082132559771,0,12.041233581484223,14,2655.4519986701894,1,Fixed
13,23.008449185747505,40.6082132559771,0,32.29344449921257,14,4597.633422824143,1,RL
13,23.008449185747505,40.6082132559771,1,13.609678150856814,11,3226.4364079978195,1,Fixed
13,23.008449185747505,40.6082132559771,1,8.518219769751266,9,2654.5914937556445,1,RL
13,23.008449185747505,40.6082132559771,2,9.558221904185809,13,3318.2016049340323,1,Fixed
13,23.008449185747505,40.6082132559771,2,17.070679789381693,13,2926.610157771867,1,RL
13,23.008449185747505,40.6082132559771,3,7.66552663744492,15,2783.4431332844706,1,Fixed
13,23.008449185747505,40.6082132559771,3,8.393229651821935,10,2734.984267913056,1,RL
13,23.008449185747505,40.6082132559771,4,16.910353820709737,13,2889.2292152314844,1,Fixed
13,23.008449185747505,40.6082132559771,4,20.811793927567788,14,2736.126652980698,1,RL
13,23.008449185747505,40.6082132559771,5,12.722170787265053,17,3853.5917756600556,1,Fixed
13,23.008449185747505,40.6082132559771,5,13.62849006847426,14,3114.98170509034,1,RL
13,23.008449185747505,40.6082132559771,6,15.183616356501076,14,2695.8873667409675,1,Fixed
13,23.008449185747505,40.6082132559771,6,21.094080458559947,15,3026.9660776866913,1,RL
13,23.008449185747505,40.6082132559771,7,6.468968011754562,13,3409.5283083826016,1,Fixed
13,23.008449185747505,40.6082132559771,7,21.488925692843157,10,3461.2919180769377,1,RL
13,23.008449185747505,40.6082132559771,8,15.816263033232786,12,2612.4231494461965,1,Fixed
13,23.008449185747505,40.6082132559771,8,10.325733179824615,9,3125.898162993602,1,RL
13,23.008449185747505,40.6082132559771,9,13.678619310693145,11,2985.7952597761428,1,Fixed
13,23.008449185747505,40.6082132559771,9,20.047003438705666,14,2771.133454678182,1,RL
13,23.008449185747505,40.6082132559771,10,8.569191903411818,10,3004.258996083833,1,Fixed
13,23.008449185747505,40.6082132559771,10,9.059564386798982,12,3227.062949788829,1,RL
13,23.008449185747505,40.6082132559771,11,20.304859044929756,14,2953.263985671324,1,Fixed
13,23.008449185747505,40.6082132559771,11,13.045028505835907,15,2728.877929027757,1,RL
13,23.008449185747505,40.6082132559771,12,14.103210268772633,11,2829.991046994237,1,Fixed
13,23.008449185747505,40.6082132559771,12,14.586625079475832,17,3443.7529363398708,1,RL
13,23.008449185747505,40.6082132559771,13,22.158937646300792,7,2662.7814676597172,1,Fixed
13,23.008449185747505,40.6082132559771,13,6.696883574444828,13,2580.6249908580244,1,RL
13,23.008449185747505,40.6082132559771,14,10.996794052411776,9,2469.170645331339,1,Fixed
13,23.008449185747505,40.6082132559771,14,8.498400668469042,11,2571.1035525442026,1,RL
13,23.008449185747505,40.6082132559771,15,6.325005337158404,8,2543.9612508269365,1,Fixed
13,23.008449185747505,40.6082132559771,15,15.593701322736209,16,3323.77148118739,1,RL
13,23.008449185747505,40.6082132559771,16,4.454300888942991,14,3069.670041007849,1,Fixed
13,23.008449185747505,40.6082132559771,16,4.3187541134094065,12,2792.156658650408,1,RL
13,23.008449185747505,40.6082132559771,17,13.639974031928881,15,3077.0145381709663,1,Fixed
13,23.008449185747505,40.6082132559771,17,9.95193219744805,15,2981.5108171047386,1,RL
13,23.008449185747505,40.6082132559771,18,19.56217069337507,15,3896.258447900014,1,Fixed
13,23.008449185747505,40.6082132559771,18,4.2972352057018215,13,3341.846540853292,1,RL
13,23.008449185747505,40.6082132559771,19,10.23618532768954,13,2984.6661299554266,1,Fixed
13,23.008449185747505,40.6082132559771,19,16.04126806062157,15,3361.1895998901527,1,RL
13,23.008449185747505,40.6082132559771,20,12.065721684404524,15,3282.7960930751383,1,Fixed
13,23.008449185747505,40.6082132559771,20,21.710396878315926,9,2295.421524536425,1,RL
13,23.008449185747505,40.6082132559771,21,10.292688694491392,12,2612.114912594265,1,Fixed
13,23.008449185747505,40.6082132559771,21,14.964493918500025,12,3205.6240088314453,1,RL
13,23.008449185747505,40.6082132559771,22,12.19669309822545,9,2967.2967983546196,1,Fixed
13,23.008449185747505,40.6082132559771,22,12.207657738798922,12,2939.180790640865,1,RL
13,23.008449185747505,40.6082132559771,23,10.657300416903496,14,2789.923056525324,1,Fixed
13,23.008449185747505,40.6082132559771,23,8.612033558215105,10,2800.158049128404,1,RL
13,23.008449185747505,40.6082132559771,24,9.826713396455748,14,2531.780113706907,1,Fixed
13,23.008449185747505,40.6082132559771,24,18.784701040604826,16,3335.75250945135,1,RL
13,23.008449185747505,40.6082132559771,25,17.122677119547454,12,2983.0353831937905,1,Fixed
13,23.008449185747505,40.6082132559771,25,9.918641625390139,13,2660.578862160729,1,RL
13,23.008449185747505,40.6082132559771,26,10.158672540177344,12,2606.426911302047,1,Fixed
13,23.008449185747505,40.6082132559771,26,4.555356326785675,10,2664.81956436766,1,RL
13,23.008449185747505,40.6082132559771,27,10.712299053929346,13,2754.0613185254433,1,Fixed
13,23.008449185747505,40.6082132559771,27,14.350302211090598,14,3493.303750663548,1,RL
13,23.008449185747505,40.6082132559771,28,3.532456115183085,15,3154.10966729963,1,Fixed
13,23.008449185747505,40.6082132559771,28,19.366969664887957,15,3042.773335341049,1,RL
13,23.008449185747505,40.6082132559771,29,11.912060285685564,16,2895.7946493674995,1,Fixed
13,23.008449185747505,40.6082132559771,29,12.611272953336947,15,3244.1356490757253,1,RL
13,23.008449185747505,40.6082132559771,30,12.032244597939101,10,2985.7438977536845,1,Fixed
13,23.008449185747505,40.6082132559771,30,9.149851919567688,16,3585.0561697564813,1,RL
13,23.008449185747505,40.6082132559771,31,16.982645203256663,14,3215.925561542102,1,Fixed
13,23.008449185747505,40.6082132559771,31,18.66331595107151,12,2388.285006913114,1,RL
13,23.008449185747505,40.6082132559771,32,6.6907963591604105,14,2817.1104470394885,1,Fixed
13,23.008449185747505,40.6082132559771,32,9.769637720780011,16,2844.4449075388916,1,RL
13,23.008449185747505,40.6082132559771,33,14.405417666815996,11,2936.67709206251,1,Fixed
13,23.008449185747505,40.6082132559771,33,13.010621889589302,13,2835.4708925288874,1,RL
13,23.008449185747505,40.6082132559771,34,7.362140918237385,9,2917.5544078643675,1,Fixed
13,23.008449185747505,40.6082132559771,34,8.729267893381033,12,2880.072302360425,1,RL
13,23.008449185747505,40.6082132559771,35,10.032224554887597,14,2888.4321729105573,1,Fixed
13,23.008449185747505,40.6082132559771,35,7.406893357623997,13,2889.980795143716,1,RL
13,23.008449185747505,40.6082132559771,36,14.003666955722128,13,2800.4625602514893,1,Fixed
13,23.008449185747505,40.6082132559771,36,18.76255903393389,11,2530.8601944333864,1,RL
13,23.008449185747505,40.6082132559771,37,19.15173572574694,13,3071.8232051355412,1,Fixed
13,23.008449185747505,40.6082132559771,37,16.793756432551042,9,2403.0872480129765,1,RL
13,23.008449185747505,40.6082132559771,38,9.085916959126614,13,3036.4628054694726,1,Fixed
13,23.008449185747505,40.6082132559771,38,10.69633195234428,9,2480.9769061955276,1,RL
13,23.008449185747505,40.6082132559771,39,13.127328528638051,14,2970.943862092634,1,Fixed
13,23.008449185747505,40.6082132559771,39,12.8484424192946,13,2825.1419498322643,1,RL
13,23.008449185747505,40.6082132559771,40,7.8958524023283,13,2625.307196306357,1,Fixed
13,23.008449185747505,40.6082132559771,40,17.348818976401272,14,3072.275999242634,1,RL
13,23.008449185747505,40.6082132559771,41,9.517514349282985,14,2920.946378823941,1,Fixed
13,23.008449185747505,40.6082132559771,41,6.232815917041028,10,2959.7226969653966,1,RL
13,23.008449185747505,40.6082132559771,42,6.182593858138575,8,2469.742148373452,1,Fixed
13,23.008449185747505,40.6082132559771,42,7.756944606790752,12,2743.173709136836,1,RL
13,23.008449185747505,40.6082132559771,43,5.836427653155697,11,2853.0088825875287,1,Fixed
13,23.008449185747505,40.6082132559771,43,9.002597250506389,13,3021.763583511341,1,RL
13,23.008449185747505,40.6082132559771,44,7.263767710418605,11,2714.44246171415,1,Fixed
13,23.008449185747505,40.6082132559771,44,8.740600449061436,10,3225.03421511317,1,RL
13,23.008449185747505,40.6082132559771,45,13.747976321729244,13,2916.9617802529715,1,Fixed
13,23.008449185747505,40.6082132559771,45,5.82106486925835,10,3084.8633271794192,1,RL
13,23.008449185747505,40.6082132559771,46,2.888084327648734,7,2326.623944878096,1,Fixed
13,23.008449185747505,40.6082132559771,46,21.956146939596316,14,3629.0619473280935,1,RL
13,23.008449185747505,40.6082132559771,47,6.282887527768966,13,2504.0069314965695,1,Fixed
13,23.008449185747505,40.6082132559771,47,9.866768313761789,11,3376.2786886954887,1,RL
13,23.008449185747505,40.6082132559771,48,3.6020783179468125,11,3172.6090699324495,1,Fixed
13,23.008449185747505,40.6082132559771,48,20.958548931110165,14,3091.14676869982,1,RL
13,23.008449185747505,40.6082132559771,49,16.008972891255134,12,3491.2650296641486,1,Fixed
13,23.008449185747505,40.6082132559771,49,15.70511134632348,14,2958.276570550395,1,RL
13,23.008449185747505,40.6082132559771,50,11.932245126007242,11,2971.177080724685,1,Fixed
13,23.008449185747505,40.6082132559771,50,19.580996658448832,18,4263.803597234686,1,RL
13,23.008449185747505,40.6082132559771,51,13.125549195440005,10,2709.7581723631583,1,Fixed
13,23.008449185747505,40.6082132559771,51,7.030509139850153,15,2980.963057093437,1,RL
13,23.008449185747505,40.6082132559771,52,11.34275454686374,12,2743.2539246713914,1,Fixed
13,23.008449185747505,40.6082132559771,52,12.817723116809384,14,2612.28832956166,1,RL
13,23.008449185747505,40.6082132559771,53,17.12668811123843,14,2745.3946002806742,1,Fixed
13,23.008449185747505,40.6082132559771,53,18.497014550829128,9,2854.687268705726,1,RL
13,23.008449185747505,40.6082132559771,54,20.32637932491942,11,2714.6721849048836,1,Fixed
13,23.008449185747505,40.6082132559771,54,8.96439410308492,16,3322.6618692450847,1,RL
13,23.008449185747505,40.6082132559771,55,9.008732525862253,15,3720.362383407897,1,Fixed
13,23.008449185747505,40.6082132559771,55,20.15332809420744,10,3441.2382309282157,1,RL
13,23.008449185747505,40.6082132559771,56,9.625601978911718,11,3383.429718295624,1,Fixed
13,23.008449185747505,40.6082132559771,56,14.897270728315338,12,3017.325629254847,1,RL
13,23.008449185747505,40.6082132559771,57,25.936319342888005,16,3328.865832585966,1,Fixed
13,23.008449185747505,40.6082132559771,57,5.233903344837328,12,3232.2941120797127,1,RL
13,23.008449185747505,40.6082132559771,58,9.85582760337007,12,3133.414440491975,1,Fixed
13,23.008449185747505,40.6082132559771,58,15.884127596406236,10,2932.184050004498,1,RL
13,23.008449185747505,40.6082132559771,59,7.38340891998475,11,2843.1970674164077,1,Fixed
13,23.008449185747505,40.6082132559771,59,6.613876240633315,16,2931.8076341245674,1,RL
13,23.008449185747505,40.6082132559771,60,6.850028090984582,13,2777.428443757399,1,Fixed
13,23.008449185747505,40.6082132559771,60,14.281870944655441,10,2755.1837671696617,1,RL
13,23.008449185747505,40.6082132559771,61,22.14756112441128,15,2695.551791071781,1,Fixed
13,23.008449185747505,40.6082132559771,61,8.351128641311979,10,2208.788236825581,1,RL
13,23.008449185747505,40.6082132559771,62,4.527235716537491,12,2688.9530367140947,1,Fixed
13,23.008449185747505,40.6082132559771,62,7.008459130197497,12,2706.42237426872,1,RL
13,23.008449185747505,40.6082132559771,63,14.78771042445623,13,3250.699932344917,1,Fixed
13,23.008449185747505,40.6082132559771,63,7.32058111742907,12,3287.5916649970463,1,RL
13,23.008449185747505,40.6082132559771,64,15.351346626051804,14,2761.9320647190602,1,Fixed
13,23.008449185747505,40.6082132559771,64,7.115635526394833,14,2649.4482392708037,1,RL
13,23.008449185747505,40.6082132559771,65,14.061587200810774,11,3056.726282870579,1,Fixed
13,23.008449185747505,40.6082132559771,65,11.550602611622267,13,3399.530048992889,1,RL
13,23.008449185747505,40.6082132559771,66,15.346990906139188,13,2994.420373300084,1,Fixed
13,23.008449185747505,40.6082132559771,66,5.292029570348992,11,2765.419411996643,1,RL
13,23.008449185747505,40.6082132559771,67,10.728933862337067,13,2840.0439118274217,1,Fixed
13,23.008449185747505,40.6082132559771,67,14.30319887041955,12,3317.020396404277,1,RL
13,23.008449185747505,40.6082132559771,68,4.539066939441989,14,2849.767503580176,1,Fixed
13,23.008449185747505,40.6082132559771,68,10.086832695635588,10,3240.6429847095424,1,RL
13,23.008449185747505,40.6082132559771,69,25.79156598949408,15,3015.8901232903786,1,Fixed
13,23.008449185747505,40.6082132559771,69,15.813511323039034,13,2906.199975018873,1,RL
13,23.008449185747505,40.6082132559771,70,21.053301894009692,12,3015.6939824748497,1,Fixed
13,23.008449185747505,40.6082132559771,70,27.354745587019274,14,3032.894424077356,1,RL
13,23.008449185747505,40.6082132559771,71,15.501305580937517,14,3163.4255331602008,1,Fixed
13,23.008449185747505,40.6082132559771,71,16.520219672834855,16,2833.708409229542,1,RL
13,23.008449185747505,40.6082132559771,72,11.858215859441191,15,3134.393681910708,1,Fixed
13,23.008449185747505,40.6082132559771,72,19.14220911948896,15,3397.079626257866,1,RL
13,23.008449185747505,40.6082132559771,73,14.253497258960214,14,2565.0437453637946,1,Fixed
13,23.008449185747505,40.6082132559771,73,11.24534622295173,9,2145.7429413467958,1,RL
13,23.008449185747505,40.6082132559771,74,17.5314442561833,14,2850.2666132474737,1,Fixed
13,23.008449185747505,40.6082132559771,74,4.938474520754999,14,2647.9245390634005,1,RL
13,23.008449185747505,40.6082132559771,75,23.723511779657926,12,3322.2100729494873,1,Fixed
13,23.008449185747505,40.6082132559771,75,19.96972925809126,16,3455.9637514727297,1,RL
13,23.008449185747505,40.6082132559771,76,15.571428850982404,11,2753.5918574656093,1,Fixed
13,23.008449185747505,40.6082132559771,76,16.588726142970433,14,2879.5415934179596,1,RL
13,23.008449185747505,40.6082132559771,77,6.879345027978791,13,2544.1276691928997,1,Fixed
13,23.008449185747505,40.6082132559771,77,11.17237474970367,14,3328.895007153385,1,RL
13,23.008449185747505,40.6082132559771,78,14.519292052077196,10,2824.7815172909095,1,Fixed
13,23.008449185747505,40.6082132559771,78,7.403456118296054,12,2856.08608064742,1,RL
13,23.008449185747505,40.6082132559771,79,3.0582246995058804,10,2067.3844128186124,1,Fixed
13,23.008449185747505,40.6082132559771,79,13.305056876099172,9,3127.8189358055483,1,RL
13,23.008449185747505,40.6082132559771,80,8.128285496932907,15,3313.3757160040755,1,Fixed
13,23.008449185747505,40.6082132559771,80,17.310538732446364,11,2984.122305250221,1,RL
13,23.008449185747505,40.6082132559771,81,13.152476007986483,12,2671.266405086861,1,Fixed
13,23.008449185747505,40.6082132559771,81,5.754179485795531,11,2951.5415210829824,1,RL
13,23.008449185747505,40.6082132559771,82,10.109864653398171,16,2904.2193655735086,1,Fixed
13,23.008449185747505,40.6082132559771,82,5.278809063339871,10,2715.9027600788113,1,RL
13,23.008449185747505,40.6082132559771,83,14.092849704084788,9,2709.105293299411,1,Fixed
13,23.008449185747505,40.6082132559771,83,10.572809147879376,8,2450.611206588599,1,RL
13,23.008449185747505,40.6082132559771,84,14.767586838657587,11,2700.9378196519906,1,Fixed
13,23.008449185747505,40.6082132559771,84,20.053995245672315,15,2989.659771415398,1,RL
13,23.008449185747505,40.6082132559771,85,11.438108343420781,4,1943.0217808320438,1,Fixed
13,23.008449185747505,40.6082132559771,85,8.443849195680107,14,3028.052653288175,1,RL
13,23.008449185747505,40.6082132559771,86,3.590743449874992,8,2460.6062815498412,1,Fixed
13,23.008449185747505,40.6082132559771,86,9.849251100890855,13,2659.698840474127,1,RL
13,23.008449185747505,40.6082132559771,87,7.825687223965664,13,3084.5420494075893,1,Fixed
13,23.008449185747505,40.6082132559771,87,12.649452109751651,12,2868.7018609432926,1,RL
13,23.008449185747505,40.6082132559771,88,18.28520009918318,14,2944.09115882662,1,Fixed
13,23.008449185747505,40.6082132559771,88,6.497445036428642,11,3029.762126757347,1,RL
13,23.008449185747505,40.6082132559771,89,6.552102538174016,16,3421.407717682614,1,Fixed
13,23.008449185747505,40.6082132559771,89,6.023166477437783,10,2939.2614592190657,1,RL
13,23.008449185747505,40.6082132559771,90,13.00600205556266,12,3144.65426537412,1,Fixed
13,23.008449185747505,40.6082132559771,90,7.345627891080912,9,2769.050806899876,1,RL
13,23.008449185747505,40.6082132559771,91,10.48474616174622,9,2587.361309404107,1,Fixed
13,23.008449185747505,40.6082132559771,91,11.586887260167234,10,3046.9505412949898,1,RL
13,23.008449185747505,40.6082132559771,92,17.830608478279327,14,3023.3469317210115,1,Fixed
13,23.008449185747505,40.6082132559771,92,18.023030351531187,9,2655.499630964885,1,RL
13,23.008449185747505,40.6082132559771,93,15.945434105596558,10,3224.612865809394,1,Fixed
13,23.008449185747505,40.6082132559771,93,11.970051704960945,12,2831.6485105845713,1,RL
13,23.008449185747505,40.6082132559771,94,18.395434114340368,13,3218.5104025077276,1,Fixed
13,23.008449185747505,40.6082132559771,94,16.262303792345946,13,3283.5506705401986,1,RL
13,23.008449185747505,40.6082132559771,95,6.800368023984501,12,2891.956079742341,1,Fixed
13,23.008449185747505,40.6082132559771,95,3.8239814579345697,6,2211.0411231492308,1,RL
13,23.008449185747505,40.6082132559771,96,15.37399970457258,12,2930.8865388914633,1,Fixed
13,23.008449185747505,40.6082132559771,96,5.811569049906709,10,3343.675550908077,1,RL
13,23.008449185747505,40.6082132559771,97,11.415429423056445,15,3377.9755144397204,1,Fixed
13,23.008449185747505,40.6082132559771,97,21.489857198324962,14,3062.6175610739656,1,RL
13,23.008449185747505,40.6082132559771,98,19.01926156626751,12,3185.6236096522466,1,Fixed
13,23.008449185747505,40.6082132559771,98,17.501466274587024,14,2985.2224217979915,1,RL
13,23.008449185747505,40.6082132559771,99,13.90824874052941,13,2797.939857954252,1,Fixed
13,23.008449185747505,40.6082132559771,99,13.707365768950098,12,3049.3583640905317,1,RL
14,82.62173757752201,22.763253581939235,0,14.788592748318043,11,3268.335497997747,1,Fixed
14,82.62173757752201,22.763253581939235,0,16.37306257593884,11,2816.773027045479,1,RL
14,82.62173757752201,22.763253581939235,1,15.77610700742438,12,3069.0618309216948,1,Fixed
14,82.62173757752201,22.763253581939235,1,19.72267972149104,11,2816.883868665614,1,RL
14,82.62173757752201,22.763253581939235,2,8.7848987283051,16,3723.018614903141,1,Fixed
14,82.62173757752201,22.763253581939235,2,9.468952576102003,11,2559.5214071683185,1,RL
14,82.62173757752201,22.763253581939235,3,3.343422701330708,8,2292.941791776051,1,Fixed
14,82.62173757752201,22.763253581939235,3,8.784128414914328,12,2597.9338614142953,1,RL
14,82.62173757752201,22.763253581939235,4,19.467567490280366,13,2688.036131711644,1,Fixed
14,82.62173757752201,22.763253581939235,4,4.731123230668748,11,2839.686586481457,1,RL
14,82.62173757752201,22.763253581939235,5,6.627751779018493,13,3419.848835114657,1,Fixed
14,82.62173757752201,22.763253581939235,5,17.326446890239584,16,3219.957277867692,1,RL
14,82.62173757752201,22.763253581939235,6,4.306252108229043,13,3248.753438951414,1,Fixed
14,82.62173757752201,22.763253581939235,6,13.85953887051927,11,2798.642150823084,1,RL
14,82.62173757752201,22.763253581939235,7,14.147564668573768,13,2867.237955040458,1,Fixed
14,82.62173757752201,22.763253581939235,7,13.971353954227173,14,2944.830920604845,1,RL
14,82.62173757752201,22.763253581939235,8,14.685689411799391,8,2579.9458593012114,1,Fixed
14,82.62173757752201,22.763253581939235,8,21.793695191937513,15,2897.465424438809,1,RL
14,82.62173757752201,22.763253581939235,9,3.4219183415731593,13,2333.195858643094,1,Fixed
14,82.62173757752201,22.763253581939235,9,6.7837873622162395,13,3495.494576305204,1,RL
14,82.62173757752201,22.763253581939235,10,16.98678349260045,14,2728.3654110821844,1,Fixed
14,82.62173757752201,22.763253581939235,10,19.130387483863057,8,2343.210832989349,1,RL
14,82.62173757752201,22.763253581939235,11,22.27785498974493,16,2850.243948956272,1,Fixed
14,82.62173757752201,22.763253581939235,11,5.984983288623096,10,2670.527545415031,1,RL
14,82.62173757752201,22.763253581939235,12,10.040110533009535,8,2624.760355399902,1,Fixed
14,82.62173757752201,22.763253581939235,12,17.04870768618407,12,2758.885795270076,1,RL
14,82.62173757752201,22.763253581939235,13,9.79965804367497,15,2875.5954093903465,1,Fixed
14,82.62173757752201,22.763253581939235,13,7.790763399234628,13,2551.500836831582,1,RL
14,82.62173757752201,22.763253581939235,14,8.270749978838897,8,2648.374474514864,1,Fixed
14,82.62173757752201,22.763253581939235,14,5.064404452916349,13,2509.107453524765,1,RL
14,82.62173757752201,22.763253581939235,15,21.872979834529005,13,3388.530216342773,1,Fixed
14,82.62173757752201,22.763253581939235,15,14.008550545929932,16,3171.3978203126103,1,RL
14,82.62173757752201,22.763253581939235,16,7.086228273025202,13,2448.808387209329,1,Fixed
14,82.62173757752201,22.763253581939235,16,9.694521342342643,11,2649.6945713689074,1,RL
14,82.62173757752201,22.763253581939235,17,11.78334507667574,12,3015.4632109234517,1,Fixed
14,82.62173757752201,22.763253581939235,17,4.00335067388381,13,2708.87438014678,1,RL
14,82.62173757752201,22.763253581939235,18,3.4509637644248286,13,2657.950000017167,1,Fixed
14,82.62173757752201,22.763253581939235,18,5.70082239609905,12,2683.5173991179367,1,RL
14,82.62173757752201,22.763253581939235,19,9.999918639350213,11,2770.237934546784,1,Fixed
14,82.62173757752201,22.763253581939235,19,12.643566219995018,13,3797.9000055766614,1,RL
14,82.62173757752201,22.763253581939235,20,6.261796877043731,11,2453.827748548484,1,Fixed
14,82.62173757752201,22.763253581939235,20,5.524925040239153,13,3606.455672498196,1,RL
14,82.62173757752201,22.763253581939235,21,15.728812916062498,13,2384.952230534086,1,Fixed
14,82.62173757752201,22.763253581939235,21,20.35012605452331,12,2650.51603650547,1,RL
14,82.62173757752201,22.763253581939235,22,5.224305377549574,13,2928.369429240331,1,Fixed
14,82.62173757752201,22.763253581939235,22,3.4205651478559673,6,2597.6998621362914,1,RL
14,82.62173757752201,22.763253581939235,23,15.315655552082996,10,2708.3253963219477,1,Fixed
14,82.62173757752201,22.763253581939235,23,8.406577903776096,15,4034.5008326279426,1,RL
14,82.62173757752201,22.763253581939235,24,3.613492208570888,9,2471.701668102365,1,Fixed
14,82.62173757752201,22.763253581939235,24,12.25179341076084,15,3415.561144414077,1,RL
14,82.62173757752201,22.763253581939235,25,3.823234055265826,11,2567.8038444744834,1,Fixed
14,82.62173757752201,22.763253581939235,25,15.268507278219682,12,2638.226141228719,1,RL
14,82.62173757752201,22.763253581939235,26,4.560640037182928,10,3040.8118697962263,1,Fixed
14,82.62173757752201,22.763253581939235,26,18.251459045368243,14,3283.6089288235175,1,RL
14,82.62173757752201,22.763253581939235,27,3.22161901356678,11,2733.3593733350235,1,Fixed
14,82.62173757752201,22.763253581939235,27,2.949393663421466,10,2614.3429470261967,1,RL
14,82.62173757752201,22.763253581939235,28,15.140171527236195,14,3277.333431410015,1,Fixed
14,82.62173757752201,22.763253581939235,28,8.216316816894329,10,2654.600449552051,1,RL
14,82.62173757752201,22.763253581939235,29,20.847932672580306,12,3096.8009706865105,1,Fixed
14,82.62173757752201,22.763253581939235,29,9.274762090679175,11,2649.7398446061843,1,RL
14,82.62173757752201,22.763253581939235,30,4.855429427203253,11,2436.6771498198223,1,Fixed
14,82.62173757752201,22.763253581939235,30,14.36865607077291,12,3037.615601976277,1,RL
14,82.62173757752201,22.763253581939235,31,4.2824276498837675,12,3006.1755675870577,1,Fixed
14,82.62173757752201,22.763253581939235,31,23.563390473717675,12,3336.9271715716404,1,RL
14,82.62173757752201,22.763253581939235,32,3.244859059651018,11,2526.9658586861888,1,Fixed
14,82.62173757752201,22.763253581939235,32,26.239470485275216,15,3189.8275641357636,1,RL
14,82.62173757752201,22.763253581939235,33,19.86236130836884,10,3233.6358431604067,1,Fixed
14,82.62173757752201,22.763253581939235,33,22.6761573937906,11,3092.1828195791372,1,RL
14,82.62173757752201,22.763253581939235,34,30.24086213896616,14,2949.9534809866864,1,Fixed
14,82.62173757752201,22.763253581939235,34,6.172468111484307,12,2422.9189391580608,1,RL
14,82.62173757752201,22.763253581939235,35,12.1065472172221,13,2898.149957300465,1,Fixed
14,82.62173757752201,22.763253581939235,35,6.142947499521447,13,4007.9829549323617,1,RL
14,82.62173757752201,22.763253581939235,36,15.632250083153323,15,3279.3655532274097,1,Fixed
14,82.62173757752201,22.763253581939235,36,10.224888343036344,13,2554.9434147276793,1,RL
14,82.62173757752201,22.763253581939235,37,17.779394676488813,14,2949.5435961500275,1,Fixed
14,82.62173757752201,22.763253581939235,37,7.725567471686247,11,2891.44829754006,1,RL
14,82.62173757752201,22.763253581939235,38,10.699340297869428,11,2857.9748370955313,1,Fixed
14,82.62173757752201,22.763253581939235,38,6.378023696462004,13,2668.4380901719082,1,RL
14,82.62173757752201,22.763253581939235,39,14.078737061896424,15,3285.1198886636557,1,Fixed
14,82.62173757752201,22.763253581939235,39,28.25171580186671,13,2803.4483002446127,1,RL
14,82.62173757752201,22.763253581939235,40,2.48862144780474,6,2109.2751919495918,1,Fixed
14,82.62173757752201,22.763253581939235,40,13.463134038477572,10,3576.765102381144,1,RL
14,82.62173757752201,22.763253581939235,41,14.343298715563048,13,2940.4851334653295,1,Fixed
14,82.62173757752201,22.763253581939235,41,3.3086231348903907,11,2959.403922060981,1,RL
14,82.62173757752201,22.763253581939235,42,10.551270436115132,13,2970.4688699190233,1,Fixed
14,82.62173757752201,22.763253581939235,42,6.672401125285575,9,2722.248695394779,1,RL
14,82.62173757752201,22.763253581939235,43,4.772558163645983,13,2862.4796247805043,1,Fixed
14,82.62173757752201,22.763253581939235,43,3.4847225814697866,12,2120.27457196676,1,RL
14,82.62173757752201,22.763253581939235,44,8.89094947532337,14,2928.58058386605,1,Fixed
14,82.62173757752201,22.763253581939235,44,3.4337362556649444,12,2713.317598024878,1,RL
14,82.62173757752201,22.763253581939235,45,6.214762876198123,12,2665.673824189533,1,Fixed
14,82.62173757752201,22.763253581939235,45,9.417974280278113,12,3156.4283770275733,1,RL
14,82.62173757752201,22.763253581939235,46,3.1004468178234412,13,3193.5485467000835,1,Fixed
14,82.62173757752201,22.763253581939235,46,5.748052818139743,15,2647.817561488686,1,RL
14,82.62173757752201,22.763253581939235,47,18.642996596353836,12,2924.6873511818803,1,Fixed
14,82.62173757752201,22.763253581939235,47,14.954395773107455,13,2531.508841713126,1,RL
14,82.62173757752201,22.763253581939235,48,4.197736109577351,15,3022.9504899705016,1,Fixed
14,82.62173757752201,22.763253581939235,48,5.070811940576229,14,2230.655081834705,1,RL
14,82.62173757752201,22.763253581939235,49,12.71596412838933,11,2737.6753603880156,1,Fixed
14,82.62173757752201,22.763253581939235,49,5.762254392446745,14,2842.138959904503,1,RL
14,82.62173757752201,22.763253581939235,50,5.042042323702975,9,3242.6838307425573,1,Fixed
14,82.62173757752201,22.763253581939235,50,20.941141211886375,12,2844.1224710271886,1,RL
14,82.62173757752201,22.763253581939235,51,4.157188594914883,13,2874.406949330117,1,Fixed
14,82.62173757752201,22.763253581939235,51,6.405436465474516,6,2430.7222803882487,1,RL
14,82.62173757752201,22.763253581939235,52,9.024062162824523,12,2662.5384173038087,1,Fixed
14,82.62173757752201,22.763253581939235,52,4.30725224607659,11,2336.5519253140433,1,RL
14,82.62173757752201,22.763253581939235,53,16.2235516060717,9,2816.481411565946,1,Fixed
14,82.62173757752201,22.763253581939235,53,15.370867338095028,15,3203.1989696867245,1,RL
14,82.62173757752201,22.763253581939235,54,7.626488776832501,12,2794.5572966900213,1,Fixed
14,82.62173757752201,22.763253581939235,54,7.189389090813094,13,1970.7480206564783,1,RL
14,82.62173757752201,22.763253581939235,55,16.729282536966085,12,2551.639945449814,1,Fixed
14,82.62173757752201,22.763253581939235,55,16.593985179625694,15,3410.6198489765284,1,RL
14,82.62173757752201,22.763253581939235,56,16.962379583498112,13,2871.579840543181,1,Fixed
14,82.62173757752201,22.763253581939235,56,17.552241383250866,14,3028.5570412546585,1,RL
14,82.62173757752201,22.763253581939235,57,5.502434369863796,11,2271.467200914943,1,Fixed
14,82.62173757752201,22.763253581939235,57,15.877520241030089,12,2942.0296813099153,1,RL
14,82.62173757752201,22.763253581939235,58,18.01740013124786,14,2789.576972541242,1,Fixed
14,82.62173757752201,22.763253581939235,58,3.5789751470301026,13,2721.036410311434,1,RL
14,82.62173757752201,22.763253581939235,59,6.432693951174471,15,3099.4707641834484,1,Fixed
14,82.62173757752201,22.763253581939235,59,14.409057985947438,15,2828.9069221813447,1,RL
14,82.62173757752201,22.763253581939235,60,3.194007274053539,7,2552.6353800288466,1,Fixed
14,82.62173757752201,22.763253581939235,60,6.6158465263600785,11,2815.852258753767,1,RL
14,82.62173757752201,22.763253581939235,61,10.570034220184818,6,2607.049537267271,1,Fixed
14,82.62173757752201,22.763253581939235,61,15.189699367604486,13,3318.4345589485943,1,RL
14,82.62173757752201,22.763253581939235,62,16.960582841865453,13,3038.2011833961137,1,Fixed
14,82.62173757752201,22.763253581939235,62,10.209492993816301,8,2667.7481640192846,1,RL
14,82.62173757752201,22.763253581939235,63,6.0947894649341565,11,2472.5365791371646,1,Fixed
14,82.62173757752201,22.763253581939235,63,13.027020746500204,13,2793.712531870319,1,RL
14,82.62173757752201,22.763253581939235,64,11.40138974081401,13,2754.4851566800057,1,Fixed
14,82.62173757752201,22.763253581939235,64,20.938836039175236,10,2604.845424024474,1,RL
14,82.62173757752201,22.763253581939235,65,18.316490376840058,11,2808.7711334916835,1,Fixed
14,82.62173757752201,22.763253581939235,65,25.051296107352396,13,3629.5120727198223,1,RL
14,82.62173757752201,22.763253581939235,66,8.022494564803917,15,2893.5180934853956,1,Fixed
14,82.62173757752201,22.763253581939235,66,5.6023968769128345,12,2430.0070073785873,1,RL
14,82.62173757752201,22.763253581939235,67,16.653869862141875,11,2926.2432969027163,1,Fixed
14,82.62173757752201,22.763253581939235,67,16.380486283109114,9,2563.815765864972,1,RL
14,82.62173757752201,22.763253581939235,68,7.520112940730096,11,2867.9428817465787,1,Fixed
14,82.62173757752201,22.763253581939235,68,9.585065367407257,11,2785.896416965705,1,RL
14,82.62173757752201,22.763253581939235,69,15.551479717682383,13,2665.657775599889,1,Fixed
14,82.62173757752201,22.763253581939235,69,16.086645417706755,12,2969.9909585867676,1,RL
14,82.62173757752201,22.763253581939235,70,7.274204350486757,12,2841.5040888804374,1,Fixed
14,82.62173757752201,22.763253581939235,70,4.40647821660089,10,2387.9378827202677,1,RL
14,82.62173757752201,22.763253581939235,71,25.63779938616933,15,2973.079467245737,1,Fixed
14,82.62173757752201,22.763253581939235,71,13.529183152598716,11,2633.8121291240855,1,RL
14,82.62173757752201,22.763253581939235,72,4.9925445942650954,12,3108.106135523688,1,Fixed
14,82.62173757752201,22.763253581939235,72,16.985094248630485,13,3404.566130868733,1,RL
14,82.62173757752201,22.763253581939235,73,7.7724540177393475,10,2387.6684078713815,1,Fixed
14,82.62173757752201,22.763253581939235,73,5.543690857864016,7,2299.9589866983233,1,RL
14,82.62173757752201,22.763253581939235,74,19.568791030441528,12,3134.4206967603473,1,Fixed
14,82.62173757752201,22.763253581939235,74,21.631143421666906,15,3760.7827394128017,1,RL
14,82.62173757752201,22.763253581939235,75,6.648412036707491,14,2999.458903164293,1,Fixed
14,82.62173757752201,22.763253581939235,75,10.854932944665757,13,3104.222100642236,1,RL
14,82.62173757752201,22.763253581939235,76,21.37428529409917,12,2949.1584475480518,1,Fixed
14,82.62173757752201,22.763253581939235,76,17.013215820348737,12,3230.7246003109526,1,RL
14,82.62173757752201,22.763253581939235,77,21.64822361593569,15,3284.735762649965,1,Fixed
14,82.62173757752201,22.763253581939235,77,13.377820216399922,7,2246.6176352072557,1,RL
14,82.62173757752201,22.763253581939235,78,13.072803102114785,14,2793.44322955433,1,Fixed
14,82.62173757752201,22.763253581939235,78,16.603912619619937,11,3020.71866304027,1,RL
14,82.62173757752201,22.763253581939235,79,4.159162673629868,14,2963.8224424551686,1,Fixed
14,82.62173757752201,22.763253581939235,79,2.9464386112987593,11,3035.7056529579704,1,RL
14,82.62173757752201,22.763253581939235,80,13.374876404580615,11,2657.9078952321966,1,Fixed
14,82.62173757752201,22.763253581939235,80,21.15256243102356,16,3308.688660668564,1,RL
14,82.62173757752201,22.763253581939235,81,13.530798834446362,13,3110.1884683573103,1,Fixed
14,82.62173757752201,22.763253581939235,81,8.167215863742863,13,2722.8286874415962,1,RL
14,82.62173757752201,22.763253581939235,82,4.062002653126509,13,3346.85599151625,1,Fixed
14,82.62173757752201,22.763253581939235,82,6.206948366214899,14,2780.4309189067076,1,RL
14,82.62173757752201,22.763253581939235,83,6.960557217556939,15,3310.703041314298,1,Fixed
14,82.62173757752201,22.763253581939235,83,21.565514543286774,9,2706.7046328331407,1,RL
14,82.62173757752201,22.763253581939235,84,7.295884000616392,9,2897.587327487808,1,Fixed
14,82.62173757752201,22.763253581939235,84,14.752496090911063,9,3286.985430304086,1,RL
14,82.62173757752201,22.763253581939235,85,16.458064384871363,13,3143.113409622965,1,Fixed
14,82.62173757752201,22.763253581939235,85,10.849404956201676,15,2966.462309678813,1,RL
14,82.62173757752201,22.763253581939235,86,3.20463952541882,14,2440.6987683480265,1,Fixed
14,82.62173757752201,22.763253581939235,86,12.2942892582658,6,2592.2627526222514,1,RL
14,82.62173757752201,22.763253581939235,87,8.813489531613977,11,2733.343270899664,1,Fixed
14,82.62173757752201,22.763253581939235,87,4.370423301029385,15,2736.978445303496,1,RL
14,82.62173757752201,22.763253581939235,88,16.156422596543422,11,2781.5778785293764,1,Fixed
14,82.62173757752201,22.763253581939235,88,13.622540414192429,15,3696.117493559089,1,RL
14,82.62173757752201,22.763253581939235,89,12.856522716719812,11,2797.8057495900566,1,Fixed
14,82.62173757752201,22.763253581939235,89,14.290721740833996,15,3532.0201897537063,1,RL
14,82.62173757752201,22.763253581939235,90,16.594959610036344,16,3366.507029970666,1,Fixed
14,82.62173757752201,22.763253581939235,90,15.402726036827977,10,3343.064090305311,1,RL
14,82.62173757752201,22.763253581939235,91,300.0,300,3076.6030042465877,0,Fixed
14,82.62173757752201,22.763253581939235,91,4.9967033708080315,12,2560.778281304469,1,RL
14,82.62173757752201,22.763253581939235,92,7.767640411509308,7,2715.2899011679456,1,Fixed
14,82.62173757752201,22.763253581939235,92,11.583051284046263,13,2982.6269042657664,1,RL
14,82.62173757752201,22.763253581939235,93,24.9838451598563,13,2840.3703824800805,1,Fixed
14,82.62173757752201,22.763253581939235,93,12.22312685437267,13,3123.2529408011264,1,RL
14,82.62173757752201,22.763253581939235,94,4.634018913240991,10,3303.2463258364446,1,Fixed
14,82.62173757752201,22.763253581939235,94,5.983726445758326,10,2723.207866799617,1,RL
14,82.62173757752201,22.763253581939235,95,18.60043158497926,13,2790.3348396177817,1,Fixed
14,82.62173757752201,22.763253581939235,95,24.506792641965966,16,2847.7880457789056,1,RL
14,82.62173757752201,22.763253581939235,96,4.5036495177110645,12,2438.3289168919387,1,Fixed
14,82.62173757752201,22.763253581939235,96,6.453388354736579,13,3289.561290127646,1,RL
14,82.62173757752201,22.763253581939235,97,18.563596413051762,13,2785.7403208776395,1,Fixed
14,82.62173757752201,22.763253581939235,97,4.6082804281217555,10,3076.1258930064123,1,RL
14,82.62173757752201,22.763253581939235,98,20.85586789265215,9,2906.706301219171,1,Fixed
14,82.62173757752201,22.763253581939235,98,6.884308489991348,11,2923.431013776357,1,RL
14,82.62173757752201,22.763253581939235,99,4.613977186974214,12,2839.706586167459,1,Fixed
14,82.62173757752201,22.763253581939235,99,5.4455743963611,12,2847.0054558549114,1,RL
15,52.44363458577494,80.60967479607474,0,11.894647718545297,12,2981.7569115895917,1,Fixed
15,52.44363458577494,80.60967479607474,0,14.81005887318789,16,4443.08174970761,1,RL
15,52.44363458577494,80.60967479607474,1,17.975789368906764,12,2654.725214680736,1,Fixed
15,52.44363458577494,80.60967479607474,1,9.648733848778253,10,2490.099930114006,1,RL
15,52.44363458577494,80.60967479607474,2,6.185589602394521,10,2430.131101126539,1,Fixed
15,52.44363458577494,80.60967479607474,2,18.079860024988925,16,3095.659060007802,1,RL
15,52.44363458577494,80.60967479607474,3,16.78700127462618,10,2809.3236559698444,1,Fixed
15,52.44363458577494,80.60967479607474,3,17.77315689665768,12,3034.844100858183,1,RL
15,52.44363458577494,80.60967479607474,4,4.9463332529589525,11,2739.3720614750646,1,Fixed
15,52.44363458577494,80.60967479607474,4,9.451671077079038,10,3035.496592682454,1,RL
15,52.44363458577494,80.60967479607474,5,5.500023113481273,12,2569.369619294376,1,Fixed
15,52.44363458577494,80.60967479607474,5,5.99170459411855,10,2860.66382557077,1,RL
15,52.44363458577494,80.60967479607474,6,17.685645857980315,14,2551.409902246045,1,Fixed
15,52.44363458577494,80.60967479607474,6,11.962743168418005,12,3053.6596792378346,1,RL
15,52.44363458577494,80.60967479607474,7,22.737477813227553,14,3190.857702009947,1,Fixed
15,52.44363458577494,80.60967479607474,7,6.143374822816599,14,2710.079510377508,1,RL
15,52.44363458577494,80.60967479607474,8,13.696721764445874,12,2959.6399998415436,1,Fixed
15,52.44363458577494,80.60967479607474,8,4.761882111669996,12,3246.0810054941994,1,RL
15,52.44363458577494,80.60967479607474,9,20.180886753777603,12,2977.00335656692,1,Fixed
15,52.44363458577494,80.60967479607474,9,15.061772694531225,14,3302.3521879411683,1,RL
15,52.44363458577494,80.60967479607474,10,10.160366066455639,13,2819.1762799763287,1,Fixed
15,52.44363458577494,80.60967479607474,10,12.060389650802355,11,2443.149088777356,1,RL
15,52.44363458577494,80.60967479607474,11,15.13271544513402,12,2380.4857442760217,1,Fixed
15,52.44363458577494,80.60967479607474,11,5.240163471881994,12,3028.33048080672,1,RL
15,52.44363458577494,80.60967479607474,12,13.181495946577456,9,2906.110616955475,1,Fixed
15,52.44363458577494,80.60967479607474,12,15.030261019339545,13,3295.1613241630566,1,RL
15,52.44363458577494,80.60967479607474,13,16.913513282684693,14,2855.979692128242,1,Fixed
15,52.44363458577494,80.60967479607474,13,19.77878750181069,11,2963.938156980699,1,RL
15,52.44363458577494,80.60967479607474,14,19.236565296309642,15,3318.374139906999,1,Fixed
15,52.44363458577494,80.60967479607474,14,12.269705231503178,13,2954.9016536436093,1,RL
15,52.44363458577494,80.60967479607474,15,19.102128761116486,11,2700.598302982888,1,Fixed
15,52.44363458577494,80.60967479607474,15,10.361383312734002,11,2379.2261520280467,1,RL
15,52.44363458577494,80.60967479607474,16,13.383465490107511,10,3077.177734285483,1,Fixed
15,52.44363458577494,80.60967479607474,16,15.22893419664742,9,2873.7524880370147,1,RL
15,52.44363458577494,80.60967479607474,17,13.830937565077559,13,2979.9827920517605,1,Fixed
15,52.44363458577494,80.60967479607474,17,8.256764574363668,10,2613.7241563638418,1,RL
15,52.44363458577494,80.60967479607474,18,7.605190632006638,11,2312.090178729059,1,Fixed
15,52.44363458577494,80.60967479607474,18,18.266561749453096,12,2646.76334699862,1,RL
15,52.44363458577494,80.60967479607474,19,6.949142856291553,14,3235.0919558279998,1,Fixed
15,52.44363458577494,80.60967479607474,19,18.130857377940334,10,2628.3842434982744,1,RL
15,52.44363458577494,80.60967479607474,20,15.561137438268073,10,2797.076762904573,1,Fixed
15,52.44363458577494,80.60967479607474,20,4.828513654873674,14,2994.638669183605,1,RL
15,52.44363458577494,80.60967479607474,21,10.854417675114842,13,2690.2511621366934,1,Fixed
15,52.44363458577494,80.60967479607474,21,19.355154488719084,13,3168.9175484005027,1,RL
15,52.44363458577494,80.60967479607474,22,11.198154150281711,10,2940.0456581638773,1,Fixed
15,52.44363458577494,80.60967479607474,22,5.568615214913143,17,2976.9768033495293,1,RL
15,52.44363458577494,80.60967479607474,23,16.431842011535803,15,2899.61806240045,1,Fixed
15,52.44363458577494,80.60967479607474,23,24.14700580387558,13,2885.0458827054913,1,RL
15,52.44363458577494,80.60967479607474,24,5.590664450710397,12,2629.7380657767494,1,Fixed
15,52.44363458577494,80.60967479607474,24,14.879557651011755,10,3235.8205632838203,1,RL
15,52.44363458577494,80.60967479607474,25,10.84302194495032,8,3114.09707903498,1,Fixed
15,52.44363458577494,80.60967479607474,25,13.377893037506661,13,2664.9471004156194,1,RL
15,52.44363458577494,80.60967479607474,26,11.797066064931098,11,2793.4854899330653,1,Fixed
15,52.44363458577494,80.60967479607474,26,5.0014173989741995,13,2803.90263023845,1,RL
15,52.44363458577494,80.60967479607474,27,9.2839829451183,12,2808.5623806034887,1,Fixed
15,52.44363458577494,80.60967479607474,27,21.285180961939332,13,3274.7036929284354,1,RL
15,52.44363458577494,80.60967479607474,28,16.203497876337213,14,2993.0884402979764,1,Fixed
15,52.44363458577494,80.60967479607474,28,6.402836300188906,9,2723.513668471706,1,RL
15,52.44363458577494,80.60967479607474,29,4.774972623731791,14,3429.3203475885316,1,Fixed
15,52.44363458577494,80.60967479607474,29,24.014941590769514,13,3518.523554739623,1,RL
15,52.44363458577494,80.60967479607474,30,10.03725529646698,11,2923.699682972171,1,Fixed
15,52.44363458577494,80.60967479607474,30,14.015857067820232,12,3005.120495303995,1,RL
15,52.44363458577494,80.60967479607474,31,4.153894749725377,12,2250.961015424189,1,Fixed
15,52.44363458577494,80.60967479607474,31,4.028004138530078,10,2530.071829930409,1,RL
15,52.44363458577494,80.60967479607474,32,13.985014026853506,13,3153.398397661203,1,Fixed
15,52.44363458577494,80.60967479607474,32,17.899984219716217,16,2872.95827149682,1,RL
15,52.44363458577494,80.60967479607474,33,11.170784474091775,10,3134.7722456280167,1,Fixed
15,52.44363458577494,80.60967479607474,33,9.729115369097965,13,2915.52478884117,1,RL
15,52.44363458577494,80.60967479607474,34,13.447919588792189,13,2952.331367145089,1,Fixed
15,52.44363458577494,80.60967479607474,34,16.46644453512836,11,3154.654525136619,1,RL
15,52.44363458577494,80.60967479607474,35,9.695906768949078,16,3280.682464998486,1,Fixed
15,52.44363458577494,80.60967479607474,35,10.018552109516012,8,1931.088479885199,1,RL
15,52.44363458577494,80.60967479607474,36,7.362926910832824,13,2645.89675543729,1,Fixed
15,52.44363458577494,80.60967479607474,36,7.9092034275956085,12,2883.696133425861,1,RL
15,52.44363458577494,80.60967479607474,37,6.182629661988317,10,2542.5754872118664,1,Fixed
15,52.44363458577494,80.60967479607474,37,15.026790812973648,15,3219.4589334803954,1,RL
15,52.44363458577494,80.60967479607474,38,10.962864735385018,10,2712.128489319275,1,Fixed
15,52.44363458577494,80.60967479607474,38,12.343513380903238,11,2702.475968062388,1,RL
15,52.44363458577494,80.60967479607474,39,11.882906201238782,10,3058.279589111222,1,Fixed
15,52.44363458577494,80.60967479607474,39,13.357024335657286,14,3334.4300050246698,1,RL
15,52.44363458577494,80.60967479607474,40,5.696566273113991,10,2509.2239510167055,1,Fixed
15,52.44363458577494,80.60967479607474,40,16.16953757623892,8,3370.6521264797743,1,RL
15,52.44363458577494,80.60967479607474,41,11.717565023864898,8,2440.5769779772354,1,Fixed
15,52.44363458577494,80.60967479607474,41,17.68438501151096,9,3038.5177961500335,1,RL
15,52.44363458577494,80.60967479607474,42,9.509670772663153,12,3304.596327207344,1,Fixed
15,52.44363458577494,80.60967479607474,42,10.902070168200288,14,2747.7851715708853,1,RL
15,52.44363458577494,80.60967479607474,43,5.310486724898545,13,2577.174419888556,1,Fixed
15,52.44363458577494,80.60967479607474,43,8.111014968952095,14,3091.4296587612616,1,RL
15,52.44363458577494,80.60967479607474,44,5.179797922462898,13,3230.9619246489933,1,Fixed
15,52.44363458577494,80.60967479607474,44,6.107104186445459,11,2494.349848933408,1,RL
15,52.44363458577494,80.60967479607474,45,9.48690323522701,10,2481.560658448565,1,Fixed
15,52.44363458577494,80.60967479607474,45,4.714722365147361,9,2368.1049168311524,1,RL
15,52.44363458577494,80.60967479607474,46,8.608423633314516,13,2788.027459672321,1,Fixed
15,52.44363458577494,80.60967479607474,46,11.976364414057183,8,2941.970274620126,1,RL
15,52.44363458577494,80.60967479607474,47,15.213867723558128,11,2840.8146983315264,1,Fixed
15,52.44363458577494,80.60967479607474,47,13.23421525606553,10,3130.9579128401765,1,RL
15,52.44363458577494,80.60967479607474,48,2.9316944545208807,13,3108.8574361450296,1,Fixed
15,52.44363458577494,80.60967479607474,48,4.455071377011529,12,3134.490229611279,1,RL
15,52.44363458577494,80.60967479607474,49,9.393977674955295,11,2853.3148372075293,1,Fixed
15,52.44363458577494,80.60967479607474,49,15.359511457605814,11,2820.805555044565,1,RL
15,52.44363458577494,80.60967479607474,50,6.171827945616391,12,3019.0147489404053,1,Fixed
15,52.44363458577494,80.60967479607474,50,13.861955014181309,9,2705.929954493021,1,RL
15,52.44363458577494,80.60967479607474,51,17.444864061647785,10,2246.0361540894205,1,Fixed
15,52.44363458577494,80.60967479607474,51,3.8072228070235283,11,2497.4454945373927,1,RL
15,52.44363458577494,80.60967479607474,52,5.892741728552323,12,3074.2671472477655,1,Fixed
15,52.44363458577494,80.60967479607474,52,5.700141529985443,12,2221.3218967518333,1,RL
15,52.44363458577494,80.60967479607474,53,15.895054351761868,12,3211.1051556923376,1,Fixed
15,52.44363458577494,80.60967479607474,53,17.642284157504356,15,3086.2286094889714,1,RL
15,52.44363458577494,80.60967479607474,54,7.342698026598886,16,3759.877088815353,1,Fixed
15,52.44363458577494,80.60967479607474,54,15.274308300204567,14,3063.8507171066576,1,RL
15,52.44363458577494,80.60967479607474,55,7.255989555064484,13,2960.0189491460637,1,Fixed
15,52.44363458577494,80.60967479607474,55,8.032326573930325,13,3039.872683969284,1,RL
15,52.44363458577494,80.60967479607474,56,9.223930602428913,12,2451.1045954883475,1,Fixed
15,52.44363458577494,80.60967479607474,56,15.154854670816269,12,3091.941540982832,1,RL
15,52.44363458577494,80.60967479607474,57,9.71657366279817,13,2703.474797562361,1,Fixed
15,52.44363458577494,80.60967479607474,57,14.996362765234746,13,2863.8053299142243,1,RL
15,52.44363458577494,80.60967479607474,58,13.107921017896434,9,2616.8958644139766,1,Fixed
15,52.44363458577494,80.60967479607474,58,11.304306785503368,14,2859.099652853908,1,RL
15,52.44363458577494,80.60967479607474,59,17.5152578639145,14,2881.166699396478,1,Fixed
15,52.44363458577494,80.60967479607474,59,15.386687746831324,10,2477.630810935016,1,RL
15,52.44363458577494,80.60967479607474,60,18.735890941357574,16,3582.707775040023,1,Fixed
15,52.44363458577494,80.60967479607474,60,18.549240954706985,13,3076.223926949646,1,RL
15,52.44363458577494,80.60967479607474,61,14.177076167744342,14,2714.292527627712,1,Fixed
15,52.44363458577494,80.60967479607474,61,6.143236309127211,10,2909.6317633445424,1,RL
15,52.44363458577494,80.60967479607474,62,2.865724149323799,10,2466.654904073075,1,Fixed
15,52.44363458577494,80.60967479607474,62,7.822529928984032,14,2689.496517675977,1,RL
15,52.44363458577494,80.60967479607474,63,4.696728884198075,12,3017.0699961991445,1,Fixed
15,52.44363458577494,80.60967479607474,63,4.733555629448955,13,2929.1309160111973,1,RL
15,52.44363458577494,80.60967479607474,64,13.947194389425084,13,2510.0300277194406,1,Fixed
15,52.44363458577494,80.60967479607474,64,5.403242008402453,11,2931.510827087744,1,RL
15,52.44363458577494,80.60967479607474,65,8.606549396029889,16,2927.185332624344,1,Fixed
15,52.44363458577494,80.60967479607474,65,9.998811014144025,11,2909.510610270604,1,RL
15,52.44363458577494,80.60967479607474,66,16.738536396182496,13,3107.002893497037,1,Fixed
15,52.44363458577494,80.60967479607474,66,6.106028921142473,10,2467.6952593131737,1,RL
15,52.44363458577494,80.60967479607474,67,8.422259887894151,13,2676.997660794045,1,Fixed
15,52.44363458577494,80.60967479607474,67,11.777086256797347,13,2958.03528068559,1,RL
15,52.44363458577494,80.60967479607474,68,15.463032556065482,13,3107.604395386729,1,Fixed
15,52.44363458577494,80.60967479607474,68,12.842170240687759,16,2533.2766625449617,1,RL
15,52.44363458577494,80.60967479607474,69,22.124161747426562,16,3707.0049872973796,1,Fixed
15,52.44363458577494,80.60967479607474,69,10.192200275234937,14,2742.627128974267,1,RL
15,52.44363458577494,80.60967479607474,70,15.196857181875098,15,3624.8688672784465,1,Fixed
15,52.44363458577494,80.60967479607474,70,18.110264395524815,18,4454.645361003138,1,RL
15,52.44363458577494,80.60967479607474,71,2.633848097114657,12,3017.4387082673297,1,Fixed
15,52.44363458577494,80.60967479607474,71,12.729557916130009,13,3526.9513968426054,1,RL
15,52.44363458577494,80.60967479607474,72,17.475126482414225,13,2315.5899840065613,1,Fixed
15,52.44363458577494,80.60967479607474,72,10.193042679552388,13,3081.797058111622,1,RL
15,52.44363458577494,80.60967479607474,73,23.200874647774587,13,2672.4153340738744,1,Fixed
15,52.44363458577494,80.60967479607474,73,14.126753952599813,11,2620.5073050273168,1,RL
15,52.44363458577494,80.60967479607474,74,4.728893784933893,16,3102.8407126665984,1,Fixed
15,52.44363458577494,80.60967479607474,74,12.114116715766563,11,3093.6902668885527,1,RL
15,52.44363458577494,80.60967479607474,75,9.685618737717599,14,2656.2795657858696,1,Fixed
15,52.44363458577494,80.60967479607474,75,22.41472107936365,12,2722.022047285352,1,RL
15,52.44363458577494,80.60967479607474,76,16.587331964420304,13,3278.671449642371,1,Fixed
15,52.44363458577494,80.60967479607474,76,21.471655298817403,17,3039.603320543481,1,RL
15,52.44363458577494,80.60967479607474,77,15.019160340099404,12,2843.4342817317242,1,Fixed
15,52.44363458577494,80.60967479607474,77,19.99574499012297,12,2956.4882478740165,1,RL
15,52.44363458577494,80.60967479607474,78,4.726327053835442,8,2463.6533900380064,1,Fixed
15,52.44363458577494,80.60967479607474,78,23.053425544111956,12,2824.8088998655985,1,RL
15,52.44363458577494,80.60967479607474,79,20.30021450931276,12,3009.19676117092,1,Fixed
15,52.44363458577494,80.60967479607474,79,5.012835893432621,12,2907.1343874818413,1,RL
15,52.44363458577494,80.60967479607474,80,6.016320347369776,10,2295.101863606821,1,Fixed
15,52.44363458577494,80.60967479607474,80,12.673208471826653,15,3012.5901247329707,1,RL
15,52.44363458577494,80.60967479607474,81,14.727860773621867,14,3032.98351769283,1,Fixed
15,52.44363458577494,80.60967479607474,81,15.134360222734776,13,2734.1250050128697,1,RL
15,52.44363458577494,80.60967479607474,82,8.938372576180544,10,3254.7908960137593,1,Fixed
15,52.44363458577494,80.60967479607474,82,11.581841164095879,10,2833.260484340143,1,RL
15,52.44363458577494,80.60967479607474,83,14.828969856764939,13,2789.3376608682524,1,Fixed
15,52.44363458577494,80.60967479607474,83,5.444181870070926,13,2859.862585520323,1,RL
15,52.44363458577494,80.60967479607474,84,8.87719960245496,13,3073.4734798031595,1,Fixed
15,52.44363458577494,80.60967479607474,84,4.882711621547666,10,2115.4898352696837,1,RL
15,52.44363458577494,80.60967479607474,85,10.24848770681312,13,2561.295524550449,1,Fixed
15,52.44363458577494,80.60967479607474,85,3.4969063601086026,11,2826.249473173235,1,RL
15,52.44363458577494,80.60967479607474,86,12.90529484931792,12,2818.5757163777653,1,Fixed
15,52.44363458577494,80.60967479607474,86,5.775748843765727,14,4259.037480873517,1,RL
15,52.44363458577494,80.60967479607474,87,10.342563918869477,10,2723.719201741122,1,Fixed
15,52.44363458577494,80.60967479607474,87,15.382749253795339,11,2739.8621122352515,1,RL
15,52.44363458577494,80.60967479607474,88,19.750716591795896,13,2935.966250312334,1,Fixed
15,52.44363458577494,80.60967479607474,88,9.846154263782097,14,3215.5895373986173,1,RL
15,52.44363458577494,80.60967479607474,89,3.7574428542745624,10,2040.4484161210078,1,Fixed
15,52.44363458577494,80.60967479607474,89,20.124868490490307,15,3083.829747841523,1,RL
15,52.44363458577494,80.60967479607474,90,14.10112977510307,11,2539.5679926546986,1,Fixed
15,52.44363458577494,80.60967479607474,90,9.210511020695082,11,2734.626900843851,1,RL
15,52.44363458577494,80.60967479607474,91,20.168074196353903,9,3013.173379730272,1,Fixed
15,52.44363458577494,80.60967479607474,91,4.038074226399739,13,2674.236028814011,1,RL
15,52.44363458577494,80.60967479607474,92,15.718111300541102,13,2797.412892287928,1,Fixed
15,52.44363458577494,80.60967479607474,92,12.06585743266463,11,2742.9898664478806,1,RL
15,52.44363458577494,80.60967479607474,93,14.571348821418932,12,2748.927132269634,1,Fixed
15,52.44363458577494,80.60967479607474,93,8.198162446919401,14,3233.06023683569,1,RL
15,52.44363458577494,80.60967479607474,94,16.953690773487583,16,2719.9794741825617,1,Fixed
15,52.44363458577494,80.60967479607474,94,14.469440001305093,11,2735.5181574642274,1,RL
15,52.44363458577494,80.60967479607474,95,13.85344696870393,12,2584.6007075579378,1,Fixed
15,52.44363458577494,80.60967479607474,95,11.484980192317042,9,2759.7759151101027,1,RL
15,52.44363458577494,80.60967479607474,96,4.527843701289489,13,3127.611171827703,1,Fixed
15,52.44363458577494,80.60967479607474,96,8.78220600303457,16,2587.181161999557,1,RL
15,52.44363458577494,80.60967479607474,97,3.4929478098160294,10,2793.009797825089,1,Fixed
15,52.44363458577494,80.60967479607474,97,3.484308504979525,10,2224.1694040732564,1,RL
15,52.44363458577494,80.60967479607474,98,10.921583733502624,13,2322.8361648142372,1,Fixed
15,52.44363458577494,80.60967479607474,98,12.221395918169119,11,2445.6672404204496,1,RL
15,52.44363458577494,80.60967479607474,99,13.572130061273095,14,2732.3164926617337,1,Fixed
15,52.44363458577494,80.60967479607474,99,3.654137280293405,10,2532.9825156250326,1,RL
16,35.34774751283788,64.22096370026973,0,6.9301510489001545,12,3187.686940064626,1,Fixed
16,35.34774751283788,64.22096370026973,0,13.767307836527234,14,3160.565862990595,1,RL
16,35.34774751283788,64.22096370026973,1,21.332634524182218,10,3027.0545858755795,1,Fixed
16,35.34774751283788,64.22096370026973,1,9.684387604497863,13,3228.5310105897706,1,RL
16,35.34774751283788,64.22096370026973,2,13.632800423479207,13,2713.4964617265746,1,Fixed
16,35.34774751283788,64.22096370026973,2,16.391407412237992,11,2703.699148900184,1,RL
16,35.34774751283788,64.22096370026973,3,8.752958342804265,14,3269.1654052194094,1,Fixed
16,35.34774751283788,64.22096370026973,3,17.549082556363622,15,3102.978437333089,1,RL
16,35.34774751283788,64.22096370026973,4,15.090638205021921,11,2840.8985937401076,1,Fixed
16,35.34774751283788,64.22096370026973,4,9.636170601507004,12,3012.189861061668,1,RL
16,35.34774751283788,64.22096370026973,5,8.470023425169071,12,3014.5047131502474,1,Fixed
16,35.34774751283788,64.22096370026973,5,8.790020036959762,14,2847.7884037941476,1,RL
16,35.34774751283788,64.22096370026973,6,8.44686185233892,11,3027.503050142189,1,Fixed
16,35.34774751283788,64.22096370026973,6,11.423857428925107,11,2754.2169268121665,1,RL
16,35.34774751283788,64.22096370026973,7,14.85885408394289,16,3526.2717121027895,1,Fixed
16,35.34774751283788,64.22096370026973,7,16.007647533817543,13,2911.6626005762546,1,RL
16,35.34774751283788,64.22096370026973,8,12.033983593225775,12,2814.3248045054024,1,Fixed
16,35.34774751283788,64.22096370026973,8,14.85136682996269,15,3044.244866683078,1,RL
16,35.34774751283788,64.22096370026973,9,6.270972316494334,14,3265.7838074252563,1,Fixed
16,35.34774751283788,64.22096370026973,9,10.724982706228817,14,3013.6060273073304,1,RL
16,35.34774751283788,64.22096370026973,10,16.798441294863192,12,3289.5822732702422,1,Fixed
16,35.34774751283788,64.22096370026973,10,26.466315331621548,13,3420.3464779858537,1,RL
16,35.34774751283788,64.22096370026973,11,10.119523824135634,13,2833.652068653025,1,Fixed
16,35.34774751283788,64.22096370026973,11,9.436911118619559,14,2641.0229422445527,1,RL
16,35.34774751283788,64.22096370026973,12,14.721664400664187,16,2800.648719031023,1,Fixed
16,35.34774751283788,64.22096370026973,12,14.154021709623748,14,2884.34385677332,1,RL
16,35.34774751283788,64.22096370026973,13,4.835497678998027,11,3551.354866297029,1,Fixed
16,35.34774751283788,64.22096370026973,13,9.353641315346353,13,2701.5877452887207,1,RL
16,35.34774751283788,64.22096370026973,14,6.326587793455565,12,2947.3364753415585,1,Fixed
16,35.34774751283788,64.22096370026973,14,17.204626841565904,14,2741.47687694261,1,RL
16,35.34774751283788,64.22096370026973,15,15.792924820048842,13,2975.456441250808,1,Fixed
16,35.34774751283788,64.22096370026973,15,10.14012979478208,14,3136.2577451527272,1,RL
16,35.34774751283788,64.22096370026973,16,15.46174562555943,12,2743.236077424645,1,Fixed
16,35.34774751283788,64.22096370026973,16,13.875839557639884,14,3245.0835828831314,1,RL
16,35.34774751283788,64.22096370026973,17,7.994648855444458,14,3148.8876407777375,1,Fixed
16,35.34774751283788,64.22096370026973,17,10.084481063969424,12,2578.7739355814515,1,RL
16,35.34774751283788,64.22096370026973,18,22.63842620698609,10,3020.834338089462,1,Fixed
16,35.34774751283788,64.22096370026973,18,6.97758386310497,14,2692.173817008538,1,RL
16,35.34774751283788,64.22096370026973,19,14.730841117481239,11,2825.491013959454,1,Fixed
16,35.34774751283788,64.22096370026973,19,25.319951281142114,13,3521.8035176236453,1,RL
16,35.34774751283788,64.22096370026973,20,17.501544592094078,11,3043.8298897110044,1,Fixed
16,35.34774751283788,64.22096370026973,20,16.658146394980093,11,2695.1714987378605,1,RL
16,35.34774751283788,64.22096370026973,21,20.78389860920632,13,2986.607780507334,1,Fixed
16,35.34774751283788,64.22096370026973,21,8.906190184782005,14,3148.873016252407,1,RL
16,35.34774751283788,64.22096370026973,22,12.807329631879643,13,2774.2901222521828,1,Fixed
16,35.34774751283788,64.22096370026973,22,14.05575661012393,10,3106.3342567750115,1,RL
16,35.34774751283788,64.22096370026973,23,25.126236099428887,12,2989.4095923643094,1,Fixed
16,35.34774751283788,64.22096370026973,23,18.774155081385782,13,3319.7145121630515,1,RL
16,35.34774751283788,64.22096370026973,24,17.336657497527032,10,3265.936590495509,1,Fixed
16,35.34774751283788,64.22096370026973,24,16.510622347430594,11,3212.2303887041007,1,RL
16,35.34774751283788,64.22096370026973,25,15.557334348814745,11,3380.4582692384583,1,Fixed
16,35.34774751283788,64.22096370026973,25,20.540632557678148,14,2916.687153109969,1,RL
16,35.34774751283788,64.22096370026973,26,10.168166583031805,10,2809.321832044148,1,Fixed
16,35.34774751283788,64.22096370026973,26,8.126327851679537,13,2984.9347518506497,1,RL
16,35.34774751283788,64.22096370026973,27,22.392065882149463,16,3186.7337189348586,1,Fixed
16,35.34774751283788,64.22096370026973,27,9.514803193221065,18,3223.5840711927617,1,RL
16,35.34774751283788,64.22096370026973,28,21.572593359356226,16,3487.309267750853,1,Fixed
16,35.34774751283788,64.22096370026973,28,25.039196580211772,12,3335.0401288457124,1,RL
16,35.34774751283788,64.22096370026973,29,12.617668333638228,14,3258.9619197558072,1,Fixed
16,35.34774751283788,64.22096370026973,29,10.980299434602584,12,2691.5703529328525,1,RL
16,35.34774751283788,64.22096370026973,30,18.66937399796856,12,2793.2894203990395,1,Fixed
16,35.34774751283788,64.22096370026973,30,10.846767422796578,10,3838.5859339215153,1,RL
16,35.34774751283788,64.22096370026973,31,8.78130294253437,13,3329.7347592274878,1,Fixed
16,35.34774751283788,64.22096370026973,31,12.780777867602723,17,3254.482675686796,1,RL
16,35.34774751283788,64.22096370026973,32,21.93349019764557,15,3577.542851664092,1,Fixed
16,35.34774751283788,64.22096370026973,32,13.60523508549046,12,3378.2840099794716,1,RL
16,35.34774751283788,64.22096370026973,33,18.445451410493163,14,3184.2190905493408,1,Fixed
16,35.34774751283788,64.22096370026973,33,24.827305047957914,11,3251.560198490004,1,RL
16,35.34774751283788,64.22096370026973,34,19.859989171265436,11,3184.872733576688,1,Fixed
16,35.34774751283788,64.22096370026973,34,21.017584909114476,14,3536.5306246718524,1,RL
16,35.34774751283788,64.22096370026973,35,9.14714188411551,9,2876.2256886583273,1,Fixed
16,35.34774751283788,64.22096370026973,35,15.464513690657222,13,3096.348093518692,1,RL
16,35.34774751283788,64.22096370026973,36,14.88181804531683,12,2837.9162496779513,1,Fixed
16,35.34774751283788,64.22096370026973,36,17.735836124256867,13,3662.623869721041,1,RL
16,35.34774751283788,64.22096370026973,37,8.685271307733917,15,2757.0195328789528,1,Fixed
16,35.34774751283788,64.22096370026973,37,8.682893115008858,11,2831.198400028058,1,RL
16,35.34774751283788,64.22096370026973,38,11.546693057421136,9,2971.0924643196454,1,Fixed
16,35.34774751283788,64.22096370026973,38,16.185870295895093,15,2771.431435777636,1,RL
16,35.34774751283788,64.22096370026973,39,15.413527665617949,10,2581.019745213687,1,Fixed
16,35.34774751283788,64.22096370026973,39,27.391434222890666,11,3875.961223885041,1,RL
16,35.34774751283788,64.22096370026973,40,5.923942403101302,13,2723.3192997202405,1,Fixed
16,35.34774751283788,64.22096370026973,40,5.662002452990072,12,3446.2730843844656,1,RL
16,35.34774751283788,64.22096370026973,41,7.127284973559773,13,3099.549047299169,1,Fixed
16,35.34774751283788,64.22096370026973,41,14.235791531007063,12,2845.4928612183417,1,RL
16,35.34774751283788,64.22096370026973,42,8.15921089942374,16,2936.3569163104307,1,Fixed
16,35.34774751283788,64.22096370026973,42,18.089071479510167,10,3148.860789736568,1,RL
16,35.34774751283788,64.22096370026973,43,16.997259813578758,15,3115.647119191717,1,Fixed
16,35.34774751283788,64.22096370026973,43,13.125579722102291,12,3110.112415237829,1,RL
16,35.34774751283788,64.22096370026973,44,15.714612592777637,14,2889.5278703265158,1,Fixed
16,35.34774751283788,64.22096370026973,44,5.261818884394775,12,3106.3785142214656,1,RL
16,35.34774751283788,64.22096370026973,45,6.16164699923847,14,2753.5422004327265,1,Fixed
16,35.34774751283788,64.22096370026973,45,6.589683474303925,15,3004.280469810835,1,RL
16,35.34774751283788,64.22096370026973,46,7.24785630641841,14,2837.8785858776205,1,Fixed
16,35.34774751283788,64.22096370026973,46,8.816544546617916,12,2257.8944123274823,1,RL
16,35.34774751283788,64.22096370026973,47,32.99545337305589,14,3582.3910136965196,1,Fixed
16,35.34774751283788,64.22096370026973,47,9.140913782986612,15,2982.15690224384,1,RL
16,35.34774751283788,64.22096370026973,48,10.684177647366408,13,2605.1131035055037,1,Fixed
16,35.34774751283788,64.22096370026973,48,14.783879718236728,13,3116.4264418847342,1,RL
16,35.34774751283788,64.22096370026973,49,24.01982983903721,10,2648.8309594720686,1,Fixed
16,35.34774751283788,64.22096370026973,49,7.7894868205635195,11,2559.6424248369954,1,RL
16,35.34774751283788,64.22096370026973,50,11.757987110547392,13,2844.0358921099764,1,Fixed
16,35.34774751283788,64.22096370026973,50,12.348024618529394,15,3246.4603789465386,1,RL
16,35.34774751283788,64.22096370026973,51,16.551219104673635,14,3268.138958705531,1,Fixed
16,35.34774751283788,64.22096370026973,51,32.07245688206178,14,3637.6660978889904,1,RL
16,35.34774751283788,64.22096370026973,52,21.663596882709086,16,3254.108235243405,1,Fixed
16,35.34774751283788,64.22096370026973,52,8.540620626934064,8,2749.101586558766,1,RL
16,35.34774751283788,64.22096370026973,53,19.22423199567084,13,3271.0802979875557,1,Fixed
16,35.34774751283788,64.22096370026973,53,15.915364867924115,14,3201.5454100586758,1,RL
16,35.34774751283788,64.22096370026973,54,12.901187272666684,11,2961.590576522738,1,Fixed
16,35.34774751283788,64.22096370026973,54,11.026796510083768,7,2562.259959178038,1,RL
16,35.34774751283788,64.22096370026973,55,20.05971482460125,15,2766.0189039812667,1,Fixed
16,35.34774751283788,64.22096370026973,55,10.174991609843767,12,3695.579949134234,1,RL
16,35.34774751283788,64.22096370026973,56,19.840073421209066,14,3321.0893211469656,1,Fixed
16,35.34774751283788,64.22096370026973,56,16.107833375177755,13,3369.3174256428,1,RL
16,35.34774751283788,64.22096370026973,57,17.819753667089834,10,3187.0124265208437,1,Fixed
16,35.34774751283788,64.22096370026973,57,14.204298746824866,15,2979.240005673942,1,RL
16,35.34774751283788,64.22096370026973,58,25.56009520953372,13,2967.49622776096,1,Fixed
16,35.34774751283788,64.22096370026973,58,24.072940523154497,12,3194.14751742556,1,RL
16,35.34774751283788,64.22096370026973,59,13.272344664434764,14,2704.145655668118,1,Fixed
16,35.34774751283788,64.22096370026973,59,16.884711603962398,12,3086.059393982858,1,RL
16,35.34774751283788,64.22096370026973,60,19.61678799743136,15,2951.647786680766,1,Fixed
16,35.34774751283788,64.22096370026973,60,11.294814989451423,9,2849.813934632739,1,RL
16,35.34774751283788,64.22096370026973,61,13.005783960097821,15,3338.8173207428817,1,Fixed
16,35.34774751283788,64.22096370026973,61,21.828426044406157,13,3592.9801273616604,1,RL
16,35.34774751283788,64.22096370026973,62,9.591850233359613,15,3022.35236638751,1,Fixed
16,35.34774751283788,64.22096370026973,62,16.749706969859776,10,2694.29212811875,1,RL
16,35.34774751283788,64.22096370026973,63,7.148750775504183,9,2927.325896496033,1,Fixed
16,35.34774751283788,64.22096370026973,63,11.202468120234006,14,2815.861739055674,1,RL
16,35.34774751283788,64.22096370026973,64,28.96963060826347,12,3279.5523638371587,1,Fixed
16,35.34774751283788,64.22096370026973,64,16.44149192818695,12,3347.946954395121,1,RL
16,35.34774751283788,64.22096370026973,65,12.47526866984661,14,3388.6765395731572,1,Fixed
16,35.34774751283788,64.22096370026973,65,11.922388640059005,14,3305.1908250878428,1,RL
16,35.34774751283788,64.22096370026973,66,26.306757477404403,13,3398.609610957265,1,Fixed
16,35.34774751283788,64.22096370026973,66,8.173541602753641,12,2677.7208428073855,1,RL
16,35.34774751283788,64.22096370026973,67,17.593512277738135,11,2966.0513248748202,1,Fixed
16,35.34774751283788,64.22096370026973,67,20.072837697788664,15,3178.7749470793356,1,RL
16,35.34774751283788,64.22096370026973,68,8.597980483345943,15,3367.0858241920105,1,Fixed
16,35.34774751283788,64.22096370026973,68,7.562443847628094,14,3341.7036220481473,1,RL
16,35.34774751283788,64.22096370026973,69,16.88230655814146,13,3077.837431592075,1,Fixed
16,35.34774751283788,64.22096370026973,69,24.60264881728377,13,3341.182677742077,1,RL
16,35.34774751283788,64.22096370026973,70,7.300366231591546,13,2984.6948358063883,1,Fixed
16,35.34774751283788,64.22096370026973,70,8.709498880240815,13,3068.713640828529,1,RL
16,35.34774751283788,64.22096370026973,71,8.019991136122387,11,2858.807828052813,1,Fixed
16,35.34774751283788,64.22096370026973,71,16.412197998391157,14,2726.4376107382795,1,RL
16,35.34774751283788,64.22096370026973,72,11.169938468869033,14,3086.324502330107,1,Fixed
16,35.34774751283788,64.22096370026973,72,16.39320922883458,15,2792.8139181737456,1,RL
16,35.34774751283788,64.22096370026973,73,12.093262980672234,11,2741.9657794277227,1,Fixed
16,35.34774751283788,64.22096370026973,73,8.240217689950931,15,2949.99223306236,1,RL
16,35.34774751283788,64.22096370026973,74,7.2628372653877,17,3446.2580939345085,1,Fixed
16,35.34774751283788,64.22096370026973,74,7.951972452086499,13,3094.602077841868,1,RL
16,35.34774751283788,64.22096370026973,75,15.147014718774878,12,2859.875560083577,1,Fixed
16,35.34774751283788,64.22096370026973,75,9.897846797680009,10,3076.0307092992343,1,RL
16,35.34774751283788,64.22096370026973,76,18.849193285021304,11,2787.5173960392085,1,Fixed
16,35.34774751283788,64.22096370026973,76,7.838442315802953,13,2795.5884983562337,1,RL
16,35.34774751283788,64.22096370026973,77,11.648000074418892,11,2720.85529040691,1,Fixed
16,35.34774751283788,64.22096370026973,77,14.50516079221076,10,2790.5240235204974,1,RL
16,35.34774751283788,64.22096370026973,78,10.279760206018684,11,3236.479868826128,1,Fixed
16,35.34774751283788,64.22096370026973,78,11.300435151572648,14,3043.10595726256,1,RL
16,35.34774751283788,64.22096370026973,79,6.975462168495442,11,3058.7751626509053,1,Fixed
16,35.34774751283788,64.22096370026973,79,14.23378350329953,13,3104.557911469113,1,RL
16,35.34774751283788,64.22096370026973,80,12.485339577314438,13,3213.7272683818182,1,Fixed
16,35.34774751283788,64.22096370026973,80,6.256935683257993,9,2713.436108529642,1,RL
16,35.34774751283788,64.22096370026973,81,14.024799703109078,12,2721.849770696622,1,Fixed
16,35.34774751283788,64.22096370026973,81,15.104857165790747,9,3011.543628712233,1,RL
16,35.34774751283788,64.22096370026973,82,12.34887557777059,13,3113.4041482095677,1,Fixed
16,35.34774751283788,64.22096370026973,82,13.359084139538131,10,3011.964497172472,1,RL
16,35.34774751283788,64.22096370026973,83,13.404604644324028,14,3162.9479589933767,1,Fixed
16,35.34774751283788,64.22096370026973,83,13.00697848727014,14,3208.062123412526,1,RL
16,35.34774751283788,64.22096370026973,84,5.849197451977048,8,2689.717490829627,1,Fixed
16,35.34774751283788,64.22096370026973,84,17.551837872817785,14,2974.5894998510853,1,RL
16,35.34774751283788,64.22096370026973,85,17.75446835825831,14,3385.145239455853,1,Fixed
16,35.34774751283788,64.22096370026973,85,18.39669813014757,15,3354.1438113787895,1,RL
16,35.34774751283788,64.22096370026973,86,13.37043253478809,13,3535.024298663281,1,Fixed
16,35.34774751283788,64.22096370026973,86,10.561154494730099,13,3106.488490812361,1,RL
16,35.34774751283788,64.22096370026973,87,14.288859729930682,17,3067.4767769579985,1,Fixed
16,35.34774751283788,64.22096370026973,87,10.799098964589765,15,3305.787549329939,1,RL
16,35.34774751283788,64.22096370026973,88,7.415955575527482,14,2990.8912704544546,1,Fixed
16,35.34774751283788,64.22096370026973,88,13.358566664574681,13,3453.28950934376,1,RL
16,35.34774751283788,64.22096370026973,89,6.277871745551463,13,2937.5876339420697,1,Fixed
16,35.34774751283788,64.22096370026973,89,17.961337223883426,14,2650.1622625130926,1,RL
16,35.34774751283788,64.22096370026973,90,11.237263595936696,11,2965.8154227825116,1,Fixed
16,35.34774751283788,64.22096370026973,90,13.936059466316769,11,3416.7456543949456,1,RL
16,35.34774751283788,64.22096370026973,91,6.949955112613,12,3353.5717172355453,1,Fixed
16,35.34774751283788,64.22096370026973,91,12.77325188165644,14,2799.8018398281442,1,RL
16,35.34774751283788,64.22096370026973,92,13.6199394296053,11,3078.2549255302265,1,Fixed
16,35.34774751283788,64.22096370026973,92,11.167736282728978,11,2848.1035071007827,1,RL
16,35.34774751283788,64.22096370026973,93,8.377151407938062,16,3190.6878942564163,1,Fixed
16,35.34774751283788,64.22096370026973,93,9.285291604949448,14,3166.6192215677156,1,RL
16,35.34774751283788,64.22096370026973,94,8.719260617734445,10,2671.9096907711055,1,Fixed
16,35.34774751283788,64.22096370026973,94,15.689417700969068,11,2876.661691878703,1,RL
16,35.34774751283788,64.22096370026973,95,15.867743190681347,14,2885.195205987165,1,Fixed
16,35.34774751283788,64.22096370026973,95,18.090627438442247,12,2916.1559979212757,1,RL
16,35.34774751283788,64.22096370026973,96,18.767062365257804,14,3186.3859133617934,1,Fixed
16,35.34774751283788,64.22096370026973,96,37.858135829243736,17,4570.93139051413,1,RL
16,35.34774751283788,64.22096370026973,97,7.760618497922685,11,2684.2362798019826,1,Fixed
16,35.34774751283788,64.22096370026973,97,9.217459291798102,9,2874.5856648194467,1,RL
16,35.34774751283788,64.22096370026973,98,8.869617557855287,8,2496.3898170952702,1,Fixed
16,35.34774751283788,64.22096370026973,98,12.959392089339033,13,2924.3197197634045,1,RL
16,35.34774751283788,64.22096370026973,99,12.438921992667456,16,2960.437691054095,1,Fixed
16,35.34774751283788,64.22096370026973,99,12.668943633781138,12,3187.0231263515593,1,RL
17,24.56315740488145,10.927944536815993,0,15.490415199971611,9,2625.1768231458727,1,Fixed
17,24.56315740488145,10.927944536815993,0,7.831253205141307,13,3359.49380773133,1,RL
17,24.56315740488145,10.927944536815993,1,4.385836278900332,11,2183.669554103138,1,Fixed
17,24.56315740488145,10.927944536815993,1,15.525943486171148,14,3367.9080497277882,1,RL
17,24.56315740488145,10.927944536815993,2,14.272792734664899,12,3287.6261847882997,1,Fixed
17,24.56315740488145,10.927944536815993,2,11.049614629941651,12,2869.691765397822,1,RL
17,24.56315740488145,10.927944536815993,3,15.083314802828676,14,3313.348843649989,1,Fixed
17,24.56315740488145,10.927944536815993,3,18.78398470760197,12,2761.0074733045763,1,RL
17,24.56315740488145,10.927944536815993,4,14.998492560412007,11,2926.4077927191875,1,Fixed
17,24.56315740488145,10.927944536815993,4,6.3154351227790615,14,2951.7153615638954,1,RL
17,24.56315740488145,10.927944536815993,5,21.93535594196768,11,3246.9934795036697,1,Fixed
17,24.56315740488145,10.927944536815993,5,25.895507397887684,17,3078.0790274455503,1,RL
17,24.56315740488145,10.927944536815993,6,7.110204609664488,16,3235.295081921911,1,Fixed
17,24.56315740488145,10.927944536815993,6,3.468801840817065,14,2732.054779505086,1,RL
17,24.56315740488145,10.927944536815993,7,11.051028789761919,11,2541.5591983065688,1,Fixed
17,24.56315740488145,10.927944536815993,7,7.313325464160809,13,3083.759596398341,1,RL
17,24.56315740488145,10.927944536815993,8,11.788254203530776,10,3348.513777690538,1,Fixed
17,24.56315740488145,10.927944536815993,8,5.61705604930018,11,2550.4072198870936,1,RL
17,24.56315740488145,10.927944536815993,9,14.591086898868989,11,2856.9383917157725,1,Fixed
17,24.56315740488145,10.927944536815993,9,5.746455890838094,9,2574.1911710514737,1,RL
17,24.56315740488145,10.927944536815993,10,9.222898785262341,10,2839.1184822255286,1,Fixed
17,24.56315740488145,10.927944536815993,10,14.177899079408315,14,3271.989508151151,1,RL
17,24.56315740488145,10.927944536815993,11,4.984303236312719,6,2384.4045422952513,1,Fixed
17,24.56315740488145,10.927944536815993,11,15.497737980757728,16,3078.7655718105334,1,RL
17,24.56315740488145,10.927944536815993,12,17.587862072720842,15,3121.4812980245506,1,Fixed
17,24.56315740488145,10.927944536815993,12,9.332670144293385,11,3406.6006880161003,1,RL
17,24.56315740488145,10.927944536815993,13,6.211137509045161,6,2525.7989835013836,1,Fixed
17,24.56315740488145,10.927944536815993,13,6.813139184612903,14,2744.926018673387,1,RL
17,24.56315740488145,10.927944536815993,14,18.115062722558566,13,2852.8318743077048,1,Fixed
17,24.56315740488145,10.927944536815993,14,5.650647058563307,16,3555.3516814335644,1,RL
17,24.56315740488145,10.927944536815993,15,10.789729203744063,13,2900.9532414591395,1,Fixed
17,24.56315740488145,10.927944536815993,15,4.571052749128414,14,2835.3814128317654,1,RL
17,24.56315740488145,10.927944536815993,16,8.509161630065643,13,2950.503672592602,1,Fixed
17,24.56315740488145,10.927944536815993,16,22.97257158852022,12,3268.052620855496,1,RL
17,24.56315740488145,10.927944536815993,17,5.60044255355878,12,3008.3588233112055,1,Fixed
17,24.56315740488145,10.927944536815993,17,3.3208119577985884,16,3622.591761189946,1,RL
17,24.56315740488145,10.927944536815993,18,23.04868012303593,11,3008.6946825536147,1,Fixed
17,24.56315740488145,10.927944536815993,18,4.564371583864036,13,2433.364816348296,1,RL
17,24.56315740488145,10.927944536815993,19,14.35786516156207,14,3185.0350268268794,1,Fixed
17,24.56315740488145,10.927944536815993,19,15.473398816717642,10,2462.4468058954126,1,RL
17,24.56315740488145,10.927944536815993,20,10.800625711111374,11,2708.0325476970247,1,Fixed
17,24.56315740488145,10.927944536815993,20,4.418386766630453,15,3389.8428971619996,1,RL
17,24.56315740488145,10.927944536815993,21,15.966576308739283,12,2115.5557741855087,1,Fixed
17,24.56315740488145,10.927944536815993,21,17.52185764028089,14,3604.901763767824,1,RL
17,24.56315740488145,10.927944536815993,22,7.928396698894394,14,2884.3067730785115,1,Fixed
17,24.56315740488145,10.927944536815993,22,10.632144595579208,15,3031.3088624342026,1,RL
17,24.56315740488145,10.927944536815993,23,6.318197085344556,9,2794.002676629703,1,Fixed
17,24.56315740488145,10.927944536815993,23,11.712559967125438,11,3006.436869494124,1,RL
17,24.56315740488145,10.927944536815993,24,9.530885100029257,13,3251.191564949724,1,Fixed
17,24.56315740488145,10.927944536815993,24,19.745106887337933,11,3240.3326394533483,1,RL
17,24.56315740488145,10.927944536815993,25,2.4813801136781457,12,2245.148019833256,1,Fixed
17,24.56315740488145,10.927944536815993,25,13.081704472502519,15,2959.4554539746946,1,RL
17,24.56315740488145,10.927944536815993,26,15.885809700467112,12,3244.5201618190545,1,Fixed
17,24.56315740488145,10.927944536815993,26,2.4954010165895273,12,3007.8179022437957,1,RL
17,24.56315740488145,10.927944536815993,27,6.6043263307544535,13,3366.306475946549,1,Fixed
17,24.56315740488145,10.927944536815993,27,7.598827457634125,12,2546.935323229251,1,RL
17,24.56315740488145,10.927944536815993,28,2.4636833175000477,10,2610.632854962447,1,Fixed
17,24.56315740488145,10.927944536815993,28,14.298424615237256,13,3133.0471065329475,1,RL
17,24.56315740488145,10.927944536815993,29,9.747817295527794,13,2964.776742105773,1,Fixed
17,24.56315740488145,10.927944536815993,29,21.937543880895582,15,2971.9122033361195,1,RL
17,24.56315740488145,10.927944536815993,30,1.4938873296495838,10,2444.7644669041097,1,Fixed
17,24.56315740488145,10.927944536815993,30,2.7128263943281903,9,2183.995945521936,1,RL
17,24.56315740488145,10.927944536815993,31,7.10051772502179,11,3379.0631115674737,1,Fixed
17,24.56315740488145,10.927944536815993,31,15.72928726474316,12,2937.8791497308994,1,RL
17,24.56315740488145,10.927944536815993,32,13.145285760651372,12,2949.640969825772,1,Fixed
17,24.56315740488145,10.927944536815993,32,11.774109596004669,11,2575.117357952122,1,RL
17,24.56315740488145,10.927944536815993,33,3.8906698984844916,12,2738.879779335191,1,Fixed
17,24.56315740488145,10.927944536815993,33,3.067827132596771,13,3111.066472452915,1,RL
17,24.56315740488145,10.927944536815993,34,13.746471478017494,13,2763.6212115984727,1,Fixed
17,24.56315740488145,10.927944536815993,34,3.787236314617033,12,3319.7530351236487,1,RL
17,24.56315740488145,10.927944536815993,35,6.591202846014694,12,3151.988014567091,1,Fixed
17,24.56315740488145,10.927944536815993,35,3.0471764998145083,12,2634.9279725333986,1,RL
17,24.56315740488145,10.927944536815993,36,16.63051554745801,16,3145.6715704592198,1,Fixed
17,24.56315740488145,10.927944536815993,36,12.652458688382024,15,2507.7683485133434,1,RL
17,24.56315740488145,10.927944536815993,37,2.1510763293870303,9,2639.6688913306443,1,Fixed
17,24.56315740488145,10.927944536815993,37,21.540450345737632,12,3028.2815285496663,1,RL
17,24.56315740488145,10.927944536815993,38,13.463790702110012,11,2308.4924745396515,1,Fixed
17,24.56315740488145,10.927944536815993,38,14.49367021773073,16,2637.1393380592576,1,RL
17,24.56315740488145,10.927944536815993,39,12.402114185505331,7,2280.3107844999577,1,Fixed
17,24.56315740488145,10.927944536815993,39,2.1472744628074887,11,2445.8992187903514,1,RL
17,24.56315740488145,10.927944536815993,40,5.453811071165015,16,2767.8678525543146,1,Fixed
17,24.56315740488145,10.927944536815993,40,10.602350890713057,15,3447.968006899238,1,RL
17,24.56315740488145,10.927944536815993,41,15.900129290341468,10,2409.00241074198,1,Fixed
17,24.56315740488145,10.927944536815993,41,14.81434930104607,14,3423.626838319325,1,RL
17,24.56315740488145,10.927944536815993,42,300.0,300,3899.5472377693636,0,Fixed
17,24.56315740488145,10.927944536815993,42,14.457272366827784,11,2769.708461395222,1,RL
17,24.56315740488145,10.927944536815993,43,8.452853014853384,12,2192.225839790827,1,Fixed
17,24.56315740488145,10.927944536815993,43,1.7988786867265059,11,1957.522783075184,1,RL
17,24.56315740488145,10.927944536815993,44,13.43152614837806,14,2811.775939064652,1,Fixed
17,24.56315740488145,10.927944536815993,44,16.050874166262393,11,2698.9553816369194,1,RL
17,24.56315740488145,10.927944536815993,45,14.352466631128436,12,2584.0937799404805,1,Fixed
17,24.56315740488145,10.927944536815993,45,19.926014813556755,13,3097.127044991914,1,RL
17,24.56315740488145,10.927944536815993,46,4.0428069012899055,12,3194.8653952447703,1,Fixed
17,24.56315740488145,10.927944536815993,46,3.4458630052808616,11,3118.6964193791196,1,RL
17,24.56315740488145,10.927944536815993,47,1.705696369685319,11,2995.6187760074367,1,Fixed
17,24.56315740488145,10.927944536815993,47,15.530420740061,11,3187.1871723307668,1,RL
17,24.56315740488145,10.927944536815993,48,9.124823938497702,15,2701.079411158725,1,Fixed
17,24.56315740488145,10.927944536815993,48,2.910421511886975,16,3730.7056440611454,1,RL
17,24.56315740488145,10.927944536815993,49,5.269247735761748,9,2876.0023680362547,1,Fixed
17,24.56315740488145,10.927944536815993,49,5.418085535339216,14,2938.1521541227116,1,RL
17,24.56315740488145,10.927944536815993,50,14.84922066029102,12,2858.6286231094423,1,Fixed
17,24.56315740488145,10.927944536815993,50,4.062785145214286,12,2483.5789543487253,1,RL
17,24.56315740488145,10.927944536815993,51,18.050240161917806,15,3465.220245469299,1,Fixed
17,24.56315740488145,10.927944536815993,51,2.9897103277682646,13,3197.5745560444184,1,RL
17,24.56315740488145,10.927944536815993,52,9.358206119086002,12,2314.5545005897393,1,Fixed
17,24.56315740488145,10.927944536815993,52,4.276709863325054,12,2469.1443436082036,1,RL
17,24.56315740488145,10.927944536815993,53,15.751452987342415,9,2841.9841234066375,1,Fixed
17,24.56315740488145,10.927944536815993,53,11.738041734065709,9,2640.7309601959428,1,RL
17,24.56315740488145,10.927944536815993,54,12.149166581299042,12,2807.7946797721615,1,Fixed
17,24.56315740488145,10.927944536815993,54,13.349091347205283,8,3176.4043471545465,1,RL
17,24.56315740488145,10.927944536815993,55,5.6799442962684115,11,2938.0793062514012,1,Fixed
17,24.56315740488145,10.927944536815993,55,16.789995563623073,13,3521.796622703416,1,RL
17,24.56315740488145,10.927944536815993,56,15.463510231296416,14,2677.1200002328324,1,Fixed
17,24.56315740488145,10.927944536815993,56,4.827505434610739,12,2690.2930479899883,1,RL
17,24.56315740488145,10.927944536815993,57,14.709571975373658,12,3081.027580946554,1,Fixed
17,24.56315740488145,10.927944536815993,57,17.69108177894063,15,2669.1690487885708,1,RL
17,24.56315740488145,10.927944536815993,58,18.8890041969351,13,3237.784618286245,1,Fixed
17,24.56315740488145,10.927944536815993,58,6.9567110968233665,13,3391.0475241310032,1,RL
17,24.56315740488145,10.927944536815993,59,5.764315033733214,14,2862.3665422808813,1,Fixed
17,24.56315740488145,10.927944536815993,59,5.935172091772979,11,2650.3660224809914,1,RL
17,24.56315740488145,10.927944536815993,60,1.9903874568400421,9,2439.916535916457,1,Fixed
17,24.56315740488145,10.927944536815993,60,20.218400086412323,16,3069.6304367356306,1,RL
17,24.56315740488145,10.927944536815993,61,3.763024183314459,10,2132.774151266321,1,Fixed
17,24.56315740488145,10.927944536815993,61,5.54993688715018,10,2728.1061071104787,1,RL
17,24.56315740488145,10.927944536815993,62,6.4424407284556935,14,2358.717909726227,1,Fixed
17,24.56315740488145,10.927944536815993,62,17.72641999100962,10,3773.3772601374626,1,RL
17,24.56315740488145,10.927944536815993,63,12.21782641620368,13,3041.8700698915354,1,Fixed
17,24.56315740488145,10.927944536815993,63,9.253695329368771,14,2772.424902430927,1,RL
17,24.56315740488145,10.927944536815993,64,17.491860846956353,12,2906.838774686635,1,Fixed
17,24.56315740488145,10.927944536815993,64,7.822196032752368,9,2737.253830132578,1,RL
17,24.56315740488145,10.927944536815993,65,12.503360031983583,14,2987.9610084849205,1,Fixed
17,24.56315740488145,10.927944536815993,65,13.742160418311315,9,2453.848592021966,1,RL
17,24.56315740488145,10.927944536815993,66,6.001203544942273,10,2583.3263431071155,1,Fixed
17,24.56315740488145,10.927944536815993,66,3.247050047260081,12,2956.3207103337622,1,RL
17,24.56315740488145,10.927944536815993,67,18.113517270784808,10,2517.6290637252,1,Fixed
17,24.56315740488145,10.927944536815993,67,13.253986074899322,10,2591.1784728901016,1,RL
17,24.56315740488145,10.927944536815993,68,12.186081972306662,12,2742.8556035655715,1,Fixed
17,24.56315740488145,10.927944536815993,68,11.616520728667787,13,2830.7771129003936,1,RL
17,24.56315740488145,10.927944536815993,69,9.22214400044488,11,2917.8782590519813,1,Fixed
17,24.56315740488145,10.927944536815993,69,17.816632713921187,11,2976.2500401416846,1,RL
17,24.56315740488145,10.927944536815993,70,11.403963698616565,10,2925.3791048874164,1,Fixed
17,24.56315740488145,10.927944536815993,70,3.13366746785534,10,2995.5355076143755,1,RL
17,24.56315740488145,10.927944536815993,71,9.589741788226133,11,2980.1152056243277,1,Fixed
17,24.56315740488145,10.927944536815993,71,6.8705710681424295,13,3289.0683303448905,1,RL
17,24.56315740488145,10.927944536815993,72,15.336125603534402,14,2947.3108999755377,1,Fixed
17,24.56315740488145,10.927944536815993,72,21.630854998531653,12,2670.442691013928,1,RL
17,24.56315740488145,10.927944536815993,73,15.91551831367201,11,2725.748999347721,1,Fixed
17,24.56315740488145,10.927944536815993,73,11.256234586084783,14,3432.251954881791,1,RL
17,24.56315740488145,10.927944536815993,74,3.02562038849019,11,2804.5183280882106,1,Fixed
17,24.56315740488145,10.927944536815993,74,4.961800439043364,14,2319.2092187835633,1,RL
17,24.56315740488145,10.927944536815993,75,11.758296524669108,14,3052.2047603334063,1,Fixed
17,24.56315740488145,10.927944536815993,75,1.5716642999084158,12,2400.0198630161585,1,RL
17,24.56315740488145,10.927944536815993,76,8.20069121449276,10,3074.4571550436117,1,Fixed
17,24.56315740488145,10.927944536815993,76,19.77715697535969,14,3071.627444430397,1,RL
17,24.56315740488145,10.927944536815993,77,7.142073702230256,10,3009.3702801347963,1,Fixed
17,24.56315740488145,10.927944536815993,77,6.21470693038505,13,2811.895895878182,1,RL
17,24.56315740488145,10.927944536815993,78,12.292195596912519,9,2558.76504848288,1,Fixed
17,24.56315740488145,10.927944536815993,78,16.4590469938049,11,2804.240437801021,1,RL
17,24.56315740488145,10.927944536815993,79,5.939565208379676,14,2929.8666001983383,1,Fixed
17,24.56315740488145,10.927944536815993,79,16.52303427033383,14,2742.578818332652,1,RL
17,24.56315740488145,10.927944536815993,80,19.280047995514078,11,2976.2863396104694,1,Fixed
17,24.56315740488145,10.927944536815993,80,2.5181954784149143,8,2082.5228133599676,1,RL
17,24.56315740488145,10.927944536815993,81,9.651940496766906,10,2714.3657209916378,1,Fixed
17,24.56315740488145,10.927944536815993,81,9.528560768289603,11,2944.628380367623,1,RL
17,24.56315740488145,10.927944536815993,82,16.787201994123354,14,2843.212870504276,1,Fixed
17,24.56315740488145,10.927944536815993,82,22.200668826632246,15,3155.4567375675006,1,RL
17,24.56315740488145,10.927944536815993,83,13.177362911100953,14,2269.331364653553,1,Fixed
17,24.56315740488145,10.927944536815993,83,20.40107586066049,14,2540.1230677610934,1,RL
17,24.56315740488145,10.927944536815993,84,11.023172788390756,12,2426.164147941959,1,Fixed
17,24.56315740488145,10.927944536815993,84,10.646181952429677,13,2947.5476504701587,1,RL
17,24.56315740488145,10.927944536815993,85,10.50904860989259,15,3545.1432458079535,1,Fixed
17,24.56315740488145,10.927944536815993,85,4.29332789006409,13,2844.3768344575133,1,RL
17,24.56315740488145,10.927944536815993,86,16.267051052674528,12,2659.552248897948,1,Fixed
17,24.56315740488145,10.927944536815993,86,1.9612183415918956,8,2704.2748464048373,1,RL
17,24.56315740488145,10.927944536815993,87,4.076909095976097,14,3019.5354746462094,1,Fixed
17,24.56315740488145,10.927944536815993,87,27.295770973833225,13,2768.3133025519087,1,RL
17,24.56315740488145,10.927944536815993,88,20.20070172379516,13,2475.0506342367244,1,Fixed
17,24.56315740488145,10.927944536815993,88,11.08127937699172,11,2884.6573768962585,1,RL
17,24.56315740488145,10.927944536815993,89,1.8693755215566707,12,3097.6740623965334,1,Fixed
17,24.56315740488145,10.927944536815993,89,11.936424713051267,14,3528.1478329518404,1,RL
17,24.56315740488145,10.927944536815993,90,5.421982808326283,11,2921.6952450399385,1,Fixed
17,24.56315740488145,10.927944536815993,90,21.1846350172844,15,3283.420989301455,1,RL
17,24.56315740488145,10.927944536815993,91,4.44341120433087,10,2573.725065031606,1,Fixed
17,24.56315740488145,10.927944536815993,91,19.454295669393684,24,3874.8884024374893,1,RL
17,24.56315740488145,10.927944536815993,92,11.108153612539816,26,4083.5227211308306,1,Fixed
17,24.56315740488145,10.927944536815993,92,14.942448076890964,12,2767.7985657958448,1,RL
17,24.56315740488145,10.927944536815993,93,12.127932099414114,10,2985.7170323496803,1,Fixed
17,24.56315740488145,10.927944536815993,93,6.688695321987768,11,2671.948191252703,1,RL
17,24.56315740488145,10.927944536815993,94,17.747995115378423,10,2557.1289225515025,1,Fixed
17,24.56315740488145,10.927944536815993,94,17.11438253767373,14,3989.370106294885,1,RL
17,24.56315740488145,10.927944536815993,95,7.020312006891748,13,2625.3821614883127,1,Fixed
17,24.56315740488145,10.927944536815993,95,11.869703236747736,9,2526.0496290390697,1,RL
17,24.56315740488145,10.927944536815993,96,18.0249428447269,17,2928.9549880949735,1,Fixed
17,24.56315740488145,10.927944536815993,96,3.7186102855308283,12,3308.608142495401,1,RL
17,24.56315740488145,10.927944536815993,97,3.8603195600304816,14,3391.569697424656,1,Fixed
17,24.56315740488145,10.927944536815993,97,5.730108519391676,11,2185.640671392388,1,RL
17,24.56315740488145,10.927944536815993,98,4.6638810892250175,11,2827.0807909311716,1,Fixed
17,24.56315740488145,10.927944536815993,98,9.542005283039313,13,3089.185560259717,1,RL
17,24.56315740488145,10.927944536815993,99,8.728251516108678,12,3025.3562865187496,1,Fixed
17,24.56315740488145,10.927944536815993,99,20.436102376266753,14,3744.5337977476547,1,RL
18,79.43842250928563,9.896862340870683,0,12.81565909317003,11,2632.3886438893123,1,Fixed
18,79.43842250928563,9.896862340870683,0,14.815396240681997,15,3323.3636104359025,1,RL
18,79.43842250928563,9.896862340870683,1,9.981991917457304,14,2937.0366937049357,1,Fixed
18,79.43842250928563,9.896862340870683,1,7.824360802236879,13,3000.8896480662524,1,RL
18,79.43842250928563,9.896862340870683,2,1.5492314047161233,12,2890.0208404306195,1,Fixed
18,79.43842250928563,9.896862340870683,2,13.801813978797577,11,3150.9040844038586,1,RL
18,79.43842250928563,9.896862340870683,3,18.53606892164808,12,2541.5604553156068,1,Fixed
18,79.43842250928563,9.896862340870683,3,15.175737603322005,7,2487.4682626424765,1,RL
18,79.43842250928563,9.896862340870683,4,27.92155597536681,12,3410.58164704055,1,Fixed
18,79.43842250928563,9.896862340870683,4,23.342533452168027,20,4117.925475701231,1,RL
18,79.43842250928563,9.896862340870683,5,7.517257186820821,10,2855.5356007966325,1,Fixed
18,79.43842250928563,9.896862340870683,5,2.57248127109151,19,3242.910300062214,1,RL
18,79.43842250928563,9.896862340870683,6,13.944132002002775,15,2883.00317941391,1,Fixed
18,79.43842250928563,9.896862340870683,6,19.50551780130787,16,2745.4602973719384,1,RL
18,79.43842250928563,9.896862340870683,7,21.73530622645321,14,2487.757658119774,1,Fixed
18,79.43842250928563,9.896862340870683,7,16.044449299271648,15,3307.1931998360337,1,RL
18,79.43842250928563,9.896862340870683,8,18.243293548561788,6,2895.800225385163,1,Fixed
18,79.43842250928563,9.896862340870683,8,9.702769445298571,9,2956.3191481103518,1,RL
18,79.43842250928563,9.896862340870683,9,16.630821790999637,11,2990.632076128011,1,Fixed
18,79.43842250928563,9.896862340870683,9,8.048873546328915,12,2965.8659388053275,1,RL
18,79.43842250928563,9.896862340870683,10,300.0,300,4086.572672403839,0,Fixed
18,79.43842250928563,9.896862340870683,10,29.482519925803178,13,4068.122195948846,1,RL
18,79.43842250928563,9.896862340870683,11,16.18194307308143,11,2961.6624371940434,1,Fixed
18,79.43842250928563,9.896862340870683,11,22.02079389563294,12,3512.536743552031,1,RL
18,79.43842250928563,9.896862340870683,12,18.100464757478697,13,2796.8205492185907,1,Fixed
18,79.43842250928563,9.896862340870683,12,26.467641125144148,13,3240.908216256334,1,RL
18,79.43842250928563,9.896862340870683,13,3.8340305642240224,12,2122.6334992794527,1,Fixed
18,79.43842250928563,9.896862340870683,13,2.2060335547576866,7,2448.5414287008534,1,RL
18,79.43842250928563,9.896862340870683,14,25.48077138248413,12,2645.488920153393,1,Fixed
18,79.43842250928563,9.896862340870683,14,9.623532579865435,11,2928.708423339058,1,RL
18,79.43842250928563,9.896862340870683,15,5.8703754188490525,2,1572.5363474131586,1,Fixed
18,79.43842250928563,9.896862340870683,15,17.126119480101437,11,3041.825242226624,1,RL
18,79.43842250928563,9.896862340870683,16,12.36046169304627,10,2974.297102133884,1,Fixed
18,79.43842250928563,9.896862340870683,16,13.125454567493538,14,2935.265627846984,1,RL
18,79.43842250928563,9.896862340870683,17,18.246597276208778,14,2779.7815536671624,1,Fixed
18,79.43842250928563,9.896862340870683,17,2.3040522803711783,14,2430.865581476775,1,RL
18,79.43842250928563,9.896862340870683,18,17.14217509596814,13,2671.6338857498636,1,Fixed
18,79.43842250928563,9.896862340870683,18,5.26686204310678,12,1964.6270475865192,1,RL
18,79.43842250928563,9.896862340870683,19,4.9571976907671695,12,2853.4682541409557,1,Fixed
18,79.43842250928563,9.896862340870683,19,4.942356232428452,10,2316.1876115004234,1,RL
18,79.43842250928563,9.896862340870683,20,2.2785906700486573,6,2814.766791686492,1,Fixed
18,79.43842250928563,9.896862340870683,20,4.985705627001798,10,2757.6017621079377,1,RL
18,79.43842250928563,9.896862340870683,21,4.670329450435656,11,2730.162656161425,1,Fixed
18,79.43842250928563,9.896862340870683,21,4.716683103996058,9,2532.352150797492,1,RL
18,79.43842250928563,9.896862340870683,22,1.7577153650895099,11,2970.216309411779,1,Fixed
18,79.43842250928563,9.896862340870683,22,14.583985238261894,11,2808.670271078412,1,RL
18,79.43842250928563,9.896862340870683,23,4.768125690947001,13,2238.1572193797883,1,Fixed
18,79.43842250928563,9.896862340870683,23,4.001717190611261,11,2878.2958022282473,1,RL
18,79.43842250928563,9.896862340870683,24,8.252294958259228,12,2840.703950872527,1,Fixed
18,79.43842250928563,9.896862340870683,24,17.139372600323195,16,3082.796786545862,1,RL
18,79.43842250928563,9.896862340870683,25,12.267627941604186,17,3228.3947681095433,1,Fixed
18,79.43842250928563,9.896862340870683,25,13.158825502595766,7,2470.9657856905396,1,RL
18,79.43842250928563,9.896862340870683,26,16.7707671159443,12,3453.75657802546,1,Fixed
18,79.43842250928563,9.896862340870683,26,17.583529754181875,10,3252.639871061794,1,RL
18,79.43842250928563,9.896862340870683,27,3.574800678344437,11,3214.2377809635027,1,Fixed
18,79.43842250928563,9.896862340870683,27,19.610560536425083,13,3506.558071846768,1,RL
18,79.43842250928563,9.896862340870683,28,4.995263977132305,8,2637.8491641342666,1,Fixed
18,79.43842250928563,9.896862340870683,28,2.3896491684749828,11,3155.4502645659186,1,RL
18,79.43842250928563,9.896862340870683,29,13.983951407774299,10,2791.0567195672756,1,Fixed
18,79.43842250928563,9.896862340870683,29,17.107649015690015,12,3029.529284284936,1,RL
18,79.43842250928563,9.896862340870683,30,300.0,300,3786.717026853208,0,Fixed
18,79.43842250928563,9.896862340870683,30,3.3964440136120926,7,1928.480447524729,1,RL
18,79.43842250928563,9.896862340870683,31,3.3847616082874277,18,3495.4130873230806,1,Fixed
18,79.43842250928563,9.896862340870683,31,15.313701914802554,7,1889.1902334925423,1,RL
18,79.43842250928563,9.896862340870683,32,16.656574245570702,13,2872.4939062038975,1,Fixed
18,79.43842250928563,9.896862340870683,32,10.6565837641696,15,3282.0408222114215,1,RL
18,79.43842250928563,9.896862340870683,33,6.91831354347311,13,3408.408971200452,1,Fixed
18,79.43842250928563,9.896862340870683,33,7.680622553399158,11,3300.8614714480027,1,RL
18,79.43842250928563,9.896862340870683,34,22.650943711290118,11,3132.7184183905133,1,Fixed
18,79.43842250928563,9.896862340870683,34,4.484122491008068,13,2604.6347237171994,1,RL
18,79.43842250928563,9.896862340870683,35,11.078405810633125,10,3236.3271137415304,1,Fixed
18,79.43842250928563,9.896862340870683,35,5.076778033099165,15,3302.841773744585,1,RL
18,79.43842250928563,9.896862340870683,36,4.785710536385336,11,2807.7755785418376,1,Fixed
18,79.43842250928563,9.896862340870683,36,4.526132658749372,14,2534.3352503930496,1,RL
18,79.43842250928563,9.896862340870683,37,8.938480742192763,11,3000.8241850563195,1,Fixed
18,79.43842250928563,9.896862340870683,37,5.3529193030945175,14,2836.3456009332294,1,RL
18,79.43842250928563,9.896862340870683,38,4.641952769048524,14,3126.0398105675076,1,Fixed
18,79.43842250928563,9.896862340870683,38,13.175164268617536,13,2867.790805877674,1,RL
18,79.43842250928563,9.896862340870683,39,26.012632998211064,12,2502.4780758582297,1,Fixed
18,79.43842250928563,9.896862340870683,39,21.764987430743428,11,2589.6617594837326,1,RL
18,79.43842250928563,9.896862340870683,40,23.114885665889567,13,2628.893756110372,1,Fixed
18,79.43842250928563,9.896862340870683,40,13.85484945148628,12,2752.553560485005,1,RL
18,79.43842250928563,9.896862340870683,41,8.808574750830665,13,3411.4568737733925,1,Fixed
18,79.43842250928563,9.896862340870683,41,5.781585621927218,7,2021.6711166078135,1,RL
18,79.43842250928563,9.896862340870683,42,5.98625062350677,14,3763.261023702007,1,Fixed
18,79.43842250928563,9.896862340870683,42,3.5379038851242712,9,2955.6075648211663,1,RL
18,79.43842250928563,9.896862340870683,43,10.108418137967764,12,2899.4809108102518,1,Fixed
18,79.43842250928563,9.896862340870683,43,12.2109680668868,11,3039.8095280979524,1,RL
18,79.43842250928563,9.896862340870683,44,6.520349961521541,13,2590.6679346663173,1,Fixed
18,79.43842250928563,9.896862340870683,44,7.804545849559214,11,2963.59139630485,1,RL
18,79.43842250928563,9.896862340870683,45,20.611845352885585,16,3804.935395187943,1,Fixed
18,79.43842250928563,9.896862340870683,45,5.3840014966576,11,2328.6587152683646,1,RL
18,79.43842250928563,9.896862340870683,46,5.641099791757508,10,2700.629170735539,1,Fixed
18,79.43842250928563,9.896862340870683,46,13.093150926777758,13,2454.0842033368585,1,RL
18,79.43842250928563,9.896862340870683,47,3.303517518073252,11,2265.3514800392677,1,Fixed
18,79.43842250928563,9.896862340870683,47,19.3844232538162,13,2774.984548531822,1,RL
18,79.43842250928563,9.896862340870683,48,18.796200764153294,11,2686.4059468339856,1,Fixed
18,79.43842250928563,9.896862340870683,48,3.8915794427114867,9,2956.439617108928,1,RL
18,79.43842250928563,9.896862340870683,49,4.395787524841185,12,3428.1644369561127,1,Fixed
18,79.43842250928563,9.896862340870683,49,14.746440953017807,8,2215.287536992377,1,RL
18,79.43842250928563,9.896862340870683,50,18.398965992041564,10,2636.322922656433,1,Fixed
18,79.43842250928563,9.896862340870683,50,2.234169095493855,12,2625.456113895534,1,RL
18,79.43842250928563,9.896862340870683,51,3.4632930528348718,5,2389.81562826728,1,Fixed
18,79.43842250928563,9.896862340870683,51,16.783722987627915,16,3184.631875929912,1,RL
18,79.43842250928563,9.896862340870683,52,18.079936106440766,12,3074.813011990436,1,Fixed
18,79.43842250928563,9.896862340870683,52,17.785407959107037,11,2989.305448981311,1,RL
18,79.43842250928563,9.896862340870683,53,12.688868914464159,10,2774.576214662876,1,Fixed
18,79.43842250928563,9.896862340870683,53,5.829947984898145,12,3004.9939928428576,1,RL
18,79.43842250928563,9.896862340870683,54,13.831618702033424,10,2600.87144127338,1,Fixed
18,79.43842250928563,9.896862340870683,54,17.374558752191458,13,3387.681698053121,1,RL
18,79.43842250928563,9.896862340870683,55,3.3338413957239803,8,2298.7351229001792,1,Fixed
18,79.43842250928563,9.896862340870683,55,3.234472110990546,14,3205.4927179824185,1,RL
18,79.43842250928563,9.896862340870683,56,300.0,300,2784.2995869542956,0,Fixed
18,79.43842250928563,9.896862340870683,56,4.571080518243437,11,2534.882318990824,1,RL
18,79.43842250928563,9.896862340870683,57,4.276318911553741,12,3038.569322243436,1,Fixed
18,79.43842250928563,9.896862340870683,57,2.5553798998343003,11,2565.8828138929493,1,RL
18,79.43842250928563,9.896862340870683,58,2.1737487378591185,13,3015.082545615691,1,Fixed
18,79.43842250928563,9.896862340870683,58,24.564475955536217,15,3305.6501844025793,1,RL
18,79.43842250928563,9.896862340870683,59,5.90779960849428,14,2614.9300709333784,1,Fixed
18,79.43842250928563,9.896862340870683,59,8.016043684476394,12,2263.4734923992996,1,RL
18,79.43842250928563,9.896862340870683,60,5.798158567325875,13,2728.972314109061,1,Fixed
18,79.43842250928563,9.896862340870683,60,16.274708737944,14,3313.0576726527597,1,RL
18,79.43842250928563,9.896862340870683,61,16.898539413432935,9,2670.657602939394,1,Fixed
18,79.43842250928563,9.896862340870683,61,20.181017744798698,13,3084.7066778768985,1,RL
18,79.43842250928563,9.896862340870683,62,4.265186003498271,12,3078.0557518548744,1,Fixed
18,79.43842250928563,9.896862340870683,62,3.490427985716031,12,2484.2131792652317,1,RL
18,79.43842250928563,9.896862340870683,63,4.877536512994275,12,3087.2040280227147,1,Fixed
18,79.43842250928563,9.896862340870683,63,11.655917178426234,14,2204.513808748892,1,RL
18,79.43842250928563,9.896862340870683,64,20.364286573047348,12,2852.817059567648,1,Fixed
18,79.43842250928563,9.896862340870683,64,11.815291802689448,14,3079.4701448011547,1,RL
18,79.43842250928563,9.896862340870683,65,15.786460368186292,13,2668.4835473351386,1,Fixed
18,79.43842250928563,9.896862340870683,65,16.268033976365363,12,3084.400250308301,1,RL
18,79.43842250928563,9.896862340870683,66,6.464809247656545,15,3189.050334580829,1,Fixed
18,79.43842250928563,9.896862340870683,66,9.702353025997592,11,2629.109363353024,1,RL
18,79.43842250928563,9.896862340870683,67,300.0,300,3381.1201420323896,0,Fixed
18,79.43842250928563,9.896862340870683,67,1.5806218082220789,10,1965.1506640240489,1,RL
18,79.43842250928563,9.896862340870683,68,1.9672615808882745,12,2713.5508995864293,1,Fixed
18,79.43842250928563,9.896862340870683,68,1.8996398540955906,15,3573.6286577784645,1,RL
18,79.43842250928563,9.896862340870683,69,9.572446106960012,8,2277.195533485073,1,Fixed
18,79.43842250928563,9.896862340870683,69,14.419455604282408,12,3213.4347756413645,1,RL
18,79.43842250928563,9.896862340870683,70,2.0814099913407165,12,2586.8752913902954,1,Fixed
18,79.43842250928563,9.896862340870683,70,19.31593165190857,13,2888.113251788493,1,RL
18,79.43842250928563,9.896862340870683,71,3.2424505919967848,10,2775.1618134162554,1,Fixed
18,79.43842250928563,9.896862340870683,71,14.069824844343026,12,2631.2246516166233,1,RL
18,79.43842250928563,9.896862340870683,72,19.195707484161737,15,3170.7741632310112,1,Fixed
18,79.43842250928563,9.896862340870683,72,14.948439930820879,7,2668.358372253479,1,RL
18,79.43842250928563,9.896862340870683,73,13.986033012665407,15,2590.262150134561,1,Fixed
18,79.43842250928563,9.896862340870683,73,3.0716717669700357,12,2540.7188180578264,1,RL
18,79.43842250928563,9.896862340870683,74,16.01950678191466,14,3408.298804360008,1,Fixed
18,79.43842250928563,9.896862340870683,74,7.607267579578279,12,2794.3511346990385,1,RL
18,79.43842250928563,9.896862340870683,75,8.356116396289872,12,2827.46592133211,1,Fixed
18,79.43842250928563,9.896862340870683,75,16.87606611413694,14,3231.519771923819,1,RL
18,79.43842250928563,9.896862340870683,76,7.4322596201258095,14,2739.1046627026076,1,Fixed
18,79.43842250928563,9.896862340870683,76,21.918314793644594,11,2789.883614975567,1,RL
18,79.43842250928563,9.896862340870683,77,2.0889410773831063,13,3024.653021694135,1,Fixed
18,79.43842250928563,9.896862340870683,77,12.132792728998238,8,2679.0432080600776,1,RL
18,79.43842250928563,9.896862340870683,78,10.078472937778853,2,1317.822181329162,1,Fixed
18,79.43842250928563,9.896862340870683,78,5.8314008765655645,11,2811.820296515373,1,RL
18,79.43842250928563,9.896862340870683,79,4.764269903737077,13,2661.9148351876534,1,Fixed
18,79.43842250928563,9.896862340870683,79,18.043841636616257,11,2540.19356206989,1,RL
18,79.43842250928563,9.896862340870683,80,5.806529470334871,13,2702.133382428801,1,Fixed
18,79.43842250928563,9.896862340870683,80,21.287197042772384,14,3177.4779787215352,1,RL
18,79.43842250928563,9.896862340870683,81,7.588231665953932,12,2526.7497091933765,1,Fixed
18,79.43842250928563,9.896862340870683,81,1.837917708691793,11,2890.2169788272295,1,RL
18,79.43842250928563,9.896862340870683,82,2.3905018336862844,13,3114.472340856398,1,Fixed
18,79.43842250928563,9.896862340870683,82,2.0494403920786444,11,3200.629283157577,1,RL
18,79.43842250928563,9.896862340870683,83,4.155584929709073,10,2876.1062333182426,1,Fixed
18,79.43842250928563,9.896862340870683,83,22.554933777821315,13,3966.6629818904953,1,RL
18,79.43842250928563,9.896862340870683,84,15.177936727784703,13,2753.727333227818,1,Fixed
18,79.43842250928563,9.896862340870683,84,16.251148247554852,9,2557.466221506803,1,RL
18,79.43842250928563,9.896862340870683,85,13.819880365905865,14,3155.6249402132617,1,Fixed
18,79.43842250928563,9.896862340870683,85,3.759130054049025,13,2598.420223418718,1,RL
18,79.43842250928563,9.896862340870683,86,16.07289554332407,13,3159.275580715328,1,Fixed
18,79.43842250928563,9.896862340870683,86,6.898338713388236,10,2439.4967945355447,1,RL
18,79.43842250928563,9.896862340870683,87,25.434342971407947,15,3265.3880841806113,1,Fixed
18,79.43842250928563,9.896862340870683,87,9.910347085829319,13,3026.720532171787,1,RL
18,79.43842250928563,9.896862340870683,88,1.914196239697357,11,2945.8584243947503,1,Fixed
18,79.43842250928563,9.896862340870683,88,1.8525772923998995,11,2904.3244843440375,1,RL
18,79.43842250928563,9.896862340870683,89,7.702082418942547,16,3567.7587653316764,1,Fixed
18,79.43842250928563,9.896862340870683,89,18.501587206384077,16,3639.8119260163694,1,RL
18,79.43842250928563,9.896862340870683,90,5.055107804322764,11,2537.292873301143,1,Fixed
18,79.43842250928563,9.896862340870683,90,11.121913862424462,9,2409.4772407303153,1,RL
18,79.43842250928563,9.896862340870683,91,300.0,300,2981.902807263251,0,Fixed
18,79.43842250928563,9.896862340870683,91,8.101935733725806,11,3107.6746251366244,1,RL
18,79.43842250928563,9.896862340870683,92,8.44859892634726,8,2714.9980366946393,1,Fixed
18,79.43842250928563,9.896862340870683,92,6.545073172625846,13,2887.5029874336087,1,RL
18,79.43842250928563,9.896862340870683,93,1.86926347198223,9,2400.6236022781445,1,Fixed
18,79.43842250928563,9.896862340870683,93,18.5179821068976,11,2860.6953195050774,1,RL
18,79.43842250928563,9.896862340870683,94,9.93592168267842,12,2721.25130308546,1,Fixed
18,79.43842250928563,9.896862340870683,94,27.394112749208556,14,3142.410688131897,1,RL
18,79.43842250928563,9.896862340870683,95,13.67205800668265,13,2855.8290541589186,1,Fixed
18,79.43842250928563,9.896862340870683,95,16.503509757650274,13,3084.2303226901395,1,RL
18,79.43842250928563,9.896862340870683,96,5.527484405171043,12,2596.9009383474718,1,Fixed
18,79.43842250928563,9.896862340870683,96,22.96441334980873,13,3454.1558959399363,1,RL
18,79.43842250928563,9.896862340870683,97,5.140848957942293,9,2603.23527541077,1,Fixed
18,79.43842250928563,9.896862340870683,97,11.57143234781217,13,2904.8540827565957,1,RL
18,79.43842250928563,9.896862340870683,98,18.9363387801208,10,2505.229792699022,1,Fixed
18,79.43842250928563,9.896862340870683,98,17.881695887205147,12,2775.0645264718105,1,RL
18,79.43842250928563,9.896862340870683,99,14.720216023119388,16,3030.181330604655,1,Fixed
18,79.43842250928563,9.896862340870683,99,3.7419982180219313,13,2628.5820105814355,1,RL
19,27.13813950795846,85.51094219974401,0,2.1114034696857216,8,2804.8684955633903,1,Fixed
19,27.13813950795846,85.51094219974401,0,9.060265897495679,12,2702.976608675744,1,RL
19,27.13813950795846,85.51094219974401,1,6.211765164512817,6,2101.450470154547,1,Fixed
19,27.13813950795846,85.51094219974401,1,4.0557647420992184,13,3289.6225150135633,1,RL
19,27.13813950795846,85.51094219974401,2,9.966146977713827,12,3127.164931334022,1,Fixed
19,27.13813950795846,85.51094219974401,2,7.2214338812295065,13,2521.8239900923586,1,RL
19,27.13813950795846,85.51094219974401,3,14.787182161644605,12,2745.771479580382,1,Fixed
19,27.13813950795846,85.51094219974401,3,6.742421489010704,5,2624.1842357631317,1,RL
19,27.13813950795846,85.51094219974401,4,5.051563225362921,9,2319.0607691317496,1,Fixed
19,27.13813950795846,85.51094219974401,4,17.906999300619198,12,3007.1746200442117,1,RL
19,27.13813950795846,85.51094219974401,5,12.99748215654823,12,2659.8859369813786,1,Fixed
19,27.13813950795846,85.51094219974401,5,10.604587051702874,7,2431.5372545217274,1,RL
19,27.13813950795846,85.51094219974401,6,20.56504106999722,13,2722.0030303047733,1,Fixed
19,27.13813950795846,85.51094219974401,6,24.860572786833572,15,3039.317847821042,1,RL
19,27.13813950795846,85.51094219974401,7,15.302354282318351,10,2231.009904789448,1,Fixed
19,27.13813950795846,85.51094219974401,7,18.4362521312251,12,3647.9315979671933,1,RL
19,27.13813950795846,85.51094219974401,8,8.386302018331733,9,2743.693889644103,1,Fixed
19,27.13813950795846,85.51094219974401,8,9.293013824804998,12,2562.859768394554,1,RL
19,27.13813950795846,85.51094219974401,9,10.990737716986805,11,3079.5616670872796,1,Fixed
19,27.13813950795846,85.51094219974401,9,28.830639482241015,13,3786.036723811312,1,RL
19,27.13813950795846,85.51094219974401,10,4.549707841079847,14,2921.328152012196,1,Fixed
19,27.13813950795846,85.51094219974401,10,19.572319145196055,14,2904.4043380921494,1,RL
19,27.13813950795846,85.51094219974401,11,7.104574442606274,12,2647.7718235843627,1,Fixed
19,27.13813950795846,85.51094219974401,11,7.56353533422668,16,2811.5499608535583,1,RL
19,27.13813950795846,85.51094219974401,12,24.5012216945729,14,2466.8893160863317,1,Fixed
19,27.13813950795846,85.51094219974401,12,6.872922589158499,14,2717.1633771744923,1,RL
19,27.13813950795846,85.51094219974401,13,2.6267047039406144,13,3019.351504706996,1,Fixed
19,27.13813950795846,85.51094219974401,13,12.742061542903127,15,3013.328169499995,1,RL
19,27.13813950795846,85.51094219974401,14,6.578154051838555,11,2435.5173192243137,1,Fixed
19,27.13813950795846,85.51094219974401,14,21.779823265268725,13,2520.302007438458,1,RL
19,27.13813950795846,85.51094219974401,15,13.943388165038204,9,2834.6073305654304,1,Fixed
19,27.13813950795846,85.51094219974401,15,7.96279345263663,10,2400.0682332183233,1,RL
19,27.13813950795846,85.51094219974401,16,5.251641452685007,10,2783.8540812658816,1,Fixed
19,27.13813950795846,85.51094219974401,16,5.347453342118605,13,2994.01169209227,1,RL
19,27.13813950795846,85.51094219974401,17,12.603883692199286,13,2799.076525911437,1,Fixed
19,27.13813950795846,85.51094219974401,17,14.407071860917474,15,3123.6043619623906,1,RL
19,27.13813950795846,85.51094219974401,18,6.648058944403969,14,2519.7151154314797,1,Fixed
19,27.13813950795846,85.51094219974401,18,16.749624107173936,12,2545.242831018534,1,RL
19,27.13813950795846,85.51094219974401,19,20.21022804499055,13,2948.759831959571,1,Fixed
19,27.13813950795846,85.51094219974401,19,17.35679371263907,12,2963.0990222170285,1,RL
19,27.13813950795846,85.51094219974401,20,16.696956085568495,13,3353.365748221257,1,Fixed
19,27.13813950795846,85.51094219974401,20,5.8434079119678435,13,2679.4735410361436,1,RL
19,27.13813950795846,85.51094219974401,21,22.758802973069542,12,2829.4896459481265,1,Fixed
19,27.13813950795846,85.51094219974401,21,8.753777493441394,18,3721.3921713527693,1,RL
19,27.13813950795846,85.51094219974401,22,23.143930763829257,11,2764.63247726377,1,Fixed
19,27.13813950795846,85.51094219974401,22,18.724147972123692,13,3429.510519699483,1,RL
19,27.13813950795846,85.51094219974401,23,5.278172530056081,12,2480.5270750677387,1,Fixed
19,27.13813950795846,85.51094219974401,23,13.952926128153914,14,3470.832053645138,1,RL
19,27.13813950795846,85.51094219974401,24,3.102025687292607,18,3461.416938543979,1,Fixed
19,27.13813950795846,85.51094219974401,24,5.4563198786657505,15,3115.0970121016203,1,RL
19,27.13813950795846,85.51094219974401,25,15.036914430364742,13,3043.981732910669,1,Fixed
19,27.13813950795846,85.51094219974401,25,3.1146464969695367,11,2785.317777790608,1,RL
19,27.13813950795846,85.51094219974401,26,10.422560920232558,10,2339.610158038134,1,Fixed
19,27.13813950795846,85.51094219974401,26,17.293231730308513,18,3199.9466239944363,1,RL
19,27.13813950795846,85.51094219974401,27,5.141554476906674,12,2624.326189571593,1,Fixed
19,27.13813950795846,85.51094219974401,27,7.088303860109245,11,2640.362177187661,1,RL
19,27.13813950795846,85.51094219974401,28,8.846707277467631,15,2662.119426260236,1,Fixed
19,27.13813950795846,85.51094219974401,28,9.800309259183154,11,2851.3381163557915,1,RL
19,27.13813950795846,85.51094219974401,29,15.387676190190438,12,2648.271579644315,1,Fixed
19,27.13813950795846,85.51094219974401,29,22.422760226188778,14,3062.795031567365,1,RL
19,27.13813950795846,85.51094219974401,30,12.486296376317664,9,2640.5807969963566,1,Fixed
19,27.13813950795846,85.51094219974401,30,12.073039451652551,15,3499.1596044976936,1,RL
19,27.13813950795846,85.51094219974401,31,18.614056175492177,13,3104.5794798586235,1,Fixed
19,27.13813950795846,85.51094219974401,31,4.433945613605429,11,2217.7802335467,1,RL
19,27.13813950795846,85.51094219974401,32,8.068715900450695,13,2535.870498240179,1,Fixed
19,27.13813950795846,85.51094219974401,32,18.006149818368733,14,2931.9819997485465,1,RL
19,27.13813950795846,85.51094219974401,33,14.897936549992114,7,2451.890936862477,1,Fixed
19,27.13813950795846,85.51094219974401,33,3.5124039737417028,12,2697.1557738932934,1,RL
19,27.13813950795846,85.51094219974401,34,14.971358953470027,14,3041.643257813931,1,Fixed
19,27.13813950795846,85.51094219974401,34,5.28864648878127,12,2658.05173771737,1,RL
19,27.13813950795846,85.51094219974401,35,13.569516208474983,12,2971.1980153668787,1,Fixed
19,27.13813950795846,85.51094219974401,35,6.167644873085357,12,2490.063410328891,1,RL
19,27.13813950795846,85.51094219974401,36,16.309982097782054,13,3269.6715014940687,1,Fixed
19,27.13813950795846,85.51094219974401,36,26.949456582244817,16,2769.87731443699,1,RL
19,27.13813950795846,85.51094219974401,37,3.8512344991081995,14,3092.329302327441,1,Fixed
19,27.13813950795846,85.51094219974401,37,10.278738054995447,14,2662.85217309507,1,RL
19,27.13813950795846,85.51094219974401,38,14.541694438035924,13,2977.4538602237853,1,Fixed
19,27.13813950795846,85.51094219974401,38,2.666443024278392,11,2733.3743037800705,1,RL
19,27.13813950795846,85.51094219974401,39,2.8529529476510342,5,2146.643084809149,1,Fixed
19,27.13813950795846,85.51094219974401,39,15.266532239582464,13,2586.9096123738327,1,RL
19,27.13813950795846,85.51094219974401,40,20.864163894619814,12,2637.5980966441284,1,Fixed
19,27.13813950795846,85.51094219974401,40,300.0,300,3027.8925184015425,0,RL
19,27.13813950795846,85.51094219974401,41,9.614811001309175,12,2493.4030390019975,1,Fixed
19,27.13813950795846,85.51094219974401,41,4.354627901460886,12,2550.989785343188,1,RL
19,27.13813950795846,85.51094219974401,42,6.650717462069821,8,2059.5020285632254,1,Fixed
19,27.13813950795846,85.51094219974401,42,14.29907814043013,16,2984.48507286477,1,RL
19,27.13813950795846,85.51094219974401,43,9.301871433187724,14,3111.2210549971,1,Fixed
19,27.13813950795846,85.51094219974401,43,12.027679064088609,15,2214.837302780436,1,RL
19,27.13813950795846,85.51094219974401,44,21.609570235106304,16,3057.4254296755335,1,Fixed
19,27.13813950795846,85.51094219974401,44,5.274988534863697,12,2745.759767697277,1,RL
19,27.13813950795846,85.51094219974401,45,8.393591951657742,12,2855.6156809691847,1,Fixed
19,27.13813950795846,85.51094219974401,45,11.385944932653285,11,2369.3556996424763,1,RL
19,27.13813950795846,85.51094219974401,46,10.266020486361882,13,2850.431474099141,1,Fixed
19,27.13813950795846,85.51094219974401,46,13.738034660536178,14,3103.8837637617826,1,RL
19,27.13813950795846,85.51094219974401,47,18.224797018222183,15,2991.4073521630853,1,Fixed
19,27.13813950795846,85.51094219974401,47,3.7467890375937882,9,2714.3081927979297,1,RL
19,27.13813950795846,85.51094219974401,48,4.741904749706611,9,2895.4495467315487,1,Fixed
19,27.13813950795846,85.51094219974401,48,5.269940251668259,9,2754.925228231705,1,RL
19,27.13813950795846,85.51094219974401,49,18.982691801683693,13,3253.7880589145393,1,Fixed
19,27.13813950795846,85.51094219974401,49,16.439430281349466,11,2588.238164341001,1,RL
19,27.13813950795846,85.51094219974401,50,16.779003576746337,14,3123.344533269428,1,Fixed
19,27.13813950795846,85.51094219974401,50,12.092340405088668,14,2618.11899302497,1,RL
19,27.13813950795846,85.51094219974401,51,19.552140232874955,14,3253.7460498784462,1,Fixed
19,27.13813950795846,85.51094219974401,51,17.679280233711303,15,2961.6319197786415,1,RL
19,27.13813950795846,85.51094219974401,52,4.779877253334832,13,2501.9521192405473,1,Fixed
19,27.13813950795846,85.51094219974401,52,13.074243062578123,14,2629.153917487393,1,RL
19,27.13813950795846,85.51094219974401,53,14.356011574262855,13,2763.3064130630064,1,Fixed
19,27.13813950795846,85.51094219974401,53,2.3764880697471966,14,3097.6434171146248,1,RL
19,27.13813950795846,85.51094219974401,54,4.89004162844436,13,2973.277628102637,1,Fixed
19,27.13813950795846,85.51094219974401,54,6.651851678476447,10,2152.036768585184,1,RL
19,27.13813950795846,85.51094219974401,55,6.684018811433255,14,2702.2728463581607,1,Fixed
19,27.13813950795846,85.51094219974401,55,4.981178078968831,13,2914.5629747164626,1,RL
19,27.13813950795846,85.51094219974401,56,2.143888448795946,11,2729.2444592099464,1,Fixed
19,27.13813950795846,85.51094219974401,56,2.6334027679870182,11,2921.507043517972,1,RL
19,27.13813950795846,85.51094219974401,57,6.5788532455083395,12,2762.645746980742,1,Fixed
19,27.13813950795846,85.51094219974401,57,3.9738417611601706,11,2303.838896386438,1,RL
19,27.13813950795846,85.51094219974401,58,14.15211392207552,12,2630.819590350631,1,Fixed
19,27.13813950795846,85.51094219974401,58,18.100656218974216,7,3061.980461215347,1,RL
19,27.13813950795846,85.51094219974401,59,15.56914528273506,13,2862.848750980933,1,Fixed
19,27.13813950795846,85.51094219974401,59,15.50264148309391,10,3176.7056575062643,1,RL
19,27.13813950795846,85.51094219974401,60,3.8778739488965224,13,2599.817325609338,1,Fixed
19,27.13813950795846,85.51094219974401,60,13.002484201460623,15,3045.829130043939,1,RL
19,27.13813950795846,85.51094219974401,61,7.755234336347033,12,3003.050521261572,1,Fixed
19,27.13813950795846,85.51094219974401,61,7.117737788546968,11,2622.4667408651244,1,RL
19,27.13813950795846,85.51094219974401,62,21.588639766585395,15,2865.7963646672133,1,Fixed
19,27.13813950795846,85.51094219974401,62,6.001756767670189,12,2906.330278074813,1,RL
19,27.13813950795846,85.51094219974401,63,3.27361126197019,9,2181.81731000868,1,Fixed
19,27.13813950795846,85.51094219974401,63,7.465191790198512,11,2882.9893439493094,1,RL
19,27.13813950795846,85.51094219974401,64,13.6263260198881,10,2836.236899293369,1,Fixed
19,27.13813950795846,85.51094219974401,64,5.435929523292092,13,2770.2593433583634,1,RL
19,27.13813950795846,85.51094219974401,65,5.182065552227717,9,2909.9251035033967,1,Fixed
19,27.13813950795846,85.51094219974401,65,17.481462963904274,11,3025.0662961675052,1,RL
19,27.13813950795846,85.51094219974401,66,3.046773332879374,13,2816.3538225857665,1,Fixed
19,27.13813950795846,85.51094219974401,66,15.873931790841642,15,2633.1563165968696,1,RL
19,27.13813950795846,85.51094219974401,67,20.249593191032112,12,3492.227846547015,1,Fixed
19,27.13813950795846,85.51094219974401,67,15.108345315359438,7,2420.0564742131846,1,RL
19,27.13813950795846,85.51094219974401,68,2.173327900683501,8,2967.2567182718303,1,Fixed
19,27.13813950795846,85.51094219974401,68,9.144720197546077,11,2582.969859124619,1,RL
19,27.13813950795846,85.51094219974401,69,3.3131552092249086,11,2725.939301005063,1,Fixed
19,27.13813950795846,85.51094219974401,69,16.059184843259143,15,2648.710322791985,1,RL
19,27.13813950795846,85.51094219974401,70,2.937027859244185,12,3227.3256093082978,1,Fixed
19,27.13813950795846,85.51094219974401,70,12.442330739459159,12,2977.604617746271,1,RL
19,27.13813950795846,85.51094219974401,71,8.461889433404341,13,2987.3591279061093,1,Fixed
19,27.13813950795846,85.51094219974401,71,2.7482722102845996,9,2297.1808152123626,1,RL
19,27.13813950795846,85.51094219974401,72,9.656724615589424,10,2483.176621111506,1,Fixed
19,27.13813950795846,85.51094219974401,72,12.143448380232956,14,2873.993700411301,1,RL
19,27.13813950795846,85.51094219974401,73,14.983267663889006,11,3042.9468256593777,1,Fixed
19,27.13813950795846,85.51094219974401,73,10.103693218182922,11,3248.503519632478,1,RL
19,27.13813950795846,85.51094219974401,74,9.86709097111938,14,2524.703060621751,1,Fixed
19,27.13813950795846,85.51094219974401,74,14.50401188744938,15,2960.1703139411366,1,RL
19,27.13813950795846,85.51094219974401,75,5.25447542385841,14,2974.772381766494,1,Fixed
19,27.13813950795846,85.51094219974401,75,15.929280938107691,12,3455.224017629627,1,RL
19,27.13813950795846,85.51094219974401,76,5.44875326515274,10,2092.931668159775,1,Fixed
19,27.13813950795846,85.51094219974401,76,5.306106531995228,12,2620.182593430554,1,RL
19,27.13813950795846,85.51094219974401,77,10.246535518869155,14,2808.4674790857703,1,Fixed
19,27.13813950795846,85.51094219974401,77,15.795059699973748,12,3192.698008132977,1,RL
19,27.13813950795846,85.51094219974401,78,18.914864749271736,11,2496.083767769582,1,Fixed
19,27.13813950795846,85.51094219974401,78,2.892253627635784,12,2462.6145035257846,1,RL
19,27.13813950795846,85.51094219974401,79,15.288348274530147,14,2838.266958621199,1,Fixed
19,27.13813950795846,85.51094219974401,79,4.278291011503488,12,3642.872665283862,1,RL
19,27.13813950795846,85.51094219974401,80,21.26044641230034,13,3257.4052379444447,1,Fixed
19,27.13813950795846,85.51094219974401,80,8.256254252248066,13,2649.050921760307,1,RL
19,27.13813950795846,85.51094219974401,81,12.415222619177523,12,2878.4255720783567,1,Fixed
19,27.13813950795846,85.51094219974401,81,7.021700119812873,13,2754.707364001093,1,RL
19,27.13813950795846,85.51094219974401,82,16.984757237007376,10,2772.088359219542,1,Fixed
19,27.13813950795846,85.51094219974401,82,22.358447960314784,14,3175.9709107839512,1,RL
19,27.13813950795846,85.51094219974401,83,3.305897000487581,10,2675.62910435917,1,Fixed
19,27.13813950795846,85.51094219974401,83,15.114633426236798,15,2745.476458061796,1,RL
19,27.13813950795846,85.51094219974401,84,16.50497054999031,15,2973.6486625688804,1,Fixed
19,27.13813950795846,85.51094219974401,84,22.79750287644043,12,2596.74477520161,1,RL
19,27.13813950795846,85.51094219974401,85,13.410744785812195,12,3013.3905522842624,1,Fixed
19,27.13813950795846,85.51094219974401,85,16.00000150020939,11,2580.9942133136906,1,RL
19,27.13813950795846,85.51094219974401,86,9.437768807727334,11,3059.542265959384,1,Fixed
19,27.13813950795846,85.51094219974401,86,3.6913096376642245,11,2689.2831228514206,1,RL
19,27.13813950795846,85.51094219974401,87,4.865680705824146,7,2885.0548318508745,1,Fixed
19,27.13813950795846,85.51094219974401,87,3.747655686526133,10,3585.676970245538,1,RL
19,27.13813950795846,85.51094219974401,88,14.765158914261125,8,2371.4368579234424,1,Fixed
19,27.13813950795846,85.51094219974401,88,12.58975878108264,13,2505.6619634194008,1,RL
19,27.13813950795846,85.51094219974401,89,4.192334529556673,9,2670.2221987201333,1,Fixed
19,27.13813950795846,85.51094219974401,89,3.6772319443365986,15,3091.354756119738,1,RL
19,27.13813950795846,85.51094219974401,90,18.82570171246532,15,3667.225661817406,1,Fixed
19,27.13813950795846,85.51094219974401,90,4.067642794114628,14,2576.637607943935,1,RL
19,27.13813950795846,85.51094219974401,91,15.20262728996101,11,2868.8259383197656,1,Fixed
19,27.13813950795846,85.51094219974401,91,19.997844965962223,15,3224.179684121696,1,RL
19,27.13813950795846,85.51094219974401,92,15.92056063044851,14,2867.399991263489,1,Fixed
19,27.13813950795846,85.51094219974401,92,3.0132955170781073,8,3027.56375966822,1,RL
19,27.13813950795846,85.51094219974401,93,3.6006620336128115,11,2823.206472636538,1,Fixed
19,27.13813950795846,85.51094219974401,93,14.946007605611566,10,2657.5780718535348,1,RL
19,27.13813950795846,85.51094219974401,94,18.56084868858873,14,2788.2794783775093,1,Fixed
19,27.13813950795846,85.51094219974401,94,13.540111311518412,9,2786.6903637240594,1,RL
19,27.13813950795846,85.51094219974401,95,15.409362011958894,10,2529.1421725646464,1,Fixed
19,27.13813950795846,85.51094219974401,95,14.527913577178358,7,3080.8612863359053,1,RL
19,27.13813950795846,85.51094219974401,96,13.311950804622223,14,3368.896197069357,1,Fixed
19,27.13813950795846,85.51094219974401,96,6.241706253364287,13,2081.283486286032,1,RL
19,27.13813950795846,85.51094219974401,97,5.719495444137097,14,2932.474254479857,1,Fixed
19,27.13813950795846,85.51094219974401,97,20.257037408124724,11,2827.2721400780056,1,RL
19,27.13813950795846,85.51094219974401,98,5.391582205818921,8,2399.491645057258,1,Fixed
19,27.13813950795846,85.51094219974401,98,5.202089391462726,13,3092.681404633088,1,RL
19,27.13813950795846,85.51094219974401,99,13.931196087663261,14,2521.0699180955253,1,Fixed
19,27.13813950795846,85.51094219974401,99,7.273667407923267,13,3285.2910735987257,1,RL
20,34.64692870786672,97.30453495141612,0,15.167019031239514,15,2749.782291566198,1,Fixed
20,34.64692870786672,97.30453495141612,0,3.9134906801387546,13,2961.4723080261742,1,RL
20,34.64692870786672,97.30453495141612,1,2.7716229566361026,13,3259.550445384798,1,Fixed
20,34.64692870786672,97.30453495141612,1,21.462416136164347,10,3480.4179381802505,1,RL
20,34.64692870786672,97.30453495141612,2,3.46478459444144,12,3208.577771847359,1,Fixed
20,34.64692870786672,97.30453495141612,2,24.408003764780776,15,3823.805602711708,1,RL
20,34.64692870786672,97.30453495141612,3,9.768631509711796,3,2019.235873836274,1,Fixed
20,34.64692870786672,97.30453495141612,3,300.0,300,2987.104877038388,0,RL
20,34.64692870786672,97.30453495141612,4,1.5162011377818823,14,3082.5677531846263,1,Fixed
20,34.64692870786672,97.30453495141612,4,23.93154135969379,12,3386.8283021019893,1,RL
20,34.64692870786672,97.30453495141612,5,300.0,300,3495.814515117027,0,Fixed
20,34.64692870786672,97.30453495141612,5,26.636768843501653,12,2511.928905721543,1,RL
20,34.64692870786672,97.30453495141612,6,14.924132194251428,13,2871.976054791755,1,Fixed
20,34.64692870786672,97.30453495141612,6,18.10241272928851,15,3138.7851948620487,1,RL
20,34.64692870786672,97.30453495141612,7,3.7825213040972985,14,2553.709762743612,1,Fixed
20,34.64692870786672,97.30453495141612,7,0.5503704918096285,9,2774.806608907699,1,RL
20,34.64692870786672,97.30453495141612,8,3.5917088193946762,18,2584.711485238132,1,Fixed
20,34.64692870786672,97.30453495141612,8,25.337529250005698,12,3157.408257153151,1,RL
20,34.64692870786672,97.30453495141612,9,17.01838584329581,15,3364.5919021689524,1,Fixed
20,34.64692870786672,97.30453495141612,9,11.382695780501036,10,3258.8051848273567,1,RL
20,34.64692870786672,97.30453495141612,10,4.020234482750335,12,2764.4238682489904,1,Fixed
20,34.64692870786672,97.30453495141612,10,8.356369992172436,16,3135.631103512397,1,RL
20,34.64692870786672,97.30453495141612,11,7.925272363732025,3,1670.3332642953178,1,Fixed
20,34.64692870786672,97.30453495141612,11,21.66140652895326,13,3136.1513186439,1,RL
20,34.64692870786672,97.30453495141612,12,300.0,300,3139.0611142746084,0,Fixed
20,34.64692870786672,97.30453495141612,12,7.8011956048646995,12,2897.4318919204334,1,RL
20,34.64692870786672,97.30453495141612,13,2.222231793509606,12,2772.8430248838717,1,Fixed
20,34.64692870786672,97.30453495141612,13,1.6931288986291666,12,2843.5612066591634,1,RL
20,34.64692870786672,97.30453495141612,14,4.991195317826354,12,2599.8400211831113,1,Fixed
20,34.64692870786672,97.30453495141612,14,7.232726350181807,8,3291.2831626538,1,RL
20,34.64692870786672,97.30453495141612,15,19.648378198524945,28,3485.742913570349,1,Fixed
20,34.64692870786672,97.30453495141612,15,20.463427066382515,17,3395.721402521497,1,RL
20,34.64692870786672,97.30453495141612,16,300.0,300,2803.9791914265534,0,Fixed
20,34.64692870786672,97.30453495141612,16,13.122473458748896,16,3402.033823120275,1,RL
20,34.64692870786672,97.30453495141612,17,21.31283696347567,12,3247.4341735757102,1,Fixed
20,34.64692870786672,97.30453495141612,17,4.3123987836439746,15,2885.1767828617667,1,RL
20,34.64692870786672,97.30453495141612,18,300.0,300,3416.9666247708797,0,Fixed
20,34.64692870786672,97.30453495141612,18,5.281395608066094,9,2687.0903658208554,1,RL
20,34.64692870786672,97.30453495141612,19,15.02674893473493,14,3537.0780998311247,1,Fixed
20,34.64692870786672,97.30453495141612,19,25.194514558849125,17,3402.0895388026306,1,RL
20,34.64692870786672,97.30453495141612,20,3.8032286032852567,15,2727.648666627608,1,Fixed
20,34.64692870786672,97.30453495141612,20,12.929786443834711,6,3269.099583124552,1,RL
20,34.64692870786672,97.30453495141612,21,10.49262782234524,10,3149.393472020156,1,Fixed
20,34.64692870786672,97.30453495141612,21,8.728874562566256,14,3252.915128111993,1,RL
20,34.64692870786672,97.30453495141612,22,300.0,300,2431.7595639327537,0,Fixed
20,34.64692870786672,97.30453495141612,22,5.141884598120617,14,3035.429672290038,1,RL
20,34.64692870786672,97.30453495141612,23,11.58315792912486,47,3060.417867679058,1,Fixed
20,34.64692870786672,97.30453495141612,23,6.617441381171322,8,2555.872654296296,1,RL
20,34.64692870786672,97.30453495141612,24,300.0,300,3339.5838706713257,0,Fixed
20,34.64692870786672,97.30453495141612,24,20.98844707730135,14,2841.697512016496,1,RL
20,34.64692870786672,97.30453495141612,25,300.0,300,3799.7919600035466,0,Fixed
20,34.64692870786672,97.30453495141612,25,3.222267338563229,10,2363.5926057948077,1,RL
20,34.64692870786672,97.30453495141612,26,18.433497908808192,15,3670.005044059446,1,Fixed
20,34.64692870786672,97.30453495141612,26,9.504502818356995,12,2963.2208080659448,1,RL
20,34.64692870786672,97.30453495141612,27,2.2984050857143266,8,2781.8350668488965,1,Fixed
20,34.64692870786672,97.30453495141612,27,300.0,300,4436.0935508272,0,RL
20,34.64692870786672,97.30453495141612,28,1.7267718931902523,10,2499.026314094482,1,Fixed
20,34.64692870786672,97.30453495141612,28,22.096325078852537,10,3244.656773888157,1,RL
20,34.64692870786672,97.30453495141612,29,7.297073165394279,13,3014.242433515256,1,Fixed
20,34.64692870786672,97.30453495141612,29,3.8339959180788683,10,2747.3885174247334,1,RL
20,34.64692870786672,97.30453495141612,30,3.108603011352116,13,2533.7771222146825,1,Fixed
20,34.64692870786672,97.30453495141612,30,0.5221154319448744,6,2330.077900674544,1,RL
20,34.64692870786672,97.30453495141612,31,7.081548850515405,9,2597.0453609991227,1,Fixed
20,34.64692870786672,97.30453495141612,31,16.810172730559934,12,2709.962826323942,1,RL
20,34.64692870786672,97.30453495141612,32,9.77578828149036,14,3236.5563643317882,1,Fixed
20,34.64692870786672,97.30453495141612,32,7.149051689101599,12,3084.8864503300997,1,RL
20,34.64692870786672,97.30453495141612,33,1.0484872815537432,8,2504.616687433491,1,Fixed
20,34.64692870786672,97.30453495141612,33,15.453262395712153,11,2946.0326378400005,1,RL
20,34.64692870786672,97.30453495141612,34,1.0012176939786235,12,3165.489414335511,1,Fixed
20,34.64692870786672,97.30453495141612,34,9.508440954432249,17,4032.5034396006777,1,RL
20,34.64692870786672,97.30453495141612,35,300.0,300,2979.8132589544675,0,Fixed
20,34.64692870786672,97.30453495141612,35,300.0,300,3316.3493867661405,0,RL
20,34.64692870786672,97.30453495141612,36,13.954130014852343,12,3163.1123659953523,1,Fixed
20,34.64692870786672,97.30453495141612,36,300.0,300,3072.894294118493,0,RL
20,34.64692870786672,97.30453495141612,37,17.32244043620736,11,2546.027896154724,1,Fixed
20,34.64692870786672,97.30453495141612,37,6.9311806220077035,14,3602.243574093002,1,RL
20,34.64692870786672,97.30453495141612,38,300.0,300,2704.7759920902595,0,Fixed
20,34.64692870786672,97.30453495141612,38,11.836356712468072,9,3017.600288099171,1,RL
20,34.64692870786672,97.30453495141612,39,14.70936973276751,8,2275.5801934050164,1,Fixed
20,34.64692870786672,97.30453495141612,39,300.0,300,2753.750608616684,0,RL
20,34.64692870786672,97.30453495141612,40,13.00735971986044,7,2638.629073603375,1,Fixed
20,34.64692870786672,97.30453495141612,40,4.608848846673492,14,2850.422428487389,1,RL
20,34.64692870786672,97.30453495141612,41,3.482391194532846,7,2566.0378697582673,1,Fixed
20,34.64692870786672,97.30453495141612,41,24.456676387431195,15,3394.101968750595,1,RL
20,34.64692870786672,97.30453495141612,42,2.3705191807320696,12,3026.6581050649784,1,Fixed
20,34.64692870786672,97.30453495141612,42,2.1327689395404996,7,2764.709950351081,1,RL
20,34.64692870786672,97.30453495141612,43,18.94548508180791,10,2527.5719999313833,1,Fixed
20,34.64692870786672,97.30453495141612,43,11.288063451380546,18,3558.6080769131872,1,RL
20,34.64692870786672,97.30453495141612,44,17.58909428209358,12,2945.622918746263,1,Fixed
20,34.64692870786672,97.30453495141612,44,18.43080443093158,14,2855.750219214204,1,RL
20,34.64692870786672,97.30453495141612,45,300.0,300,3026.0900284416516,0,Fixed
20,34.64692870786672,97.30453495141612,45,25.751005526556945,14,3275.453343823714,1,RL
20,34.64692870786672,97.30453495141612,46,10.052508853980212,10,2965.5487415475427,1,Fixed
20,34.64692870786672,97.30453495141612,46,1.2928043137514327,15,3277.3521821552677,1,RL
20,34.64692870786672,97.30453495141612,47,25.343276630238133,19,2471.8518017288743,1,Fixed
20,34.64692870786672,97.30453495141612,47,1.7718466878256582,10,2696.3785101017947,1,RL
20,34.64692870786672,97.30453495141612,48,11.814856242861527,15,3189.7286325252194,1,Fixed
20,34.64692870786672,97.30453495141612,48,300.0,300,5801.354695678221,0,RL
20,34.64692870786672,97.30453495141612,49,10.70183413254174,14,2985.072926888576,1,Fixed
20,34.64692870786672,97.30453495141612,49,27.860782505318504,10,3149.01952736318,1,RL
20,34.64692870786672,97.30453495141612,50,14.275856914164715,14,2927.330129930429,1,Fixed
20,34.64692870786672,97.30453495141612,50,300.0,300,2928.7308487200535,0,RL
20,34.64692870786672,97.30453495141612,51,1.5278371900904213,8,2815.3244782736956,1,Fixed
20,34.64692870786672,97.30453495141612,51,5.926974193858788,8,2359.924555713053,1,RL
20,34.64692870786672,97.30453495141612,52,300.0,300,3564.558133667173,0,Fixed
20,34.64692870786672,97.30453495141612,52,7.220437827850796,15,3052.898765096536,1,RL
20,34.64692870786672,97.30453495141612,53,3.7032180904367555,14,2961.3485844124198,1,Fixed
20,34.64692870786672,97.30453495141612,53,0.5186319575533632,13,2964.4824985851174,1,RL
20,34.64692870786672,97.30453495141612,54,300.0,300,3090.333460074298,0,Fixed
20,34.64692870786672,97.30453495141612,54,8.53023359739996,12,2479.8137428297987,1,RL
20,34.64692870786672,97.30453495141612,55,20.928007909582284,11,3138.3776073512727,1,Fixed
20,34.64692870786672,97.30453495141612,55,17.07535323904568,11,3615.160374984498,1,RL
20,34.64692870786672,97.30453495141612,56,2.0123568229259448,12,2509.5051269694545,1,Fixed
20,34.64692870786672,97.30453495141612,56,12.224416109315193,13,3612.255821790402,1,RL
20,34.64692870786672,97.30453495141612,57,11.663279544928923,13,2345.5101817945797,1,Fixed
20,34.64692870786672,97.30453495141612,57,13.436407866181884,9,3275.4613478470865,1,RL
20,34.64692870786672,97.30453495141612,58,14.963489182213058,9,2724.542982060817,1,Fixed
20,34.64692870786672,97.30453495141612,58,1.5155518692791248,13,3701.1803376687994,1,RL
20,34.64692870786672,97.30453495141612,59,2.8694820128199163,14,2658.510258493207,1,Fixed
20,34.64692870786672,97.30453495141612,59,16.513093896031464,9,3024.418228884247,1,RL
20,34.64692870786672,97.30453495141612,60,300.0,300,2836.2648351830535,0,Fixed
20,34.64692870786672,97.30453495141612,60,4.770547041818187,8,3264.7245723942865,1,RL
20,34.64692870786672,97.30453495141612,61,0.8775313141674685,6,2524.6166866056315,1,Fixed
20,34.64692870786672,97.30453495141612,61,22.404535829287965,17,2955.9431331766245,1,RL
20,34.64692870786672,97.30453495141612,62,15.087977757295823,59,3239.758697637325,1,Fixed
20,34.64692870786672,97.30453495141612,62,1.9908918295271696,8,2189.5929528993884,1,RL
20,34.64692870786672,97.30453495141612,63,26.776856318022528,15,3278.861736504367,1,Fixed
20,34.64692870786672,97.30453495141612,63,31.40484990845843,18,3864.4797184214744,1,RL
20,34.64692870786672,97.30453495141612,64,13.589974157910978,12,2392.4996169493643,1,Fixed
20,34.64692870786672,97.30453495141612,64,23.1270691392656,17,3666.232287592626,1,RL
20,34.64692870786672,97.30453495141612,65,0.5144633309101951,10,2669.5314654985214,1,Fixed
20,34.64692870786672,97.30453495141612,65,0.4679607315554642,9,2835.1870474277957,1,RL
20,34.64692870786672,97.30453495141612,66,1.9846574995855186,13,2736.8430685057697,1,Fixed
20,34.64692870786672,97.30453495141612,66,300.0,300,3624.110765238454,0,RL
20,34.64692870786672,97.30453495141612,67,23.326808827258446,22,2928.023701656464,1,Fixed
20,34.64692870786672,97.30453495141612,67,0.9479784019511369,10,3330.328505147293,1,RL
20,34.64692870786672,97.30453495141612,68,1.2064656119191526,11,1959.467933811449,1,Fixed
20,34.64692870786672,97.30453495141612,68,1.2987638443262592,11,2759.0620021985033,1,RL
20,34.64692870786672,97.30453495141612,69,3.708685049347511,12,2855.9513934836864,1,Fixed
20,34.64692870786672,97.30453495141612,69,22.6939109493609,34,4297.455442085144,1,RL
20,34.64692870786672,97.30453495141612,70,16.863614872289382,13,2978.3918603396532,1,Fixed
20,34.64692870786672,97.30453495141612,70,17.48180852680162,12,3226.435302457531,1,RL
20,34.64692870786672,97.30453495141612,71,3.4578487805205276,12,3167.776655712662,1,Fixed
20,34.64692870786672,97.30453495141612,71,1.031195231229461,10,2540.4835144083304,1,RL
20,34.64692870786672,97.30453495141612,72,10.945579642997874,13,2206.6818405997287,1,Fixed
20,34.64692870786672,97.30453495141612,72,20.932854964245557,15,3115.668298027545,1,RL
20,34.64692870786672,97.30453495141612,73,15.719127475131003,14,3294.8264415325834,1,Fixed
20,34.64692870786672,97.30453495141612,73,0.30590126804376083,8,2528.6314332591483,1,RL
20,34.64692870786672,97.30453495141612,74,1.256644255840524,8,2793.5651923759324,1,Fixed
20,34.64692870786672,97.30453495141612,74,2.341257109081313,11,2523.393237944924,1,RL
20,34.64692870786672,97.30453495141612,75,9.958447204655156,14,2845.0947030412563,1,Fixed
20,34.64692870786672,97.30453495141612,75,16.924109063642327,14,2953.771521639734,1,RL
20,34.64692870786672,97.30453495141612,76,2.9766573125810205,13,3086.492649911556,1,Fixed
20,34.64692870786672,97.30453495141612,76,300.0,300,4087.4834099288164,0,RL
20,34.64692870786672,97.30453495141612,77,28.82491300448375,13,2946.8564573534964,1,Fixed
20,34.64692870786672,97.30453495141612,77,300.0,300,3208.618838029779,0,RL
20,34.64692870786672,97.30453495141612,78,6.011835754257761,10,2332.793163521864,1,Fixed
20,34.64692870786672,97.30453495141612,78,300.0,300,3516.369545035545,0,RL
20,34.64692870786672,97.30453495141612,79,1.1104175085914312,13,2675.647043902746,1,Fixed
20,34.64692870786672,97.30453495141612,79,14.496862137602685,13,3250.953991151618,1,RL
20,34.64692870786672,97.30453495141612,80,300.0,300,3617.2446144170553,0,Fixed
20,34.64692870786672,97.30453495141612,80,14.389204725703285,17,5021.627408411458,1,RL
20,34.64692870786672,97.30453495141612,81,10.752831630863836,10,3061.4359185119815,1,Fixed
20,34.64692870786672,97.30453495141612,81,300.0,300,3184.942747343553,0,RL
20,34.64692870786672,97.30453495141612,82,2.2154988380873486,7,2268.5835750875417,1,Fixed
20,34.64692870786672,97.30453495141612,82,11.93226515925918,14,3311.3190538642175,1,RL
20,34.64692870786672,97.30453495141612,83,300.0,300,2914.165083384446,0,Fixed
20,34.64692870786672,97.30453495141612,83,20.477804859843882,14,3671.5563693540425,1,RL
20,34.64692870786672,97.30453495141612,84,300.0,300,3423.2820452879996,0,Fixed
20,34.64692870786672,97.30453495141612,84,14.468241249743556,12,3110.4302850379254,1,RL
20,34.64692870786672,97.30453495141612,85,3.457047862441059,11,2840.0313413647905,1,Fixed
20,34.64692870786672,97.30453495141612,85,13.681978022835352,17,2629.654477934551,1,RL
20,34.64692870786672,97.30453495141612,86,26.001420171455567,14,2955.785297876134,1,Fixed
20,34.64692870786672,97.30453495141612,86,300.0,300,3456.7417433693327,0,RL
20,34.64692870786672,97.30453495141612,87,17.576890664243752,17,3002.7569425152033,1,Fixed
20,34.64692870786672,97.30453495141612,87,18.10639971347744,9,3064.3898059221774,1,RL
20,34.64692870786672,97.30453495141612,88,0.5771646716030523,11,2875.470523121437,1,Fixed
20,34.64692870786672,97.30453495141612,88,9.137509895699896,7,2882.098171063752,1,RL
20,34.64692870786672,97.30453495141612,89,9.682526344399905,9,2368.836462247406,1,Fixed
20,34.64692870786672,97.30453495141612,89,2.9883429778347934,11,2927.3993258587357,1,RL
20,34.64692870786672,97.30453495141612,90,11.033458121521058,15,3588.6912689551473,1,Fixed
20,34.64692870786672,97.30453495141612,90,2.26892553668236,10,2840.675063825371,1,RL
20,34.64692870786672,97.30453495141612,91,24.778996570164956,13,3696.9535052843553,1,Fixed
20,34.64692870786672,97.30453495141612,91,5.355358466519553,12,2961.3615684865294,1,RL
20,34.64692870786672,97.30453495141612,92,9.254864217983444,11,2819.6403043955984,1,Fixed
20,34.64692870786672,97.30453495141612,92,6.284593932542785,14,3228.9352694737386,1,RL
20,34.64692870786672,97.30453495141612,93,300.0,300,3168.4540883945897,0,Fixed
20,34.64692870786672,97.30453495141612,93,9.045546528409353,14,3723.305159067207,1,RL
20,34.64692870786672,97.30453495141612,94,300.0,300,2359.753511563502,0,Fixed
20,34.64692870786672,97.30453495141612,94,5.8932662984172355,18,4233.758850376974,1,RL
20,34.64692870786672,97.30453495141612,95,2.6223126817245466,10,3201.8836446224336,1,Fixed
20,34.64692870786672,97.30453495141612,95,8.15684078972489,12,2428.707819257689,1,RL
20,34.64692870786672,97.30453495141612,96,19.972297173423335,14,3226.438453943399,1,Fixed
20,34.64692870786672,97.30453495141612,96,3.4373848081931557,14,2419.929682391898,1,RL
20,34.64692870786672,97.30453495141612,97,12.862027419765113,10,2888.1228163399105,1,Fixed
20,34.64692870786672,97.30453495141612,97,24.914136792166456,13,3436.987253489293,1,RL
20,34.64692870786672,97.30453495141612,98,4.649261305211406,20,2749.584043691818,1,Fixed
20,34.64692870786672,97.30453495141612,98,0.5993558098931334,14,3520.579105744176,1,RL
20,34.64692870786672,97.30453495141612,99,14.483684806486684,15,3689.9439006087396,1,Fixed
20,34.64692870786672,97.30453495141612,99,6.234022410493129,14,3194.6064003203205,1,RL
21,97.97343347738597,26.82760204535567,0,0.9560742931700723,7,2371.4990271533557,1,Fixed
21,97.97343347738597,26.82760204535567,0,7.081855135558807,7,3151.365134118646,1,RL
21,97.97343347738597,26.82760204535567,1,300.0,300,2902.948831134956,0,Fixed
21,97.97343347738597,26.82760204535567,1,3.482919235263451,12,3104.0686290373465,1,RL
21,97.97343347738597,26.82760204535567,2,6.412545137232914,15,2864.972730718206,1,Fixed
21,97.97343347738597,26.82760204535567,2,300.0,300,3372.4338230783123,0,RL
21,97.97343347738597,26.82760204535567,3,12.690036428951796,14,2885.734343601934,1,Fixed
21,97.97343347738597,26.82760204535567,3,26.986823810831027,11,3357.978622077264,1,RL
21,97.97343347738597,26.82760204535567,4,8.383678270545248,16,3058.976991006276,1,Fixed
21,97.97343347738597,26.82760204535567,4,26.563771158624633,35,3084.5309141251846,1,RL
21,97.97343347738597,26.82760204535567,5,300.0,300,3592.9530929830894,0,Fixed
21,97.97343347738597,26.82760204535567,5,3.039798874384176,14,3616.316167952307,1,RL
21,97.97343347738597,26.82760204535567,6,24.550000835392478,17,2533.2269189594813,1,Fixed
21,97.97343347738597,26.82760204535567,6,21.409223732803294,22,3029.9130421219324,1,RL
21,97.97343347738597,26.82760204535567,7,1.365899888682582,11,2030.335407721257,1,Fixed
21,97.97343347738597,26.82760204535567,7,14.225498985603286,14,2728.9516803481565,1,RL
21,97.97343347738597,26.82760204535567,8,14.204788724094048,16,2967.3483839565315,1,Fixed
21,97.97343347738597,26.82760204535567,8,300.0,300,3411.637340040989,0,RL
21,97.97343347738597,26.82760204535567,9,300.0,300,3496.1983928480768,0,Fixed
21,97.97343347738597,26.82760204535567,9,17.361272099375164,15,3425.6614167304297,1,RL
21,97.97343347738597,26.82760204535567,10,300.0,300,2739.506463627769,0,Fixed
21,97.97343347738597,26.82760204535567,10,10.814952792086704,10,2985.274615795792,1,RL
21,97.97343347738597,26.82760204535567,11,3.095059803406655,10,2798.1387553994873,1,Fixed
21,97.97343347738597,26.82760204535567,11,20.116153327546336,15,3046.8619593561834,1,RL
21,97.97343347738597,26.82760204535567,12,13.196426730147314,12,3191.612494170126,1,Fixed
21,97.97343347738597,26.82760204535567,12,19.29939947786314,21,3640.998265837447,1,RL
21,97.97343347738597,26.82760204535567,13,5.980845096836309,10,3208.676171724335,1,Fixed
21,97.97343347738597,26.82760204535567,13,300.0,300,5298.152039569497,0,RL
21,97.97343347738597,26.82760204535567,14,300.0,300,3260.459303567573,0,Fixed
21,97.97343347738597,26.82760204535567,14,2.493025030850744,14,3109.8216010245965,1,RL
21,97.97343347738597,26.82760204535567,15,300.0,300,3557.981854251007,0,Fixed
21,97.97343347738597,26.82760204535567,15,21.073198390567008,14,2947.76790831122,1,RL
21,97.97343347738597,26.82760204535567,16,16.83311355328047,19,3302.404579205481,1,Fixed
21,97.97343347738597,26.82760204535567,16,4.107058409762223,11,2276.337665810077,1,RL
21,97.97343347738597,26.82760204535567,17,300.0,300,3377.2520373211632,0,Fixed
21,97.97343347738597,26.82760204535567,17,9.151860062201242,11,2612.9106635952503,1,RL
21,97.97343347738597,26.82760204535567,18,23.79440143966078,20,3225.383731780426,1,Fixed
21,97.97343347738597,26.82760204535567,18,14.536800388575045,12,3068.3892910056147,1,RL
21,97.97343347738597,26.82760204535567,19,300.0,300,3156.7368544973715,0,Fixed
21,97.97343347738597,26.82760204535567,19,0.3224903826535469,12,3062.1143109923896,1,RL
21,97.97343347738597,26.82760204535567,20,5.659990560872467,14,2724.971356792714,1,Fixed
21,97.97343347738597,26.82760204535567,20,4.3751461233235425,12,2654.909556196419,1,RL
21,97.97343347738597,26.82760204535567,21,12.268624423685084,12,3286.750534817515,1,Fixed
21,97.97343347738597,26.82760204535567,21,23.540978370894493,10,2768.644358878634,1,RL
21,97.97343347738597,26.82760204535567,22,11.090304015839687,20,3396.614971407017,1,Fixed
21,97.97343347738597,26.82760204535567,22,23.74890547087535,13,3456.4759520056905,1,RL
21,97.97343347738597,26.82760204535567,23,6.205517371443699,17,2461.038906468009,1,Fixed
21,97.97343347738597,26.82760204535567,23,4.920368628351496,13,3364.2217260147054,1,RL
21,97.97343347738597,26.82760204535567,24,11.564386252986916,14,2965.151362327141,1,Fixed
21,97.97343347738597,26.82760204535567,24,15.315664311124243,11,3533.5348920659703,1,RL
21,97.97343347738597,26.82760204535567,25,17.09165203202044,12,3363.356208447528,1,Fixed
21,97.97343347738597,26.82760204535567,25,10.269457575648536,14,2791.158201448192,1,RL
21,97.97343347738597,26.82760204535567,26,17.034750913231154,11,2935.3312461191695,1,Fixed
21,97.97343347738597,26.82760204535567,26,4.047870854046793,10,2693.7770091963125,1,RL
21,97.97343347738597,26.82760204535567,27,300.0,300,2881.8224874243233,0,Fixed
21,97.97343347738597,26.82760204535567,27,300.0,300,3608.180890932846,0,RL
21,97.97343347738597,26.82760204535567,28,10.682206808364326,14,3390.889858720324,1,Fixed
21,97.97343347738597,26.82760204535567,28,300.0,300,2530.4641073697544,0,RL
21,97.97343347738597,26.82760204535567,29,18.61875722670484,14,3758.385513245978,1,Fixed
21,97.97343347738597,26.82760204535567,29,6.404290482530946,9,2915.9293535294814,1,RL
21,97.97343347738597,26.82760204535567,30,18.52612748587918,16,3548.2461074675202,1,Fixed
21,97.97343347738597,26.82760204535567,30,9.02569768341479,9,2333.607104133821,1,RL
21,97.97343347738597,26.82760204535567,31,24.950833868162384,17,3583.9923979797504,1,Fixed
21,97.97343347738597,26.82760204535567,31,21.95093265880632,11,3019.8979991563638,1,RL
21,97.97343347738597,26.82760204535567,32,15.6339737798544,12,3182.2344876809784,1,Fixed
21,97.97343347738597,26.82760204535567,32,0.6273031115084347,12,3091.5042098636754,1,RL
21,97.97343347738597,26.82760204535567,33,9.587793278857774,14,2329.1714230170155,1,Fixed
21,97.97343347738597,26.82760204535567,33,16.83908417136735,20,3468.037071958538,1,RL
21,97.97343347738597,26.82760204535567,34,300.0,300,3510.590683271113,0,Fixed
21,97.97343347738597,26.82760204535567,34,7.588884961814232,13,3484.001199381025,1,RL
21,97.97343347738597,26.82760204535567,35,17.487234554148934,12,3833.3281800199225,1,Fixed
21,97.97343347738597,26.82760204535567,35,300.0,300,3075.1799730424736,0,RL
21,97.97343347738597,26.82760204535567,36,300.0,300,3624.48857572967,0,Fixed
21,97.97343347738597,26.82760204535567,36,300.0,300,2986.2155183065033,0,RL
21,97.97343347738597,26.82760204535567,37,300.0,300,3448.9278015354676,0,Fixed
21,97.97343347738597,26.82760204535567,37,23.242156617113576,14,3388.457113060025,1,RL
21,97.97343347738597,26.82760204535567,38,3.174596820810924,8,2452.5258454578134,1,Fixed
21,97.97343347738597,26.82760204535567,38,300.0,300,3678.7106507030608,0,RL
21,97.97343347738597,26.82760204535567,39,300.0,300,2741.4781192659284,0,Fixed
21,97.97343347738597,26.82760204535567,39,4.1403326883791856,11,2064.735709694317,1,RL
21,97.97343347738597,26.82760204535567,40,3.7464102572918074,11,2660.5948095695458,1,Fixed
21,97.97343347738597,26.82760204535567,40,300.0,300,3581.695627007594,0,RL
21,97.97343347738597,26.82760204535567,41,5.982227733655927,8,2803.8489614827386,1,Fixed
21,97.97343347738597,26.82760204535567,41,300.0,300,2952.2036855788347,0,RL
21,97.97343347738597,26.82760204535567,42,17.253633597543438,13,3088.2766285342004,1,Fixed
21,97.97343347738597,26.82760204535567,42,13.555317358066066,14,2688.0345534194166,1,RL
21,97.97343347738597,26.82760204535567,43,19.892291813061956,14,3246.7039752919036,1,Fixed
21,97.97343347738597,26.82760204535567,43,20.785627111810992,17,3643.7908597711435,1,RL
21,97.97343347738597,26.82760204535567,44,18.150214199735366,31,2846.0752352616933,1,Fixed
21,97.97343347738597,26.82760204535567,44,12.494473331927594,12,3117.976293520025,1,RL
21,97.97343347738597,26.82760204535567,45,13.338991641850797,14,3568.6106575058952,1,Fixed
21,97.97343347738597,26.82760204535567,45,300.0,300,3672.4322885476586,0,RL
21,97.97343347738597,26.82760204535567,46,8.98910259601617,9,2819.9041798064964,1,Fixed
21,97.97343347738597,26.82760204535567,46,300.0,300,3167.1208969703625,0,RL
21,97.97343347738597,26.82760204535567,47,11.439980252068262,16,3083.6272832297395,1,Fixed
21,97.97343347738597,26.82760204535567,47,5.6423061972251745,9,2377.0235936503373,1,RL
21,97.97343347738597,26.82760204535567,48,1.9707743000863789,12,2924.9881822303428,1,Fixed
21,97.97343347738597,26.82760204535567,48,25.673430200892057,13,3552.2190150312217,1,RL
21,97.97343347738597,26.82760204535567,49,3.830466899573114,8,2809.488282397875,1,Fixed
21,97.97343347738597,26.82760204535567,49,300.0,300,3404.0055173411406,0,RL
21,97.97343347738597,26.82760204535567,50,3.481528596021893,14,3104.807387688586,1,Fixed
21,97.97343347738597,26.82760204535567,50,22.334278089126908,28,3114.585447256595,1,RL
21,97.97343347738597,26.82760204535567,51,19.3624156128816,11,3733.3091568797563,1,Fixed
21,97.97343347738597,26.82760204535567,51,23.702501595403326,15,3850.4542310456523,1,RL
21,97.97343347738597,26.82760204535567,52,300.0,300,3175.1889581085825,0,Fixed
21,97.97343347738597,26.82760204535567,52,4.34160771556145,12,3550.572257618771,1,RL
21,97.97343347738597,26.82760204535567,53,300.0,300,3426.031056303938,0,Fixed
21,97.97343347738597,26.82760204535567,53,18.03676709691545,15,3728.4084816308005,1,RL
21,97.97343347738597,26.82760204535567,54,300.0,300,3196.3324891878606,0,Fixed
21,97.97343347738597,26.82760204535567,54,5.6237947264102015,11,3220.624008234436,1,RL
21,97.97343347738597,26.82760204535567,55,300.0,300,3545.8299016721653,0,Fixed
21,97.97343347738597,26.82760204535567,55,300.0,300,3269.940673778923,0,RL
21,97.97343347738597,26.82760204535567,56,18.418192590116664,12,3076.735571869288,1,Fixed
21,97.97343347738597,26.82760204535567,56,22.046255581913346,11,2595.6437553171368,1,RL
21,97.97343347738597,26.82760204535567,57,4.876991449189016,18,2838.057823675647,1,Fixed
21,97.97343347738597,26.82760204535567,57,14.04747536354231,12,3165.594235878147,1,RL
21,97.97343347738597,26.82760204535567,58,18.748486539358158,18,2902.5603574370807,1,Fixed
21,97.97343347738597,26.82760204535567,58,7.084737276558444,9,3070.1949481141373,1,RL
21,97.97343347738597,26.82760204535567,59,7.123840585173537,13,3131.5797097043205,1,Fixed
21,97.97343347738597,26.82760204535567,59,17.154272652943664,12,2703.10379015021,1,RL
21,97.97343347738597,26.82760204535567,60,300.0,300,3091.7496943487795,0,Fixed
21,97.97343347738597,26.82760204535567,60,19.23211591401003,11,3372.7229533096875,1,RL
21,97.97343347738597,26.82760204535567,61,300.0,300,3127.026946790723,0,Fixed
21,97.97343347738597,26.82760204535567,61,1.6100740348739424,10,2961.847466182185,1,RL
21,97.97343347738597,26.82760204535567,62,300.0,300,2917.5995391255456,0,Fixed
21,97.97343347738597,26.82760204535567,62,300.0,300,3563.2270157798357,0,RL
21,97.97343347738597,26.82760204535567,63,300.0,300,3555.281532545453,0,Fixed
21,97.97343347738597,26.82760204535567,63,5.135400138015858,11,3099.1583571014194,1,RL
21,97.97343347738597,26.82760204535567,64,9.756355515552409,2,1285.766495733938,1,Fixed
21,97.97343347738597,26.82760204535567,64,19.543568391510593,12,3363.153063261824,1,RL
21,97.97343347738597,26.82760204535567,65,5.539033051701197,13,2909.7775774573197,1,Fixed
21,97.97343347738597,26.82760204535567,65,300.0,300,3427.857724262141,0,RL
21,97.97343347738597,26.82760204535567,66,8.896210353390552,14,2903.2236072498495,1,Fixed
21,97.97343347738597,26.82760204535567,66,0.9680502291198316,11,2991.5285803592187,1,RL
21,97.97343347738597,26.82760204535567,67,30.529159498444255,16,3529.6966242003327,1,Fixed
21,97.97343347738597,26.82760204535567,67,10.751481649116583,13,3398.2314025294727,1,RL
21,97.97343347738597,26.82760204535567,68,10.574254098395926,14,2943.54375738635,1,Fixed
21,97.97343347738597,26.82760204535567,68,300.0,300,3927.7153244354704,0,RL
21,97.97343347738597,26.82760204535567,69,300.0,300,3035.7672164619335,0,Fixed
21,97.97343347738597,26.82760204535567,69,1.1571295968463846,10,2308.784489015341,1,RL
21,97.97343347738597,26.82760204535567,70,9.379548770052063,11,3387.3928951130433,1,Fixed
21,97.97343347738597,26.82760204535567,70,300.0,300,3205.356772338954,0,RL
21,97.97343347738597,26.82760204535567,71,3.57784720249386,14,2358.5784752311474,1,Fixed
21,97.97343347738597,26.82760204535567,71,2.350837734173319,20,3492.676520044333,1,RL
21,97.97343347738597,26.82760204535567,72,4.239524166931533,12,2868.8094525135757,1,Fixed
21,97.97343347738597,26.82760204535567,72,1.243411463258903,3,2107.306700196304,1,RL
21,97.97343347738597,26.82760204535567,73,16.238445474853048,17,3562.7999920403827,1,Fixed
21,97.97343347738597,26.82760204535567,73,15.86668740365406,12,2691.0886710842938,1,RL
21,97.97343347738597,26.82760204535567,74,300.0,300,3299.657248251762,0,Fixed
21,97.97343347738597,26.82760204535567,74,300.0,300,3972.7190295824475,0,RL
21,97.97343347738597,26.82760204535567,75,300.0,300,3013.485321754881,0,Fixed
21,97.97343347738597,26.82760204535567,75,300.0,300,3220.544453393374,0,RL
21,97.97343347738597,26.82760204535567,76,14.01457045657203,10,3203.4565875739486,1,Fixed
21,97.97343347738597,26.82760204535567,76,34.95919242563998,18,4644.553569777798,1,RL
21,97.97343347738597,26.82760204535567,77,2.526418375644134,11,2841.5798782752217,1,Fixed
21,97.97343347738597,26.82760204535567,77,5.175220455013095,16,3763.1663332560156,1,RL
21,97.97343347738597,26.82760204535567,78,6.013657715100065,8,2100.5743909111898,1,Fixed
21,97.97343347738597,26.82760204535567,78,300.0,300,3204.019511501811,0,RL
21,97.97343347738597,26.82760204535567,79,22.364646788695886,14,3035.842670012652,1,Fixed
21,97.97343347738597,26.82760204535567,79,6.810021656758488,13,2799.1315652100843,1,RL
21,97.97343347738597,26.82760204535567,80,3.129678689676109,14,2933.75313234518,1,Fixed
21,97.97343347738597,26.82760204535567,80,300.0,300,2874.4449689843236,0,RL
21,97.97343347738597,26.82760204535567,81,0.7103295437832607,11,3423.6547531600545,1,Fixed
21,97.97343347738597,26.82760204535567,81,0.21989056505028484,3,2245.2659421826665,1,RL
21,97.97343347738597,26.82760204535567,82,300.0,300,3517.9666115458713,0,Fixed
21,97.97343347738597,26.82760204535567,82,27.298223671756574,20,3352.370797461194,1,RL
21,97.97343347738597,26.82760204535567,83,3.9531611448481256,7,2752.134861633415,1,Fixed
21,97.97343347738597,26.82760204535567,83,8.158405870464431,14,3148.3581909176332,1,RL
21,97.97343347738597,26.82760204535567,84,10.276428891823466,14,3408.1290506074247,1,Fixed
21,97.97343347738597,26.82760204535567,84,2.9567462543712146,11,2999.0389470231307,1,RL
21,97.97343347738597,26.82760204535567,85,5.764794636653567,11,3186.4386538434655,1,Fixed
21,97.97343347738597,26.82760204535567,85,0.873862087117985,11,2628.8558992070793,1,RL
21,97.97343347738597,26.82760204535567,86,300.0,300,3106.597702937186,0,Fixed
21,97.97343347738597,26.82760204535567,86,14.397097734223616,14,2747.34656745453,1,RL
21,97.97343347738597,26.82760204535567,87,300.0,300,3149.4558177609306,0,Fixed
21,97.97343347738597,26.82760204535567,87,300.0,300,3532.2135423697837,0,RL
21,97.97343347738597,26.82760204535567,88,8.980305157134215,11,2815.9593182645153,1,Fixed
21,97.97343347738597,26.82760204535567,88,23.02259837575655,21,4441.39339575499,1,RL
21,97.97343347738597,26.82760204535567,89,18.594570491689147,10,3091.5078450395836,1,Fixed
21,97.97343347738597,26.82760204535567,89,18.90414604852272,15,2741.854645810747,1,RL
21,97.97343347738597,26.82760204535567,90,2.9642103560329147,12,2896.6851777197085,1,Fixed
21,97.97343347738597,26.82760204535567,90,8.80033644055966,14,2865.5578358543926,1,RL
21,97.97343347738597,26.82760204535567,91,0.6632990813728982,14,3100.97009453878,1,Fixed
21,97.97343347738597,26.82760204535567,91,19.65626751915386,15,3360.841577742319,1,RL
21,97.97343347738597,26.82760204535567,92,1.5129208297869512,16,3148.1205367442626,1,Fixed
21,97.97343347738597,26.82760204535567,92,8.362265463803832,13,2815.295527833935,1,RL
21,97.97343347738597,26.82760204535567,93,300.0,300,2889.2191599441317,0,Fixed
21,97.97343347738597,26.82760204535567,93,18.329076460542314,12,3514.242067543166,1,RL
21,97.97343347738597,26.82760204535567,94,9.553471011093063,15,3160.301231567794,1,Fixed
21,97.97343347738597,26.82760204535567,94,10.520337451761762,14,3030.6738705357825,1,RL
21,97.97343347738597,26.82760204535567,95,26.069630952083816,23,3237.553167361952,1,Fixed
21,97.97343347738597,26.82760204535567,95,4.804246148899486,12,2405.847485157979,1,RL
21,97.97343347738597,26.82760204535567,96,17.69370162546585,15,3927.7005300886804,1,Fixed
21,97.97343347738597,26.82760204535567,96,0.30198973892960074,8,2605.6808357355094,1,RL
21,97.97343347738597,26.82760204535567,97,17.738010535770584,11,3618.69781219855,1,Fixed
21,97.97343347738597,26.82760204535567,97,19.38130757182857,16,3098.884053877433,1,RL
21,97.97343347738597,26.82760204535567,98,16.314972110203435,8,2968.06096797515,1,Fixed
21,97.97343347738597,26.82760204535567,98,22.803373892146972,38,2250.944691019478,1,RL
21,97.97343347738597,26.82760204535567,99,19.441944367090443,13,3618.332142888328,1,Fixed
21,97.97343347738597,26.82760204535567,99,10.851807556658937,13,2779.6597467226457,1,RL
22,4.097822224989045,70.50632842053791,0,6.578830816344508,15,3104.6166130409097,1,Fixed
22,4.097822224989045,70.50632842053791,0,6.165839070090243,13,3252.78620052521,1,RL
22,4.097822224989045,70.50632842053791,1,300.0,300,3219.6559203565407,0,Fixed
22,4.097822224989045,70.50632842053791,1,5.111178654779269,12,3039.0494905685355,1,RL
22,4.097822224989045,70.50632842053791,2,2.1229493018531764,9,2234.1252456339453,1,Fixed
22,4.097822224989045,70.50632842053791,2,300.0,300,3218.2990086616383,0,RL
22,4.097822224989045,70.50632842053791,3,12.119089208998455,13,3418.1932163279253,1,Fixed
22,4.097822224989045,70.50632842053791,3,7.81925888623867,14,2838.1544453077786,1,RL
22,4.097822224989045,70.50632842053791,4,7.458776310428954,13,2493.7732842789346,1,Fixed
22,4.097822224989045,70.50632842053791,4,5.592829804949158,10,2940.232721694266,1,RL
22,4.097822224989045,70.50632842053791,5,12.88062314953279,10,3016.334680913575,1,Fixed
22,4.097822224989045,70.50632842053791,5,13.023504411653999,10,2611.025076933485,1,RL
22,4.097822224989045,70.50632842053791,6,6.04304304687031,11,2748.3635627218455,1,Fixed
22,4.097822224989045,70.50632842053791,6,5.063885061246856,13,3078.4121546025244,1,RL
22,4.097822224989045,70.50632842053791,7,0.8354438995084157,7,2380.528577545719,1,Fixed
22,4.097822224989045,70.50632842053791,7,4.825827582900065,11,3096.7723335946866,1,RL
22,4.097822224989045,70.50632842053791,8,14.294266089843646,14,3217.7890181141724,1,Fixed
22,4.097822224989045,70.50632842053791,8,1.4345775497291824,15,3734.7632091982623,1,RL
22,4.097822224989045,70.50632842053791,9,14.654184143048889,13,3186.215720284608,1,Fixed
22,4.097822224989045,70.50632842053791,9,1.0579131639408184,4,2200.3648229725845,1,RL
22,4.097822224989045,70.50632842053791,10,1.886238011164977,13,2837.0928172458666,1,Fixed
22,4.097822224989045,70.50632842053791,10,4.375287355723927,14,2924.831512413118,1,RL
22,4.097822224989045,70.50632842053791,11,4.851526663626911,14,3231.850342197014,1,Fixed
22,4.097822224989045,70.50632842053791,11,8.505909358221622,10,3252.127659153183,1,RL
22,4.097822224989045,70.50632842053791,12,5.3731815211858045,9,2514.1283865760497,1,Fixed
22,4.097822224989045,70.50632842053791,12,3.522234786515378,13,3427.08466387153,1,RL
22,4.097822224989045,70.50632842053791,13,4.062793393976947,10,2645.8419609700654,1,Fixed
22,4.097822224989045,70.50632842053791,13,5.702335571343658,12,2982.7097194105168,1,RL
22,4.097822224989045,70.50632842053791,14,19.402323173292253,15,3076.7275698999574,1,Fixed
22,4.097822224989045,70.50632842053791,14,300.0,300,3276.2402651169587,0,RL
22,4.097822224989045,70.50632842053791,15,12.482232355523973,12,2870.3540826158533,1,Fixed
22,4.097822224989045,70.50632842053791,15,300.0,300,2701.7960087634424,0,RL
22,4.097822224989045,70.50632842053791,16,24.39380534560566,13,2933.3420243839837,1,Fixed
22,4.097822224989045,70.50632842053791,16,0.7089582848893272,10,3301.5343800480878,1,RL
22,4.097822224989045,70.50632842053791,17,1.6434694355445487,14,2792.871173744565,1,Fixed
22,4.097822224989045,70.50632842053791,17,18.47354423572748,19,3178.5249451633276,1,RL
22,4.097822224989045,70.50632842053791,18,3.1292512698786217,6,2582.900753454119,1,Fixed
22,4.097822224989045,70.50632842053791,18,17.8444192562202,11,2709.787724813839,1,RL
22,4.097822224989045,70.50632842053791,19,20.413926253344812,20,3485.5438212137287,1,Fixed
22,4.097822224989045,70.50632842053791,19,8.8932722936519,20,3181.21772193101,1,RL
22,4.097822224989045,70.50632842053791,20,1.7455021304396403,7,2557.618969695121,1,Fixed
22,4.097822224989045,70.50632842053791,20,15.076342003509328,14,3166.070349179063,1,RL
22,4.097822224989045,70.50632842053791,21,6.775173325254029,11,2640.9059112287746,1,Fixed
22,4.097822224989045,70.50632842053791,21,6.771711139434769,22,3157.991438850702,1,RL
22,4.097822224989045,70.50632842053791,22,18.01248070465062,13,2722.487240849621,1,Fixed
22,4.097822224989045,70.50632842053791,22,3.547986679622621,12,3558.6047907190364,1,RL
22,4.097822224989045,70.50632842053791,23,2.590288859355411,9,2727.3316810474366,1,Fixed
22,4.097822224989045,70.50632842053791,23,300.0,300,3183.5907724065096,0,RL
22,4.097822224989045,70.50632842053791,24,17.836451171633176,12,3223.3152572876097,1,Fixed
22,4.097822224989045,70.50632842053791,24,7.155790883910849,11,2432.4981699821537,1,RL
22,4.097822224989045,70.50632842053791,25,1.3099521695443068,10,2113.524531213355,1,Fixed
22,4.097822224989045,70.50632842053791,25,8.667008663643731,13,2813.309068026409,1,RL
22,4.097822224989045,70.50632842053791,26,13.401861731748856,13,3012.1289127563455,1,Fixed
22,4.097822224989045,70.50632842053791,26,7.366382930759275,13,3120.1350034061384,1,RL
22,4.097822224989045,70.50632842053791,27,10.07578071548476,14,2905.7106556967697,1,Fixed
22,4.097822224989045,70.50632842053791,27,13.596675886205125,14,3675.377200229327,1,RL
22,4.097822224989045,70.50632842053791,28,8.623252584031967,12,2785.1501775484116,1,Fixed
22,4.097822224989045,70.50632842053791,28,13.677515056793037,12,3300.759900443056,1,RL
22,4.097822224989045,70.50632842053791,29,17.099442771954234,9,2795.1432794469597,1,Fixed
22,4.097822224989045,70.50632842053791,29,9.598595462240828,15,3066.7097080407934,1,RL
22,4.097822224989045,70.50632842053791,30,300.0,300,3058.439553520767,0,Fixed
22,4.097822224989045,70.50632842053791,30,19.13082939589718,8,3055.49006039169,1,RL
22,4.097822224989045,70.50632842053791,31,6.233603035897977,11,2337.4346127572303,1,Fixed
22,4.097822224989045,70.50632842053791,31,8.496772101475006,16,2748.964816632934,1,RL
22,4.097822224989045,70.50632842053791,32,5.547913464150294,8,2496.3125467524483,1,Fixed
22,4.097822224989045,70.50632842053791,32,10.566396131696278,15,3061.4976647767485,1,RL
22,4.097822224989045,70.50632842053791,33,15.41903013534982,14,3055.6830934491923,1,Fixed
22,4.097822224989045,70.50632842053791,33,12.966492055941567,11,2900.8071668228868,1,RL
22,4.097822224989045,70.50632842053791,34,13.576225523082694,12,2845.538986838939,1,Fixed
22,4.097822224989045,70.50632842053791,34,15.58190777728332,21,3521.870914393731,1,RL
22,4.097822224989045,70.50632842053791,35,5.736457267809858,11,2959.577964174707,1,Fixed
22,4.097822224989045,70.50632842053791,35,4.574504154287102,12,2600.2983134494725,1,RL
22,4.097822224989045,70.50632842053791,36,17.702515270566398,12,3950.219608170745,1,Fixed
22,4.097822224989045,70.50632842053791,36,9.668311617812908,11,2699.558750297132,1,RL
22,4.097822224989045,70.50632842053791,37,7.357772436685548,5,2418.6581378510195,1,Fixed
22,4.097822224989045,70.50632842053791,37,18.1849152815791,13,2799.5787228083013,1,RL
22,4.097822224989045,70.50632842053791,38,3.2542028968582706,6,2960.43318853963,1,Fixed
22,4.097822224989045,70.50632842053791,38,13.692582936288549,12,2588.5613477384604,1,RL
22,4.097822224989045,70.50632842053791,39,1.2581635972912726,11,2599.8385777483772,1,Fixed
22,4.097822224989045,70.50632842053791,39,10.827001519455429,15,2738.6011610752457,1,RL
22,4.097822224989045,70.50632842053791,40,18.539236359019206,6,3078.866823631265,1,Fixed
22,4.097822224989045,70.50632842053791,40,4.799978603325095,12,2556.5491047178657,1,RL
22,4.097822224989045,70.50632842053791,41,300.0,300,3120.5470310711908,0,Fixed
22,4.097822224989045,70.50632842053791,41,24.160684382484053,9,3389.6271503546996,1,RL
22,4.097822224989045,70.50632842053791,42,4.053914884401925,10,2636.6530731665152,1,Fixed
22,4.097822224989045,70.50632842053791,42,9.534436644616791,12,3491.558429360302,1,RL
22,4.097822224989045,70.50632842053791,43,1.1491630151375316,9,3281.9520503990716,1,Fixed
22,4.097822224989045,70.50632842053791,43,14.282728154591098,14,2979.2460272096,1,RL
22,4.097822224989045,70.50632842053791,44,13.771529395261407,9,3079.4711138828657,1,Fixed
22,4.097822224989045,70.50632842053791,44,2.0607623980833365,12,3826.479692022359,1,RL
22,4.097822224989045,70.50632842053791,45,1.8896395542990025,12,2845.574782133669,1,Fixed
22,4.097822224989045,70.50632842053791,45,10.04224001235809,11,3140.3537641273406,1,RL
22,4.097822224989045,70.50632842053791,46,16.132988455100893,14,3401.962388144646,1,Fixed
22,4.097822224989045,70.50632842053791,46,17.562743764651472,10,2589.833285399788,1,RL
22,4.097822224989045,70.50632842053791,47,7.607960856036773,12,3372.973150512252,1,Fixed
22,4.097822224989045,70.50632842053791,47,3.2291639841650044,15,2439.5067514508,1,RL
22,4.097822224989045,70.50632842053791,48,300.0,300,3586.2678625956682,0,Fixed
22,4.097822224989045,70.50632842053791,48,25.235150633544457,13,3973.9137770783586,1,RL
22,4.097822224989045,70.50632842053791,49,18.875060447217557,18,3285.5604949547533,1,Fixed
22,4.097822224989045,70.50632842053791,49,7.383686101407866,14,3276.9599297389786,1,RL
22,4.097822224989045,70.50632842053791,50,7.785245930479431,13,2736.6637662846174,1,Fixed
22,4.097822224989045,70.50632842053791,50,300.0,300,3044.620885016498,0,RL
22,4.097822224989045,70.50632842053791,51,12.009690249733964,27,3058.3407413364266,1,Fixed
22,4.097822224989045,70.50632842053791,51,2.407285739424315,30,3308.5424232421587,1,RL
22,4.097822224989045,70.50632842053791,52,7.965708142299805,10,3140.0159231827843,1,Fixed
22,4.097822224989045,70.50632842053791,52,20.712828764905492,16,3930.550442240891,1,RL
22,4.097822224989045,70.50632842053791,53,16.13632618478957,13,3315.7236567037353,1,Fixed
22,4.097822224989045,70.50632842053791,53,2.7955871085818456,8,2393.100402022071,1,RL
22,4.097822224989045,70.50632842053791,54,300.0,300,3301.5683736578126,0,Fixed
22,4.097822224989045,70.50632842053791,54,18.065661193023054,11,3501.5813040449775,1,RL
22,4.097822224989045,70.50632842053791,55,7.22230615710041,11,2871.560127763005,1,Fixed
22,4.097822224989045,70.50632842053791,55,4.38458107802436,11,2395.6347939788534,1,RL
22,4.097822224989045,70.50632842053791,56,10.502608663884939,18,2503.9684868015847,1,Fixed
22,4.097822224989045,70.50632842053791,56,300.0,300,2887.4533115436275,0,RL
22,4.097822224989045,70.50632842053791,57,22.262205341390146,20,3053.2960503726263,1,Fixed
22,4.097822224989045,70.50632842053791,57,15.87251331262352,15,3544.9858548626526,1,RL
22,4.097822224989045,70.50632842053791,58,300.0,300,3897.117978708502,0,Fixed
22,4.097822224989045,70.50632842053791,58,14.805852324408216,8,2768.9994692787245,1,RL
22,4.097822224989045,70.50632842053791,59,6.855846606785936,12,2805.706135250886,1,Fixed
22,4.097822224989045,70.50632842053791,59,7.724059114181598,15,3550.9816667883215,1,RL
22,4.097822224989045,70.50632842053791,60,3.9404212329754187,16,2967.6726930531813,1,Fixed
22,4.097822224989045,70.50632842053791,60,23.76756045547622,16,2817.642386074034,1,RL
22,4.097822224989045,70.50632842053791,61,15.832581747699987,14,3407.4577916779826,1,Fixed
22,4.097822224989045,70.50632842053791,61,19.58604152012902,15,3479.9009624476284,1,RL
22,4.097822224989045,70.50632842053791,62,4.643004263878291,9,2424.5726301273667,1,Fixed
22,4.097822224989045,70.50632842053791,62,19.483912205822563,14,2299.7281711677315,1,RL
22,4.097822224989045,70.50632842053791,63,11.942261760673372,13,2327.917169108542,1,Fixed
22,4.097822224989045,70.50632842053791,63,2.9584018381982564,16,4015.398131584134,1,RL
22,4.097822224989045,70.50632842053791,64,10.779737339100897,26,3585.763061821157,1,Fixed
22,4.097822224989045,70.50632842053791,64,14.46374524130637,13,3419.810897670145,1,RL
22,4.097822224989045,70.50632842053791,65,2.658949841496783,46,3768.079049570769,1,Fixed
22,4.097822224989045,70.50632842053791,65,13.42041265979891,16,3431.2468797062434,1,RL
22,4.097822224989045,70.50632842053791,66,22.428220121275377,13,3393.8220505081526,1,Fixed
22,4.097822224989045,70.50632842053791,66,13.679635406489572,13,3943.384675528301,1,RL
22,4.097822224989045,70.50632842053791,67,11.752792250325246,14,2829.0341601620453,1,Fixed
22,4.097822224989045,70.50632842053791,67,21.54257006683577,12,2810.7871289517775,1,RL
22,4.097822224989045,70.50632842053791,68,2.873544166212749,11,2173.9079673814394,1,Fixed
22,4.097822224989045,70.50632842053791,68,1.674764980634754,6,2733.7302258683517,1,RL
22,4.097822224989045,70.50632842053791,69,7.878941098158161,14,3333.5311728642096,1,Fixed
22,4.097822224989045,70.50632842053791,69,24.13947001660584,18,2837.9138479156213,1,RL
22,4.097822224989045,70.50632842053791,70,19.380580367779572,11,3129.4265674846783,1,Fixed
22,4.097822224989045,70.50632842053791,70,3.631274668596711,13,3598.638257725255,1,RL
22,4.097822224989045,70.50632842053791,71,1.373235983727604,12,3475.8286130796323,1,Fixed
22,4.097822224989045,70.50632842053791,71,300.0,300,3257.634507920924,0,RL
22,4.097822224989045,70.50632842053791,72,6.214315009477675,14,2569.7987940956036,1,Fixed
22,4.097822224989045,70.50632842053791,72,0.6105518073087619,6,2153.3057068207795,1,RL
22,4.097822224989045,70.50632842053791,73,20.57664083396114,21,3247.5202063748443,1,Fixed
22,4.097822224989045,70.50632842053791,73,17.677675593158423,13,3141.5687392490695,1,RL
22,4.097822224989045,70.50632842053791,74,2.5320284202208776,12,2669.6974666935184,1,Fixed
22,4.097822224989045,70.50632842053791,74,17.115352561060917,13,3424.344488469779,1,RL
22,4.097822224989045,70.50632842053791,75,23.580810219515875,14,3073.48298813591,1,Fixed
22,4.097822224989045,70.50632842053791,75,12.298291967351705,16,2597.8340349404675,1,RL
22,4.097822224989045,70.50632842053791,76,14.753807792399604,11,2781.689712488121,1,Fixed
22,4.097822224989045,70.50632842053791,76,300.0,300,2601.186077015041,0,RL
22,4.097822224989045,70.50632842053791,77,5.8689865619220924,11,2555.755936113235,1,Fixed
22,4.097822224989045,70.50632842053791,77,29.372453585143397,19,3428.629957857637,1,RL
22,4.097822224989045,70.50632842053791,78,11.96022926230852,15,3044.3204192690728,1,Fixed
22,4.097822224989045,70.50632842053791,78,0.9601829395004937,7,2586.56643754395,1,RL
22,4.097822224989045,70.50632842053791,79,5.652936976078356,10,2741.990120863149,1,Fixed
22,4.097822224989045,70.50632842053791,79,14.446125764813965,14,2956.4041240233573,1,RL
22,4.097822224989045,70.50632842053791,80,3.838984140970074,9,2439.8061776690256,1,Fixed
22,4.097822224989045,70.50632842053791,80,3.523247570537344,13,2720.3437110162004,1,RL
22,4.097822224989045,70.50632842053791,81,0.47681645334075895,12,2737.896411070656,1,Fixed
22,4.097822224989045,70.50632842053791,81,3.0160817527651176,11,2411.799602929415,1,RL
22,4.097822224989045,70.50632842053791,82,11.346961316912688,10,2714.6547816100356,1,Fixed
22,4.097822224989045,70.50632842053791,82,7.599725470353955,19,4027.4911062032797,1,RL
22,4.097822224989045,70.50632842053791,83,2.2301482423881707,8,2212.2811976772427,1,Fixed
22,4.097822224989045,70.50632842053791,83,16.987545905800438,15,3471.4510210268368,1,RL
22,4.097822224989045,70.50632842053791,84,16.33273774361736,13,3562.7499563692345,1,Fixed
22,4.097822224989045,70.50632842053791,84,8.022060119159272,9,2676.1364960777096,1,RL
22,4.097822224989045,70.50632842053791,85,0.8052051979120936,8,2622.037444691501,1,Fixed
22,4.097822224989045,70.50632842053791,85,1.0637357708932864,11,2841.4352319008785,1,RL
22,4.097822224989045,70.50632842053791,86,4.990980558726079,10,2689.10361104311,1,Fixed
22,4.097822224989045,70.50632842053791,86,16.688094117252252,13,3312.5551282626093,1,RL
22,4.097822224989045,70.50632842053791,87,19.145135403534905,12,3709.0944126722634,1,Fixed
22,4.097822224989045,70.50632842053791,87,22.665616319366055,15,3688.1658102650003,1,RL
22,4.097822224989045,70.50632842053791,88,14.56024061106271,10,2904.999598115464,1,Fixed
22,4.097822224989045,70.50632842053791,88,12.81163349608577,13,3854.5830010236527,1,RL
22,4.097822224989045,70.50632842053791,89,7.120808080191095,12,2858.151123443248,1,Fixed
22,4.097822224989045,70.50632842053791,89,0.9898397419754014,15,2907.4724097590192,1,RL
22,4.097822224989045,70.50632842053791,90,19.31420081526469,10,3065.4661966491008,1,Fixed
22,4.097822224989045,70.50632842053791,90,26.83454555864666,21,3337.9859018338702,1,RL
22,4.097822224989045,70.50632842053791,91,14.269780387019818,8,2280.268737839474,1,Fixed
22,4.097822224989045,70.50632842053791,91,7.458074842914061,16,3649.2787284247747,1,RL
22,4.097822224989045,70.50632842053791,92,17.624516049686427,13,3486.8438598835273,1,Fixed
22,4.097822224989045,70.50632842053791,92,20.04905561630984,14,3642.1882210968206,1,RL
22,4.097822224989045,70.50632842053791,93,19.861381267530014,9,2576.128041198646,1,Fixed
22,4.097822224989045,70.50632842053791,93,1.0623001473984792,5,2593.6441955459054,1,RL
22,4.097822224989045,70.50632842053791,94,1.512441404138269,13,2489.2417526459512,1,Fixed
22,4.097822224989045,70.50632842053791,94,3.297505556844288,9,2840.872903912111,1,RL
22,4.097822224989045,70.50632842053791,95,24.634987089301895,18,3220.4291565022145,1,Fixed
22,4.097822224989045,70.50632842053791,95,5.075574476313153,13,2834.631219914168,1,RL
22,4.097822224989045,70.50632842053791,96,3.6994106907353568,11,3263.872988609858,1,Fixed
22,4.097822224989045,70.50632842053791,96,4.848396074616291,15,3821.7764869846014,1,RL
22,4.097822224989045,70.50632842053791,97,17.89316488946469,19,3526.98173851713,1,Fixed
22,4.097822224989045,70.50632842053791,97,4.510473597138788,11,2819.447301830157,1,RL
22,4.097822224989045,70.50632842053791,98,22.98907915798103,20,3106.332025531362,1,Fixed
22,4.097822224989045,70.50632842053791,98,10.323258624902135,13,2614.2293242336395,1,RL
22,4.097822224989045,70.50632842053791,99,8.47641559790046,10,2524.4896032544034,1,Fixed
22,4.097822224989045,70.50632842053791,99,300.0,300,2625.991930827893,0,RL
23,45.098650264834376,10.07528439595763,0,8.38038506382984,13,3087.1474962628577,1,Fixed
23,45.098650264834376,10.07528439595763,0,18.41787821228376,15,3133.170272281613,1,RL
23,45.098650264834376,10.07528439595763,1,3.002952265413459,12,2931.2610470181994,1,Fixed
23,45.098650264834376,10.07528439595763,1,19.145142398442438,10,3016.4038194333853,1,RL
23,45.098650264834376,10.07528439595763,2,12.126136831056886,13,2909.24545709479,1,Fixed
23,45.098650264834376,10.07528439595763,2,13.174675367445099,9,2571.0517589212877,1,RL
23,45.098650264834376,10.07528439595763,3,24.70031269099459,11,2828.3908053182317,1,Fixed
23,45.098650264834376,10.07528439595763,3,14.275332877066862,14,3074.598725057899,1,RL
23,45.098650264834376,10.07528439595763,4,13.836661585736598,14,2690.3353788084055,1,Fixed
23,45.098650264834376,10.07528439595763,4,2.9823213512130957,13,2801.577648485033,1,RL
23,45.098650264834376,10.07528439595763,5,14.930419626590341,11,3607.285161076529,1,Fixed
23,45.098650264834376,10.07528439595763,5,19.614983414416646,15,3092.117771830771,1,RL
23,45.098650264834376,10.07528439595763,6,19.02611627910937,12,3050.566313032046,1,Fixed
23,45.098650264834376,10.07528439595763,6,4.336959604086306,11,2399.0896184024964,1,RL
23,45.098650264834376,10.07528439595763,7,19.515495110886665,14,3284.919883813402,1,Fixed
23,45.098650264834376,10.07528439595763,7,14.796336462059406,13,3507.096356226953,1,RL
23,45.098650264834376,10.07528439595763,8,15.147550996031026,14,2888.4758365687853,1,Fixed
23,45.098650264834376,10.07528439595763,8,9.203761420396543,14,3036.233671555988,1,RL
23,45.098650264834376,10.07528439595763,9,16.633615030298174,11,2992.5402124140996,1,Fixed
23,45.098650264834376,10.07528439595763,9,6.483485033606726,11,2679.337266305986,1,RL
23,45.098650264834376,10.07528439595763,10,19.847978958092632,14,3318.4257991291643,1,Fixed
23,45.098650264834376,10.07528439595763,10,16.014414758846932,13,2361.021830359322,1,RL
23,45.098650264834376,10.07528439595763,11,6.274516538798074,11,2004.1509177452,1,Fixed
23,45.098650264834376,10.07528439595763,11,2.871737964606017,12,2968.845219166787,1,RL
23,45.098650264834376,10.07528439595763,12,25.784614072223526,14,2768.406034659429,1,Fixed
23,45.098650264834376,10.07528439595763,12,25.685157134299715,15,3124.993708340946,1,RL
23,45.098650264834376,10.07528439595763,13,14.520226950017422,13,3493.2983962341164,1,Fixed
23,45.098650264834376,10.07528439595763,13,14.370022484007034,12,3241.2706904412844,1,RL
23,45.098650264834376,10.07528439595763,14,21.00935007548937,13,2970.5283504162985,1,Fixed
23,45.098650264834376,10.07528439595763,14,13.901097420680046,13,2897.5081896122274,1,RL
23,45.098650264834376,10.07528439595763,15,15.000711095082035,13,2759.0041647828793,1,Fixed
23,45.098650264834376,10.07528439595763,15,16.589840938007193,11,2455.06612788518,1,RL
23,45.098650264834376,10.07528439595763,16,14.981072757066519,11,2697.983022965508,1,Fixed
23,45.098650264834376,10.07528439595763,16,13.990340555111867,15,3464.553193474745,1,RL
23,45.098650264834376,10.07528439595763,17,9.947630661594486,11,3140.281558519878,1,Fixed
23,45.098650264834376,10.07528439595763,17,19.46545209533813,15,3419.8811762035475,1,RL
23,45.098650264834376,10.07528439595763,18,5.645486359187318,13,3164.3781151657336,1,Fixed
23,45.098650264834376,10.07528439595763,18,16.70815887228075,10,2775.985354871365,1,RL
23,45.098650264834376,10.07528439595763,19,13.871264217721862,12,2411.333330976898,1,Fixed
23,45.098650264834376,10.07528439595763,19,15.343407934449752,13,2726.8951380059334,1,RL
23,45.098650264834376,10.07528439595763,20,10.64767131812648,10,3125.945157072988,1,Fixed
23,45.098650264834376,10.07528439595763,20,12.934959482532317,11,3123.897905863439,1,RL
23,45.098650264834376,10.07528439595763,21,2.635141965375828,12,2859.2916154523637,1,Fixed
23,45.098650264834376,10.07528439595763,21,7.618764773306141,13,2512.645241140611,1,RL
23,45.098650264834376,10.07528439595763,22,20.646463221067656,13,2932.155476813508,1,Fixed
23,45.098650264834376,10.07528439595763,22,6.171791901702518,15,3381.6984662558098,1,RL
23,45.098650264834376,10.07528439595763,23,14.790175754169491,12,2831.407326450913,1,Fixed
23,45.098650264834376,10.07528439595763,23,5.501906087153598,13,3193.3476866318065,1,RL
23,45.098650264834376,10.07528439595763,24,20.197689134904557,10,3290.0644506466324,1,Fixed
23,45.098650264834376,10.07528439595763,24,8.28731360849724,12,2573.450668279325,1,RL
23,45.098650264834376,10.07528439595763,25,6.675700028197125,15,2702.545139886948,1,Fixed
23,45.098650264834376,10.07528439595763,25,21.85239998403943,13,3174.1443721396045,1,RL
23,45.098650264834376,10.07528439595763,26,12.235694928967776,10,3015.950580545312,1,Fixed
23,45.098650264834376,10.07528439595763,26,9.123867539098566,11,2531.3556130708052,1,RL
23,45.098650264834376,10.07528439595763,27,9.667319939167822,11,1909.5090041702565,1,Fixed
23,45.098650264834376,10.07528439595763,27,18.935501833986415,12,2599.343128567307,1,RL
23,45.098650264834376,10.07528439595763,28,2.581943010731367,15,2967.2385720295633,1,Fixed
23,45.098650264834376,10.07528439595763,28,22.23558121366203,13,3748.9788631640763,1,RL
23,45.098650264834376,10.07528439595763,29,13.840865143966388,12,2498.013944205549,1,Fixed
23,45.098650264834376,10.07528439595763,29,21.405916339563937,13,3075.2613180841727,1,RL
23,45.098650264834376,10.07528439595763,30,12.775245250470961,11,2630.965100930363,1,Fixed
23,45.098650264834376,10.07528439595763,30,3.585025614881271,13,2445.774036176928,1,RL
23,45.098650264834376,10.07528439595763,31,7.112480248628772,13,3034.072431030966,1,Fixed
23,45.098650264834376,10.07528439595763,31,4.995700504860531,13,2926.497369533753,1,RL
23,45.098650264834376,10.07528439595763,32,11.371028576815636,15,2977.7728281348104,1,Fixed
23,45.098650264834376,10.07528439595763,32,4.834179518259932,13,3438.7247619103987,1,RL
23,45.098650264834376,10.07528439595763,33,8.835127475164796,7,2030.0585704154976,1,Fixed
23,45.098650264834376,10.07528439595763,33,14.465457942345974,13,2473.199093344693,1,RL
23,45.098650264834376,10.07528439595763,34,7.696577590738468,15,3464.7642954069247,1,Fixed
23,45.098650264834376,10.07528439595763,34,7.8582729183227995,12,3233.4999001380356,1,RL
23,45.098650264834376,10.07528439595763,35,5.851535630158776,12,2791.800789909767,1,Fixed
23,45.098650264834376,10.07528439595763,35,9.925445758242896,9,3210.1578646624525,1,RL
23,45.098650264834376,10.07528439595763,36,3.3618028526646464,15,2671.3442796506547,1,Fixed
23,45.098650264834376,10.07528439595763,36,12.619448417104824,12,2398.321786355275,1,RL
23,45.098650264834376,10.07528439595763,37,6.621051520753679,13,2958.7730240441138,1,Fixed
23,45.098650264834376,10.07528439595763,37,3.331181138529081,11,2969.307928308236,1,RL
23,45.098650264834376,10.07528439595763,38,17.677845137835625,12,2396.7425297001014,1,Fixed
23,45.098650264834376,10.07528439595763,38,1.867389336415279,7,2494.3368447409052,1,RL
23,45.098650264834376,10.07528439595763,39,2.264747976841539,9,2955.8516685948684,1,Fixed
23,45.098650264834376,10.07528439595763,39,7.715680601128898,16,4387.115173490944,1,RL
23,45.098650264834376,10.07528439595763,40,21.715365364515314,11,3078.4445843776707,1,Fixed
23,45.098650264834376,10.07528439595763,40,3.9959457921052577,14,3005.3652795020826,1,RL
23,45.098650264834376,10.07528439595763,41,2.3478097241624427,14,3045.6532883058767,1,Fixed
23,45.098650264834376,10.07528439595763,41,19.775518197126104,16,2775.1192870570603,1,RL
23,45.098650264834376,10.07528439595763,42,9.704202886309563,9,2530.621401864293,1,Fixed
23,45.098650264834376,10.07528439595763,42,23.534025985644625,22,3560.3438139985437,1,RL
23,45.098650264834376,10.07528439595763,43,3.449306981722485,12,2599.616358502707,1,Fixed
23,45.098650264834376,10.07528439595763,43,4.313183464901927,8,2651.464831561854,1,RL
23,45.098650264834376,10.07528439595763,44,1.8840432904431765,14,2740.2165263130023,1,Fixed
23,45.098650264834376,10.07528439595763,44,9.149978313666557,10,2547.6104130058598,1,RL
23,45.098650264834376,10.07528439595763,45,1.7768717428717715,15,2760.7777678392736,1,Fixed
23,45.098650264834376,10.07528439595763,45,17.22008875830895,13,3566.696618357009,1,RL
23,45.098650264834376,10.07528439595763,46,18.244876801123915,14,2960.920061970727,1,Fixed
23,45.098650264834376,10.07528439595763,46,8.908221135799545,11,3040.112921227925,1,RL
23,45.098650264834376,10.07528439595763,47,3.371962161497634,9,2684.240681658044,1,Fixed
23,45.098650264834376,10.07528439595763,47,8.588851429619748,12,3005.551054034896,1,RL
23,45.098650264834376,10.07528439595763,48,2.820286558679264,11,1948.6174085887428,1,Fixed
23,45.098650264834376,10.07528439595763,48,6.943966556983814,12,2911.479485066341,1,RL
23,45.098650264834376,10.07528439595763,49,1.6042330850820783,14,2510.2577404328413,1,Fixed
23,45.098650264834376,10.07528439595763,49,1.4360436384142523,13,2456.2930647148087,1,RL
23,45.098650264834376,10.07528439595763,50,14.23311871666121,16,2572.682620882708,1,Fixed
23,45.098650264834376,10.07528439595763,50,14.402969770273506,14,2928.0370701140346,1,RL
23,45.098650264834376,10.07528439595763,51,10.108333173056312,12,2916.1828719914556,1,Fixed
23,45.098650264834376,10.07528439595763,51,13.856497065220726,13,3076.9011096748122,1,RL
23,45.098650264834376,10.07528439595763,52,21.388742827991948,13,2911.3468811327693,1,Fixed
23,45.098650264834376,10.07528439595763,52,3.21644289117811,7,2063.8253673292334,1,RL
23,45.098650264834376,10.07528439595763,53,2.965326308260912,9,2173.5988156593207,1,Fixed
23,45.098650264834376,10.07528439595763,53,11.293650570436444,13,3692.1523139260025,1,RL
23,45.098650264834376,10.07528439595763,54,5.2818282813884565,9,2764.121008104243,1,Fixed
23,45.098650264834376,10.07528439595763,54,20.60664046835522,19,3691.105198859193,1,RL
23,45.098650264834376,10.07528439595763,55,8.821656647792581,9,3159.5997542635077,1,Fixed
23,45.098650264834376,10.07528439595763,55,5.528838925989397,16,3513.190775364493,1,RL
23,45.098650264834376,10.07528439595763,56,18.220173325031553,15,3227.376537573842,1,Fixed
23,45.098650264834376,10.07528439595763,56,3.6681607659431266,14,3015.8055986737922,1,RL
23,45.098650264834376,10.07528439595763,57,18.78881321637258,12,3083.480472770686,1,Fixed
23,45.098650264834376,10.07528439595763,57,4.736598024556359,14,2775.545309821504,1,RL
23,45.098650264834376,10.07528439595763,58,14.500105281249208,13,2462.673429915267,1,Fixed
23,45.098650264834376,10.07528439595763,58,18.81143804743036,15,2460.4134868954643,1,RL
23,45.098650264834376,10.07528439595763,59,5.309811679164347,15,2546.022964947485,1,Fixed
23,45.098650264834376,10.07528439595763,59,1.3416531127302351,8,2044.950891030679,1,RL
23,45.098650264834376,10.07528439595763,60,20.205799147198,14,3071.672456155714,1,Fixed
23,45.098650264834376,10.07528439595763,60,10.21515785126915,11,2810.0503999984976,1,RL
23,45.098650264834376,10.07528439595763,61,11.096708727861827,11,2768.7231711717855,1,Fixed
23,45.098650264834376,10.07528439595763,61,3.592622138453585,12,2792.186411005892,1,RL
23,45.098650264834376,10.07528439595763,62,9.22186864851079,12,2902.72368541589,1,Fixed
23,45.098650264834376,10.07528439595763,62,6.558626105711052,13,3295.652228556127,1,RL
23,45.098650264834376,10.07528439595763,63,1.927997279668567,12,2463.6878506171834,1,Fixed
23,45.098650264834376,10.07528439595763,63,18.729702401107485,14,2614.336303355155,1,RL
23,45.098650264834376,10.07528439595763,64,6.433742972374596,8,2390.012858280688,1,Fixed
23,45.098650264834376,10.07528439595763,64,10.123550815923629,15,3284.9991140430916,1,RL
23,45.098650264834376,10.07528439595763,65,8.713170071186058,12,2597.0503995313265,1,Fixed
23,45.098650264834376,10.07528439595763,65,2.1665464062070274,12,2496.31539719295,1,RL
23,45.098650264834376,10.07528439595763,66,18.44721405236439,10,2975.319591488636,1,Fixed
23,45.098650264834376,10.07528439595763,66,19.89145284209331,14,3206.980748761906,1,RL
23,45.098650264834376,10.07528439595763,67,20.172187637270547,12,2958.6010195517583,1,Fixed
23,45.098650264834376,10.07528439595763,67,3.491228436827657,12,2613.6555367317083,1,RL
23,45.098650264834376,10.07528439595763,68,7.646237456666244,11,2924.1340751967055,1,Fixed
23,45.098650264834376,10.07528439595763,68,5.769954269001242,16,3426.1260889366686,1,RL
23,45.098650264834376,10.07528439595763,69,2.532387655470839,10,2162.243727728391,1,Fixed
23,45.098650264834376,10.07528439595763,69,11.978588823464131,13,3219.0445364002107,1,RL
23,45.098650264834376,10.07528439595763,70,13.07932157773852,9,2510.292756806876,1,Fixed
23,45.098650264834376,10.07528439595763,70,300.0,300,2736.573658415434,0,RL
23,45.098650264834376,10.07528439595763,71,23.87670597859935,8,2800.6519611556732,1,Fixed
23,45.098650264834376,10.07528439595763,71,7.854596100797716,11,2502.2523161073905,1,RL
23,45.098650264834376,10.07528439595763,72,15.622484064562434,14,2576.7658889315667,1,Fixed
23,45.098650264834376,10.07528439595763,72,12.897891880720769,13,2827.3533930812596,1,RL
23,45.098650264834376,10.07528439595763,73,14.35259009455412,15,3211.3192573859287,1,Fixed
23,45.098650264834376,10.07528439595763,73,22.325610713640852,13,3192.925278443974,1,RL
23,45.098650264834376,10.07528439595763,74,17.43806174370623,10,3002.9686724066396,1,Fixed
23,45.098650264834376,10.07528439595763,74,25.690203657451207,12,2743.218775543671,1,RL
23,45.098650264834376,10.07528439595763,75,6.0209966693936305,6,2513.8742453756513,1,Fixed
23,45.098650264834376,10.07528439595763,75,20.93455422605133,10,2818.1771102519706,1,RL
23,45.098650264834376,10.07528439595763,76,5.247742323198636,12,2464.218207521725,1,Fixed
23,45.098650264834376,10.07528439595763,76,10.944423222015784,14,3042.2326598221994,1,RL
23,45.098650264834376,10.07528439595763,77,15.231324224697996,13,2323.3446855017532,1,Fixed
23,45.098650264834376,10.07528439595763,77,14.723910754309411,10,2636.754551451029,1,RL
23,45.098650264834376,10.07528439595763,78,10.041317504699965,11,2430.0636601226233,1,Fixed
23,45.098650264834376,10.07528439595763,78,16.123992765729437,11,2475.7316598701204,1,RL
23,45.098650264834376,10.07528439595763,79,15.200328886411029,12,2628.3864082652167,1,Fixed
23,45.098650264834376,10.07528439595763,79,19.81661315200118,12,2710.0444695554293,1,RL
23,45.098650264834376,10.07528439595763,80,16.75917299331055,10,2560.242479557645,1,Fixed
23,45.098650264834376,10.07528439595763,80,7.947404617961657,11,3594.2483471487517,1,RL
23,45.098650264834376,10.07528439595763,81,26.405868210903833,13,3258.0470070222855,1,Fixed
23,45.098650264834376,10.07528439595763,81,11.189787960840599,11,2291.204793469452,1,RL
23,45.098650264834376,10.07528439595763,82,12.64676273316255,11,2577.413980171525,1,Fixed
23,45.098650264834376,10.07528439595763,82,10.941152290321439,12,2917.1873218619658,1,RL
23,45.098650264834376,10.07528439595763,83,10.881902931271533,11,2567.577590443402,1,Fixed
23,45.098650264834376,10.07528439595763,83,7.908646462701884,14,2763.068134619356,1,RL
23,45.098650264834376,10.07528439595763,84,22.39750616563974,10,2395.766910179403,1,Fixed
23,45.098650264834376,10.07528439595763,84,20.79032071502852,13,3083.852473812639,1,RL
23,45.098650264834376,10.07528439595763,85,5.307138792699215,13,3260.057523608963,1,Fixed
23,45.098650264834376,10.07528439595763,85,18.318998497693933,30,5070.758406235051,1,RL
23,45.098650264834376,10.07528439595763,86,3.9661546827274585,10,2262.065650013709,1,Fixed
23,45.098650264834376,10.07528439595763,86,21.043068281125535,12,2869.3878890946335,1,RL
23,45.098650264834376,10.07528439595763,87,2.969255528080255,13,2723.0258910126013,1,Fixed
23,45.098650264834376,10.07528439595763,87,2.7682242711787595,11,2461.9363919952652,1,RL
23,45.098650264834376,10.07528439595763,88,300.0,300,2647.9309264265635,0,Fixed
23,45.098650264834376,10.07528439595763,88,11.451886452388921,13,2760.9888255246506,1,RL
23,45.098650264834376,10.07528439595763,89,10.861940722089617,12,2671.805907235438,1,Fixed
23,45.098650264834376,10.07528439595763,89,6.144875558114639,13,3131.5458909490144,1,RL
23,45.098650264834376,10.07528439595763,90,28.013734339066012,17,3571.136831959826,1,Fixed
23,45.098650264834376,10.07528439595763,90,18.212816869842406,14,2909.377245025584,1,RL
23,45.098650264834376,10.07528439595763,91,9.095805458628963,13,2964.531007164902,1,Fixed
23,45.098650264834376,10.07528439595763,91,5.336498310694404,15,2982.0927248702696,1,RL
23,45.098650264834376,10.07528439595763,92,10.185621628486139,10,3149.451046342636,1,Fixed
23,45.098650264834376,10.07528439595763,92,14.801468024610196,12,3125.1051410734726,1,RL
23,45.098650264834376,10.07528439595763,93,14.02600796733939,11,2750.6642950365454,1,Fixed
23,45.098650264834376,10.07528439595763,93,3.9432367765355862,11,2783.742571697164,1,RL
23,45.098650264834376,10.07528439595763,94,13.462247611706312,14,2928.8911505266456,1,Fixed
23,45.098650264834376,10.07528439595763,94,14.58003767798812,12,2542.459658302389,1,RL
23,45.098650264834376,10.07528439595763,95,12.359447430489599,16,3335.7453963410735,1,Fixed
23,45.098650264834376,10.07528439595763,95,3.8916291445023568,14,2864.917943590757,1,RL
23,45.098650264834376,10.07528439595763,96,8.923418966191074,10,2781.59441597606,1,Fixed
23,45.098650264834376,10.07528439595763,96,9.125135635800579,13,3421.947289189767,1,RL
23,45.098650264834376,10.07528439595763,97,2.037132799126785,9,2886.60297018103,1,Fixed
23,45.098650264834376,10.07528439595763,97,3.54093753062699,13,2689.279964222696,1,RL
23,45.098650264834376,10.07528439595763,98,18.02141170435951,11,2418.2874677352215,1,Fixed
23,45.098650264834376,10.07528439595763,98,8.047290842986367,8,2907.6341255156926,1,RL
23,45.098650264834376,10.07528439595763,99,15.678523520043518,15,3642.552011545182,1,Fixed
23,45.098650264834376,10.07528439595763,99,16.201779279997062,11,4122.959021149605,1,RL
24,70.75228189780428,3.1174909111921223,0,24.447929073019175,12,3097.6784811509297,1,Fixed
24,70.75228189780428,3.1174909111921223,0,7.151500592304139,12,2582.4149373471214,1,RL
24,70.75228189780428,3.1174909111921223,1,26.61302773842354,18,2999.8907299160237,1,Fixed
24,70.75228189780428,3.1174909111921223,1,4.8459623083525205,13,3107.7721801157695,1,RL
24,70.75228189780428,3.1174909111921223,2,300.0,300,3419.987039789048,0,Fixed
24,70.75228189780428,3.1174909111921223,2,13.880929263263535,11,3321.704501473,1,RL
24,70.75228189780428,3.1174909111921223,3,21.3659879964587,13,3487.778362894257,1,Fixed
24,70.75228189780428,3.1174909111921223,3,5.533364270305525,9,3123.326133230545,1,RL
24,70.75228189780428,3.1174909111921223,4,18.372600257700142,12,3171.6717632306754,1,Fixed
24,70.75228189780428,3.1174909111921223,4,17.46395017751224,12,2970.21779220438,1,RL
24,70.75228189780428,3.1174909111921223,5,300.0,300,3800.143617875358,0,Fixed
24,70.75228189780428,3.1174909111921223,5,1.900341739099834,10,3110.1694166352027,1,RL
24,70.75228189780428,3.1174909111921223,6,12.600480691303108,13,3103.4712278646743,1,Fixed
24,70.75228189780428,3.1174909111921223,6,9.614813409244165,13,2756.0268250696067,1,RL
24,70.75228189780428,3.1174909111921223,7,300.0,300,3509.4803769326677,0,Fixed
24,70.75228189780428,3.1174909111921223,7,10.268041807974047,13,3234.2115128549203,1,RL
24,70.75228189780428,3.1174909111921223,8,17.716159124594512,10,2921.078656069695,1,Fixed
24,70.75228189780428,3.1174909111921223,8,12.146114239018146,13,2779.4412776645563,1,RL
24,70.75228189780428,3.1174909111921223,9,0.9749153986392554,15,2894.859074087403,1,Fixed
24,70.75228189780428,3.1174909111921223,9,20.97851085952566,13,3192.7708543971476,1,RL
24,70.75228189780428,3.1174909111921223,10,16.08799463184732,14,3090.872206154247,1,Fixed
24,70.75228189780428,3.1174909111921223,10,11.553989905448674,10,2916.3071733806355,1,RL
24,70.75228189780428,3.1174909111921223,11,25.576708696703328,10,3017.248460483124,1,Fixed
24,70.75228189780428,3.1174909111921223,11,300.0,300,3778.697316339003,0,RL
24,70.75228189780428,3.1174909111921223,12,19.421284326482827,15,3150.6089208393555,1,Fixed
24,70.75228189780428,3.1174909111921223,12,16.87657503691739,11,2835.4375849123353,1,RL
24,70.75228189780428,3.1174909111921223,13,300.0,300,2870.2594695645616,0,Fixed
24,70.75228189780428,3.1174909111921223,13,26.31173755478136,15,3242.4788773990026,1,RL
24,70.75228189780428,3.1174909111921223,14,19.150883077533702,14,3164.5561179904735,1,Fixed
24,70.75228189780428,3.1174909111921223,14,6.24329882427679,30,2338.11991079022,1,RL
24,70.75228189780428,3.1174909111921223,15,300.0,300,2741.059295466971,0,Fixed
24,70.75228189780428,3.1174909111921223,15,0.5690281181722499,14,2645.9871873682355,1,RL
24,70.75228189780428,3.1174909111921223,16,4.001775384851994,11,3168.138351516549,1,Fixed
24,70.75228189780428,3.1174909111921223,16,13.99752114354917,16,2939.757281379881,1,RL
24,70.75228189780428,3.1174909111921223,17,13.109892643904567,14,3447.185670015231,1,Fixed
24,70.75228189780428,3.1174909111921223,17,300.0,300,3878.1426605327924,0,RL
24,70.75228189780428,3.1174909111921223,18,300.0,300,3309.027328199767,0,Fixed
24,70.75228189780428,3.1174909111921223,18,4.238554127313018,13,2785.0707392501026,1,RL
24,70.75228189780428,3.1174909111921223,19,21.594745157615197,16,3517.960050439147,1,Fixed
24,70.75228189780428,3.1174909111921223,19,11.262370950230718,10,3370.914747253139,1,RL
24,70.75228189780428,3.1174909111921223,20,19.417770083193773,11,3053.4994518174235,1,Fixed
24,70.75228189780428,3.1174909111921223,20,21.40812787322841,12,3049.8835614977784,1,RL
24,70.75228189780428,3.1174909111921223,21,1.7225473093376127,10,2602.5169455968885,1,Fixed
24,70.75228189780428,3.1174909111921223,21,22.185259005899297,11,3306.5299907091317,1,RL
24,70.75228189780428,3.1174909111921223,22,300.0,300,3390.3011872503816,0,Fixed
24,70.75228189780428,3.1174909111921223,22,300.0,300,3884.0491963489435,0,RL
24,70.75228189780428,3.1174909111921223,23,17.325888355633232,12,3295.5833197300212,1,Fixed
24,70.75228189780428,3.1174909111921223,23,12.720246894274997,12,2923.0082319364824,1,RL
24,70.75228189780428,3.1174909111921223,24,14.474198800424167,15,3584.853508579762,1,Fixed
24,70.75228189780428,3.1174909111921223,24,11.361420195704834,11,3208.9116185485104,1,RL
24,70.75228189780428,3.1174909111921223,25,20.446803672386014,15,2988.700150467089,1,Fixed
24,70.75228189780428,3.1174909111921223,25,12.879910240923504,12,2702.4607311757,1,RL
24,70.75228189780428,3.1174909111921223,26,21.985888130319413,14,3347.497713347589,1,Fixed
24,70.75228189780428,3.1174909111921223,26,7.994301726605461,14,2857.8890281816357,1,RL
24,70.75228189780428,3.1174909111921223,27,18.42561063659429,10,2953.3532885670024,1,Fixed
24,70.75228189780428,3.1174909111921223,27,3.3606684694785947,14,3332.239833331365,1,RL
24,70.75228189780428,3.1174909111921223,28,300.0,300,3306.3240079454895,0,Fixed
24,70.75228189780428,3.1174909111921223,28,7.087826196956418,17,4414.965144445159,1,RL
24,70.75228189780428,3.1174909111921223,29,7.397820914057331,14,3230.9157156440638,1,Fixed
24,70.75228189780428,3.1174909111921223,29,300.0,300,3616.199112231399,0,RL
24,70.75228189780428,3.1174909111921223,30,300.0,300,3071.460385682358,0,Fixed
24,70.75228189780428,3.1174909111921223,30,6.80809792665209,15,3035.1201880678727,1,RL
24,70.75228189780428,3.1174909111921223,31,0.9311799275395322,12,2902.223932921918,1,Fixed
24,70.75228189780428,3.1174909111921223,31,2.1787766033112685,11,3065.874344464925,1,RL
24,70.75228189780428,3.1174909111921223,32,1.6641183805772137,14,3023.403457762747,1,Fixed
24,70.75228189780428,3.1174909111921223,32,2.431178099199744,12,2981.7417628522635,1,RL
24,70.75228189780428,3.1174909111921223,33,2.4475363939813053,12,2776.481412781944,1,Fixed
24,70.75228189780428,3.1174909111921223,33,2.3233666086508533,12,2406.31142490918,1,RL
24,70.75228189780428,3.1174909111921223,34,7.757708761922918,10,3715.2705780921215,1,Fixed
24,70.75228189780428,3.1174909111921223,34,1.1711894764105515,9,2678.933037084993,1,RL
24,70.75228189780428,3.1174909111921223,35,300.0,300,3119.225316796385,0,Fixed
24,70.75228189780428,3.1174909111921223,35,3.327234542576408,10,2728.7211478257427,1,RL
24,70.75228189780428,3.1174909111921223,36,1.9659307628676141,9,2621.7673187656533,1,Fixed
24,70.75228189780428,3.1174909111921223,36,10.324510694270742,16,2185.667127061704,1,RL
24,70.75228189780428,3.1174909111921223,37,19.299772692674885,13,3055.471252236073,1,Fixed
24,70.75228189780428,3.1174909111921223,37,9.144045959593715,13,2586.100935441377,1,RL
24,70.75228189780428,3.1174909111921223,38,5.852291471889825,15,2919.3753278580994,1,Fixed
24,70.75228189780428,3.1174909111921223,38,300.0,300,2899.3380993708556,0,RL
24,70.75228189780428,3.1174909111921223,39,19.27785735435557,15,3181.369325629328,1,Fixed
24,70.75228189780428,3.1174909111921223,39,17.71554535033014,16,2617.08194905564,1,RL
24,70.75228189780428,3.1174909111921223,40,14.49325330233276,14,3359.0960996582653,1,Fixed
24,70.75228189780428,3.1174909111921223,40,5.646844241168683,11,4143.429670042487,1,RL
24,70.75228189780428,3.1174909111921223,41,24.876053813298412,18,3379.314900200869,1,Fixed
24,70.75228189780428,3.1174909111921223,41,22.932740491363806,10,2975.13183511856,1,RL
24,70.75228189780428,3.1174909111921223,42,6.266206356654046,13,2963.029076826918,1,Fixed
24,70.75228189780428,3.1174909111921223,42,19.91593363030316,16,3707.5634077546156,1,RL
24,70.75228189780428,3.1174909111921223,43,21.138102153619084,10,3210.5752203814814,1,Fixed
24,70.75228189780428,3.1174909111921223,43,2.0538178675866776,16,2811.416377166712,1,RL
24,70.75228189780428,3.1174909111921223,44,11.198057450386173,14,3385.14028600106,1,Fixed
24,70.75228189780428,3.1174909111921223,44,6.11600907636916,15,3463.877734219398,1,RL
24,70.75228189780428,3.1174909111921223,45,300.0,300,2859.3477352802206,0,Fixed
24,70.75228189780428,3.1174909111921223,45,1.9069216463127934,9,2318.9159402370956,1,RL
24,70.75228189780428,3.1174909111921223,46,19.54117817082481,13,3101.9562790002883,1,Fixed
24,70.75228189780428,3.1174909111921223,46,8.896824725532488,11,2716.2446133361823,1,RL
24,70.75228189780428,3.1174909111921223,47,6.120952143704423,14,2725.5116206607877,1,Fixed
24,70.75228189780428,3.1174909111921223,47,0.599974978928538,11,2992.778551672329,1,RL
24,70.75228189780428,3.1174909111921223,48,300.0,300,3102.4735227514616,0,Fixed
24,70.75228189780428,3.1174909111921223,48,4.981831316767442,11,2516.511165921141,1,RL
24,70.75228189780428,3.1174909111921223,49,2.705186226783984,13,2860.1669849715813,1,Fixed
24,70.75228189780428,3.1174909111921223,49,9.285525943272729,13,3727.781074380547,1,RL
24,70.75228189780428,3.1174909111921223,50,23.41783509983417,15,3601.5914087755496,1,Fixed
24,70.75228189780428,3.1174909111921223,50,17.642697788290945,13,3264.135722217515,1,RL
24,70.75228189780428,3.1174909111921223,51,6.66280601565227,14,3082.841132806778,1,Fixed
24,70.75228189780428,3.1174909111921223,51,300.0,300,3065.7492148936717,0,RL
24,70.75228189780428,3.1174909111921223,52,5.024492295021347,9,2677.2506435582636,1,Fixed
24,70.75228189780428,3.1174909111921223,52,19.124688106606577,12,2735.585452356759,1,RL
24,70.75228189780428,3.1174909111921223,53,17.47282495110977,15,2713.941880625602,1,Fixed
24,70.75228189780428,3.1174909111921223,53,10.829197673600994,10,2876.9572780795793,1,RL
24,70.75228189780428,3.1174909111921223,54,300.0,300,3708.440438674872,0,Fixed
24,70.75228189780428,3.1174909111921223,54,22.426514773124698,12,2815.6822076627705,1,RL
24,70.75228189780428,3.1174909111921223,55,20.901545577641464,15,3344.2362559740927,1,Fixed
24,70.75228189780428,3.1174909111921223,55,4.894285480502184,10,2459.144065722811,1,RL
24,70.75228189780428,3.1174909111921223,56,21.594390469001915,10,2638.004559759309,1,Fixed
24,70.75228189780428,3.1174909111921223,56,19.783345615502206,13,2819.288048852367,1,RL
24,70.75228189780428,3.1174909111921223,57,4.715855137833848,14,2978.5650726494177,1,Fixed
24,70.75228189780428,3.1174909111921223,57,30.445017520074117,18,4044.765978631234,1,RL
24,70.75228189780428,3.1174909111921223,58,4.253490053016749,8,2554.363178917005,1,Fixed
24,70.75228189780428,3.1174909111921223,58,2.4812188903194667,14,3131.315346962042,1,RL
24,70.75228189780428,3.1174909111921223,59,300.0,300,3033.6048165903385,0,Fixed
24,70.75228189780428,3.1174909111921223,59,10.654925141990233,14,3060.116130627654,1,RL
24,70.75228189780428,3.1174909111921223,60,13.320113342906632,11,2847.044914310353,1,Fixed
24,70.75228189780428,3.1174909111921223,60,2.93149914467894,17,3135.255315413977,1,RL
24,70.75228189780428,3.1174909111921223,61,22.09238945165374,10,2517.875765454543,1,Fixed
24,70.75228189780428,3.1174909111921223,61,20.3919795093252,12,2677.772692666978,1,RL
24,70.75228189780428,3.1174909111921223,62,16.848087652534545,12,3480.4915688461556,1,Fixed
24,70.75228189780428,3.1174909111921223,62,8.50076151235503,13,3014.5306795595043,1,RL
24,70.75228189780428,3.1174909111921223,63,20.304065280065938,13,2692.4104310174134,1,Fixed
24,70.75228189780428,3.1174909111921223,63,9.309881230921578,11,2418.307900231214,1,RL
24,70.75228189780428,3.1174909111921223,64,300.0,300,2842.0398985589036,0,Fixed
24,70.75228189780428,3.1174909111921223,64,15.709894163839142,14,2845.318346166008,1,RL
24,70.75228189780428,3.1174909111921223,65,0.761091940685505,11,2263.5065435076026,1,Fixed
24,70.75228189780428,3.1174909111921223,65,18.004460343987567,21,3438.0728087025814,1,RL
24,70.75228189780428,3.1174909111921223,66,17.70941523741625,14,3119.830501253678,1,Fixed
24,70.75228189780428,3.1174909111921223,66,5.511841092545451,12,3396.3665657050115,1,RL
24,70.75228189780428,3.1174909111921223,67,7.241882031110711,10,2531.1565739862685,1,Fixed
24,70.75228189780428,3.1174909111921223,67,4.293939578659544,13,2161.7220244239256,1,RL
24,70.75228189780428,3.1174909111921223,68,15.334949039500406,11,3021.8466592779614,1,Fixed
24,70.75228189780428,3.1174909111921223,68,19.43030359030353,15,3673.261518410138,1,RL
24,70.75228189780428,3.1174909111921223,69,300.0,300,3414.799646147631,0,Fixed
24,70.75228189780428,3.1174909111921223,69,300.0,300,3409.4762942377133,0,RL
24,70.75228189780428,3.1174909111921223,70,14.31844741576038,13,2965.0499761906703,1,Fixed
24,70.75228189780428,3.1174909111921223,70,5.444912289232829,11,2892.739764915913,1,RL
24,70.75228189780428,3.1174909111921223,71,0.7433115791959463,7,2701.171048365834,1,Fixed
24,70.75228189780428,3.1174909111921223,71,300.0,300,3314.176633798609,0,RL
24,70.75228189780428,3.1174909111921223,72,5.757748268863585,7,2649.3295369117027,1,Fixed
24,70.75228189780428,3.1174909111921223,72,15.593149379777824,17,3359.8253043750783,1,RL
24,70.75228189780428,3.1174909111921223,73,8.382880586781974,9,3192.868354176393,1,Fixed
24,70.75228189780428,3.1174909111921223,73,7.278926656726625,20,3735.960603971313,1,RL
24,70.75228189780428,3.1174909111921223,74,4.593825935694661,11,2748.1050924743895,1,Fixed
24,70.75228189780428,3.1174909111921223,74,300.0,300,2972.997888272218,0,RL
24,70.75228189780428,3.1174909111921223,75,15.350367008869933,12,2630.889055065434,1,Fixed
24,70.75228189780428,3.1174909111921223,75,300.0,300,3146.3463099288288,0,RL
24,70.75228189780428,3.1174909111921223,76,21.407477284991,26,3565.878488045394,1,Fixed
24,70.75228189780428,3.1174909111921223,76,32.58838738509915,13,3599.201468242507,1,RL
24,70.75228189780428,3.1174909111921223,77,300.0,300,2561.037570171933,0,Fixed
24,70.75228189780428,3.1174909111921223,77,4.86245922538862,12,3240.8624981409225,1,RL
24,70.75228189780428,3.1174909111921223,78,4.562449433556623,12,3015.102543392344,1,Fixed
24,70.75228189780428,3.1174909111921223,78,300.0,300,3945.9154436378362,0,RL
24,70.75228189780428,3.1174909111921223,79,3.9026160383778317,14,3406.50259558256,1,Fixed
24,70.75228189780428,3.1174909111921223,79,2.0281342060486947,12,2902.062257997878,1,RL
24,70.75228189780428,3.1174909111921223,80,14.846942224896893,13,2914.014344976501,1,Fixed
24,70.75228189780428,3.1174909111921223,80,300.0,300,3141.094741191003,0,RL
24,70.75228189780428,3.1174909111921223,81,20.41215334200654,17,3420.043338053079,1,Fixed
24,70.75228189780428,3.1174909111921223,81,6.949005847997962,16,3092.0042876718835,1,RL
24,70.75228189780428,3.1174909111921223,82,6.564021016257046,14,3036.8791007000673,1,Fixed
24,70.75228189780428,3.1174909111921223,82,15.573625215260332,12,2810.575489451085,1,RL
24,70.75228189780428,3.1174909111921223,83,0.5077186570617238,9,2319.626882521391,1,Fixed
24,70.75228189780428,3.1174909111921223,83,19.491916910417153,13,3319.788792981538,1,RL
24,70.75228189780428,3.1174909111921223,84,5.912087354082251,14,3151.898700104143,1,Fixed
24,70.75228189780428,3.1174909111921223,84,9.279300213915924,15,3047.3605346419304,1,RL
24,70.75228189780428,3.1174909111921223,85,4.767038204956362,12,2790.236676558338,1,Fixed
24,70.75228189780428,3.1174909111921223,85,4.5111352694242886,8,2506.4192193363933,1,RL
24,70.75228189780428,3.1174909111921223,86,14.154475969338302,11,2369.9515978225377,1,Fixed
24,70.75228189780428,3.1174909111921223,86,300.0,300,2771.536619333855,0,RL
24,70.75228189780428,3.1174909111921223,87,19.842875971041295,16,3203.5854533762827,1,Fixed
24,70.75228189780428,3.1174909111921223,87,1.8091823477201285,10,2621.8654293304617,1,RL
24,70.75228189780428,3.1174909111921223,88,1.688135532373376,12,2075.9264652658726,1,Fixed
24,70.75228189780428,3.1174909111921223,88,10.614844428149798,12,3195.930499545492,1,RL
24,70.75228189780428,3.1174909111921223,89,23.00605374044533,31,3166.365022771914,1,Fixed
24,70.75228189780428,3.1174909111921223,89,19.185304649131233,9,2964.1197091848335,1,RL
24,70.75228189780428,3.1174909111921223,90,300.0,300,3430.777393529987,0,Fixed
24,70.75228189780428,3.1174909111921223,90,5.952980728268722,11,3310.9436233368892,1,RL
24,70.75228189780428,3.1174909111921223,91,14.250052821782973,11,3183.8865401490207,1,Fixed
24,70.75228189780428,3.1174909111921223,91,1.8086248731734347,11,2934.0778296635103,1,RL
24,70.75228189780428,3.1174909111921223,92,10.110320129550166,10,2348.041029405349,1,Fixed
24,70.75228189780428,3.1174909111921223,92,12.760686443393896,10,2999.302919754108,1,RL
24,70.75228189780428,3.1174909111921223,93,300.0,300,3798.4110413496646,0,Fixed
24,70.75228189780428,3.1174909111921223,93,35.062415627655994,21,4423.27664323976,1,RL
24,70.75228189780428,3.1174909111921223,94,10.010054259041954,14,3137.759508599592,1,Fixed
24,70.75228189780428,3.1174909111921223,94,7.388525231716289,10,2808.1521742870746,1,RL
24,70.75228189780428,3.1174909111921223,95,27.468244262056242,14,3133.161023931859,1,Fixed
24,70.75228189780428,3.1174909111921223,95,0.9454043816503255,10,3689.8707907476214,1,RL
24,70.75228189780428,3.1174909111921223,96,14.967941032953496,23,3274.0408719412762,1,Fixed
24,70.75228189780428,3.1174909111921223,96,9.869025213609167,20,3618.597795144177,1,RL
24,70.75228189780428,3.1174909111921223,97,4.895668537210229,14,2696.2645587233337,1,Fixed
24,70.75228189780428,3.1174909111921223,97,18.706887922270525,11,2854.243087071309,1,RL
24,70.75228189780428,3.1174909111921223,98,25.027550835412992,48,3241.264154361876,1,Fixed
24,70.75228189780428,3.1174909111921223,98,0.8437123732087709,5,2101.2211312031172,1,RL
24,70.75228189780428,3.1174909111921223,99,5.36678954649009,10,2712.181325200333,1,Fixed
24,70.75228189780428,3.1174909111921223,99,300.0,300,2955.4689326911002,0,RL
25,87.01966904922422,13.865252911330373,0,12.530895371904753,9,2746.694334223873,1,Fixed
25,87.01966904922422,13.865252911330373,0,18.522298455908416,16,3301.1138499519425,1,RL
25,87.01966904922422,13.865252911330373,1,12.901936509952986,15,3248.511324242697,1,Fixed
25,87.01966904922422,13.865252911330373,1,23.43790497798561,6,2738.603240978256,1,RL
25,87.01966904922422,13.865252911330373,2,15.214164111697965,9,2469.393125682306,1,Fixed
25,87.01966904922422,13.865252911330373,2,1.8948379795094332,11,2862.064395352586,1,RL
25,87.01966904922422,13.865252911330373,3,7.882435615061977,13,2666.324704620756,1,Fixed
25,87.01966904922422,13.865252911330373,3,7.751471206383785,14,3021.744515363991,1,RL
25,87.01966904922422,13.865252911330373,4,17.8398193594159,17,2805.1140494348624,1,Fixed
25,87.01966904922422,13.865252911330373,4,6.088246012417725,11,2606.507018096636,1,RL
25,87.01966904922422,13.865252911330373,5,22.20087817028803,12,3361.023409303135,1,Fixed
25,87.01966904922422,13.865252911330373,5,22.04817920160954,12,3373.480815227071,1,RL
25,87.01966904922422,13.865252911330373,6,20.241656977493662,10,2982.6078122936765,1,Fixed
25,87.01966904922422,13.865252911330373,6,17.401951772161194,13,2827.0204472539426,1,RL
25,87.01966904922422,13.865252911330373,7,12.761222854528205,12,3269.094009629601,1,Fixed
25,87.01966904922422,13.865252911330373,7,17.459609184953155,14,2853.7075670757354,1,RL
25,87.01966904922422,13.865252911330373,8,14.114167562343104,12,2518.7929569039015,1,Fixed
25,87.01966904922422,13.865252911330373,8,13.358133240810583,12,2855.2747906638433,1,RL
25,87.01966904922422,13.865252911330373,9,4.048385282939972,11,2718.171457879102,1,Fixed
25,87.01966904922422,13.865252911330373,9,11.772659676440618,16,3575.4232410280006,1,RL
25,87.01966904922422,13.865252911330373,10,18.475099676574846,11,2569.649680719857,1,Fixed
25,87.01966904922422,13.865252911330373,10,6.621783507678342,14,3117.7172172369064,1,RL
25,87.01966904922422,13.865252911330373,11,15.44108193157994,8,2828.921021746824,1,Fixed
25,87.01966904922422,13.865252911330373,11,25.084414417361,12,3009.2276768037927,1,RL
25,87.01966904922422,13.865252911330373,12,12.936830397067496,13,2940.4308901214326,1,Fixed
25,87.01966904922422,13.865252911330373,12,15.892426957020083,11,2884.8719407561557,1,RL
25,87.01966904922422,13.865252911330373,13,18.22375344109219,17,3722.355354431348,1,Fixed
25,87.01966904922422,13.865252911330373,13,20.444648474377427,14,3044.2934067988285,1,RL
25,87.01966904922422,13.865252911330373,14,4.831011038235959,11,2436.131749605816,1,Fixed
25,87.01966904922422,13.865252911330373,14,7.333154222716073,12,2768.074500477013,1,RL
25,87.01966904922422,13.865252911330373,15,8.211820597890611,9,2279.785847463253,1,Fixed
25,87.01966904922422,13.865252911330373,15,4.195787588764473,9,2755.069237442819,1,RL
25,87.01966904922422,13.865252911330373,16,15.823394818783811,15,3082.3233990137837,1,Fixed
25,87.01966904922422,13.865252911330373,16,3.5853049128454324,11,2935.8080106566076,1,RL
25,87.01966904922422,13.865252911330373,17,4.137957263595597,14,2582.979383461782,1,Fixed
25,87.01966904922422,13.865252911330373,17,2.3501773956101895,8,2578.501314325238,1,RL
25,87.01966904922422,13.865252911330373,18,3.1514821009439054,9,2943.487398319782,1,Fixed
25,87.01966904922422,13.865252911330373,18,9.11119550615918,11,3068.1751300473943,1,RL
25,87.01966904922422,13.865252911330373,19,21.573177790824946,13,2853.9033627472577,1,Fixed
25,87.01966904922422,13.865252911330373,19,7.711876406733498,12,3179.3312318850867,1,RL
25,87.01966904922422,13.865252911330373,20,17.245161203837277,16,3147.5971251176634,1,Fixed
25,87.01966904922422,13.865252911330373,20,13.77195024491066,11,2913.580885167619,1,RL
25,87.01966904922422,13.865252911330373,21,15.883423575678624,11,2700.939101425098,1,Fixed
25,87.01966904922422,13.865252911330373,21,21.463713027912654,13,3037.717739737214,1,RL
25,87.01966904922422,13.865252911330373,22,13.797956060848403,11,2919.668547193639,1,Fixed
25,87.01966904922422,13.865252911330373,22,2.282007893710202,10,2187.297941069157,1,RL
25,87.01966904922422,13.865252911330373,23,4.340174844679704,12,2652.037834361193,1,Fixed
25,87.01966904922422,13.865252911330373,23,15.31366098106906,14,3107.344125533285,1,RL
25,87.01966904922422,13.865252911330373,24,3.1211685645724545,9,2844.7152692339932,1,Fixed
25,87.01966904922422,13.865252911330373,24,5.825639531477661,13,2714.1346498315424,1,RL
25,87.01966904922422,13.865252911330373,25,3.209040997176552,11,2787.8206753526806,1,Fixed
25,87.01966904922422,13.865252911330373,25,7.334791523143861,8,2663.7202402334424,1,RL
25,87.01966904922422,13.865252911330373,26,14.697406575605076,11,2778.679922297944,1,Fixed
25,87.01966904922422,13.865252911330373,26,17.907246598987054,10,2956.266313176666,1,RL
25,87.01966904922422,13.865252911330373,27,9.950120132041544,13,3124.0011655613657,1,Fixed
25,87.01966904922422,13.865252911330373,27,10.494583777402035,12,2195.330529497983,1,RL
25,87.01966904922422,13.865252911330373,28,5.986103843929693,10,2996.511115734776,1,Fixed
25,87.01966904922422,13.865252911330373,28,15.683498795535774,13,2957.5813255570415,1,RL
25,87.01966904922422,13.865252911330373,29,13.289193720961697,13,3223.8038219009823,1,Fixed
25,87.01966904922422,13.865252911330373,29,13.887661049518204,11,2572.5278171715217,1,RL
25,87.01966904922422,13.865252911330373,30,3.298826312872471,12,2735.788994818361,1,Fixed
25,87.01966904922422,13.865252911330373,30,10.310392466237328,14,2623.245354855784,1,RL
25,87.01966904922422,13.865252911330373,31,27.694504611645954,14,3006.933171051892,1,Fixed
25,87.01966904922422,13.865252911330373,31,17.104801872131066,13,2688.6338603613085,1,RL
25,87.01966904922422,13.865252911330373,32,7.282345560958777,11,2729.592749498391,1,Fixed
25,87.01966904922422,13.865252911330373,32,20.475263680419364,9,2949.4278841102882,1,RL
25,87.01966904922422,13.865252911330373,33,4.910954650497857,13,3085.9019512147956,1,Fixed
25,87.01966904922422,13.865252911330373,33,15.702939330204654,13,2987.9535802944015,1,RL
25,87.01966904922422,13.865252911330373,34,12.440150744121231,11,3055.6098415099395,1,Fixed
25,87.01966904922422,13.865252911330373,34,36.33468926448573,12,3467.527149770122,1,RL
25,87.01966904922422,13.865252911330373,35,15.803887033545966,11,2465.880926956184,1,Fixed
25,87.01966904922422,13.865252911330373,35,3.5158350603372925,13,2859.8171963952373,1,RL
25,87.01966904922422,13.865252911330373,36,7.141519561610481,11,2922.13917715738,1,Fixed
25,87.01966904922422,13.865252911330373,36,7.718956625015305,18,3006.231489002988,1,RL
25,87.01966904922422,13.865252911330373,37,2.7545819882758487,11,2903.1821314770477,1,Fixed
25,87.01966904922422,13.865252911330373,37,19.050587007100827,9,2839.3648611544895,1,RL
25,87.01966904922422,13.865252911330373,38,3.820442782896837,9,2728.787651957225,1,Fixed
25,87.01966904922422,13.865252911330373,38,4.3477566047563325,13,2590.400170421601,1,RL
25,87.01966904922422,13.865252911330373,39,3.8826572106643367,8,2569.0680782700983,1,Fixed
25,87.01966904922422,13.865252911330373,39,16.40474749840672,11,2336.241533795552,1,RL
25,87.01966904922422,13.865252911330373,40,15.644766975832187,12,3118.5906195650086,1,Fixed
25,87.01966904922422,13.865252911330373,40,13.483335111452073,11,2635.092626728142,1,RL
25,87.01966904922422,13.865252911330373,41,4.335194675153196,11,2530.7925128147763,1,Fixed
25,87.01966904922422,13.865252911330373,41,14.809822014107553,15,3170.371539665405,1,RL
25,87.01966904922422,13.865252911330373,42,10.556756311295013,14,2977.4889904423158,1,Fixed
25,87.01966904922422,13.865252911330373,42,10.440572897513661,11,2802.3046764100586,1,RL
25,87.01966904922422,13.865252911330373,43,4.66159667412177,12,2735.0934817550005,1,Fixed
25,87.01966904922422,13.865252911330373,43,3.6647649608319157,11,2313.3085436350216,1,RL
25,87.01966904922422,13.865252911330373,44,4.1589105401816955,11,2573.535124506642,1,Fixed
25,87.01966904922422,13.865252911330373,44,1.9077579076381106,12,3149.4411110015403,1,RL
25,87.01966904922422,13.865252911330373,45,16.749417362690398,12,3139.7895714072965,1,Fixed
25,87.01966904922422,13.865252911330373,45,21.71316478737873,12,2913.9051386207434,1,RL
25,87.01966904922422,13.865252911330373,46,10.777632861238095,14,2635.0572912168705,1,Fixed
25,87.01966904922422,13.865252911330373,46,2.9813046999272528,9,2376.775539510351,1,RL
25,87.01966904922422,13.865252911330373,47,21.789534650247727,12,3085.424953475764,1,Fixed
25,87.01966904922422,13.865252911330373,47,16.047816984508422,14,2730.442279597376,1,RL
25,87.01966904922422,13.865252911330373,48,8.0414054073408,10,2655.614693395524,1,Fixed
25,87.01966904922422,13.865252911330373,48,4.291066497020449,12,2361.9754835786944,1,RL
25,87.01966904922422,13.865252911330373,49,4.4727679409719965,13,2836.3416047115375,1,Fixed
25,87.01966904922422,13.865252911330373,49,13.630002973178122,13,2794.6386417094486,1,RL
25,87.01966904922422,13.865252911330373,50,14.006336380602724,11,2912.182116982951,1,Fixed
25,87.01966904922422,13.865252911330373,50,19.375636984034372,10,2108.1850857567924,1,RL
25,87.01966904922422,13.865252911330373,51,2.581550729447213,9,2967.1770323902833,1,Fixed
25,87.01966904922422,13.865252911330373,51,1.8361683922976577,6,2677.6353102226462,1,RL
25,87.01966904922422,13.865252911330373,52,3.509620463590987,9,2547.7701932161385,1,Fixed
25,87.01966904922422,13.865252911330373,52,4.428419527556943,12,2421.7979427794385,1,RL
25,87.01966904922422,13.865252911330373,53,16.0836983873555,13,2972.4915664725777,1,Fixed
25,87.01966904922422,13.865252911330373,53,2.4697154621103286,9,2307.1255517571058,1,RL
25,87.01966904922422,13.865252911330373,54,3.7028717712023473,8,2422.366666747571,1,Fixed
25,87.01966904922422,13.865252911330373,54,2.573684062907188,11,2754.617332015832,1,RL
25,87.01966904922422,13.865252911330373,55,4.727859238375187,12,2881.4726710113423,1,Fixed
25,87.01966904922422,13.865252911330373,55,3.665798520498162,12,2609.8089040030327,1,RL
25,87.01966904922422,13.865252911330373,56,10.41142286603676,10,2947.8396229938753,1,Fixed
25,87.01966904922422,13.865252911330373,56,15.751485451233496,14,2962.75370125337,1,RL
25,87.01966904922422,13.865252911330373,57,3.9758444153595094,12,2698.940741443941,1,Fixed
25,87.01966904922422,13.865252911330373,57,22.152520799592313,14,3431.591671405846,1,RL
25,87.01966904922422,13.865252911330373,58,2.813764138255332,10,3069.764681284631,1,Fixed
25,87.01966904922422,13.865252911330373,58,15.009317386050494,13,3360.11946587846,1,RL
25,87.01966904922422,13.865252911330373,59,3.7686884955786866,14,2994.5979657210983,1,Fixed
25,87.01966904922422,13.865252911330373,59,2.1769581479422992,9,2477.495691925544,1,RL
25,87.01966904922422,13.865252911330373,60,6.510620427537231,10,2479.278239543247,1,Fixed
25,87.01966904922422,13.865252911330373,60,16.643409601735822,10,2555.906674509118,1,RL
25,87.01966904922422,13.865252911330373,61,3.5155454439044567,12,3038.9132923435873,1,Fixed
25,87.01966904922422,13.865252911330373,61,15.059763089180953,11,2664.7177621141327,1,RL
25,87.01966904922422,13.865252911330373,62,3.4823358114105516,11,3282.308464310497,1,Fixed
25,87.01966904922422,13.865252911330373,62,27.73593730474183,13,3485.4117995861247,1,RL
25,87.01966904922422,13.865252911330373,63,5.1702847439119894,11,2772.8190519567606,1,Fixed
25,87.01966904922422,13.865252911330373,63,14.693967637925159,14,2358.7528965072484,1,RL
25,87.01966904922422,13.865252911330373,64,10.21201806755767,12,3081.417611193782,1,Fixed
25,87.01966904922422,13.865252911330373,64,4.787284378582938,15,3153.0871498668444,1,RL
25,87.01966904922422,13.865252911330373,65,13.071584756037245,12,2651.1035876325623,1,Fixed
25,87.01966904922422,13.865252911330373,65,14.340723128352144,14,2886.419768224383,1,RL
25,87.01966904922422,13.865252911330373,66,5.698876751801427,13,2738.8883925963028,1,Fixed
25,87.01966904922422,13.865252911330373,66,16.75834569560893,11,2830.315740749786,1,RL
25,87.01966904922422,13.865252911330373,67,11.460705839832869,13,2697.2081103764135,1,Fixed
25,87.01966904922422,13.865252911330373,67,16.91749758980049,12,2726.5916477868277,1,RL
25,87.01966904922422,13.865252911330373,68,13.246940144503032,15,3240.1658731550497,1,Fixed
25,87.01966904922422,13.865252911330373,68,3.965262381639542,10,3072.712517409681,1,RL
25,87.01966904922422,13.865252911330373,69,10.93483097029807,11,2632.377006875797,1,Fixed
25,87.01966904922422,13.865252911330373,69,9.08980913365187,14,2850.993251769712,1,RL
25,87.01966904922422,13.865252911330373,70,18.438486855645795,12,2501.8026902556203,1,Fixed
25,87.01966904922422,13.865252911330373,70,19.79078815640144,11,2547.52612009663,1,RL
25,87.01966904922422,13.865252911330373,71,31.195070246799798,15,3730.003205632972,1,Fixed
25,87.01966904922422,13.865252911330373,71,5.745382402274517,16,3118.90224764329,1,RL
25,87.01966904922422,13.865252911330373,72,17.351504297748537,12,2853.5364386778474,1,Fixed
25,87.01966904922422,13.865252911330373,72,15.603948279944778,11,2619.1064394188434,1,RL
25,87.01966904922422,13.865252911330373,73,5.916127674164923,13,2865.83060196148,1,Fixed
25,87.01966904922422,13.865252911330373,73,19.610786756840636,12,2465.856828548901,1,RL
25,87.01966904922422,13.865252911330373,74,6.817505459531726,13,2997.546211248307,1,Fixed
25,87.01966904922422,13.865252911330373,74,4.605284299657996,2,1481.17395440879,1,RL
25,87.01966904922422,13.865252911330373,75,4.865436081515218,11,2703.2767273691215,1,Fixed
25,87.01966904922422,13.865252911330373,75,18.33268546126651,13,2823.017251623112,1,RL
25,87.01966904922422,13.865252911330373,76,5.5101672785216085,12,2766.330547403697,1,Fixed
25,87.01966904922422,13.865252911330373,76,12.197679648642758,14,2857.9461390615634,1,RL
25,87.01966904922422,13.865252911330373,77,6.239441464691671,9,2155.4352656806846,1,Fixed
25,87.01966904922422,13.865252911330373,77,15.619641164856429,10,2685.4559475185624,1,RL
25,87.01966904922422,13.865252911330373,78,2.8580945649984737,11,2829.8763435994015,1,Fixed
25,87.01966904922422,13.865252911330373,78,2.1772232835980905,7,2061.8923024973765,1,RL
25,87.01966904922422,13.865252911330373,79,18.123079697001167,12,3314.2020440321926,1,Fixed
25,87.01966904922422,13.865252911330373,79,4.136970647468734,9,2620.19866705516,1,RL
25,87.01966904922422,13.865252911330373,80,3.320514546612434,11,2618.405497694764,1,Fixed
25,87.01966904922422,13.865252911330373,80,19.223825820101638,16,3051.4888353143856,1,RL
25,87.01966904922422,13.865252911330373,81,12.536870480216106,10,2939.140403698116,1,Fixed
25,87.01966904922422,13.865252911330373,81,2.5351956250569545,11,2144.6549927910323,1,RL
25,87.01966904922422,13.865252911330373,82,3.4754680490982834,11,2731.128543656575,1,Fixed
25,87.01966904922422,13.865252911330373,82,18.505373580994306,12,3411.0650403269797,1,RL
25,87.01966904922422,13.865252911330373,83,20.902609373745705,9,2482.955259452324,1,Fixed
25,87.01966904922422,13.865252911330373,83,16.70711634249212,12,2758.2567990038556,1,RL
25,87.01966904922422,13.865252911330373,84,8.156363834859473,11,2897.308320051425,1,Fixed
25,87.01966904922422,13.865252911330373,84,16.266894440143858,12,2803.3646973140353,1,RL
25,87.01966904922422,13.865252911330373,85,4.472002407002487,10,2781.892425087347,1,Fixed
25,87.01966904922422,13.865252911330373,85,10.411684218058118,14,2841.4217352178193,1,RL
25,87.01966904922422,13.865252911330373,86,7.749503805029894,13,2704.638865682594,1,Fixed
25,87.01966904922422,13.865252911330373,86,5.4657810460110365,9,3306.999431863547,1,RL
25,87.01966904922422,13.865252911330373,87,3.290358957428777,13,2717.678934732926,1,Fixed
25,87.01966904922422,13.865252911330373,87,4.899408659730418,10,2818.663059534204,1,RL
25,87.01966904922422,13.865252911330373,88,25.98906634448707,15,3370.287007062169,1,Fixed
25,87.01966904922422,13.865252911330373,88,10.00902806916231,15,2924.9361863148206,1,RL
25,87.01966904922422,13.865252911330373,89,11.993231613103214,16,3112.3733457052467,1,Fixed
25,87.01966904922422,13.865252911330373,89,3.2026327740137517,13,2670.8479945907725,1,RL
25,87.01966904922422,13.865252911330373,90,16.01993761395389,11,2883.19945174769,1,Fixed
25,87.01966904922422,13.865252911330373,90,22.68280167205824,17,4873.648713564814,1,RL
25,87.01966904922422,13.865252911330373,91,13.2678769416368,14,2919.1598704570492,1,Fixed
25,87.01966904922422,13.865252911330373,91,11.775528131088745,12,2420.0125088804466,1,RL
25,87.01966904922422,13.865252911330373,92,9.917405564351363,11,2741.9415399545655,1,Fixed
25,87.01966904922422,13.865252911330373,92,3.997891880655156,13,2199.714295359333,1,RL
25,87.01966904922422,13.865252911330373,93,4.377840176285281,15,2717.726569138092,1,Fixed
25,87.01966904922422,13.865252911330373,93,17.657064522796098,14,3050.918060535803,1,RL
25,87.01966904922422,13.865252911330373,94,25.20746735424362,13,3235.2452895930505,1,Fixed
25,87.01966904922422,13.865252911330373,94,6.13323561969785,13,2575.875688021084,1,RL
25,87.01966904922422,13.865252911330373,95,9.469605054894345,13,2713.2610700506293,1,Fixed
25,87.01966904922422,13.865252911330373,95,3.2451810671553387,12,2761.311332097843,1,RL
25,87.01966904922422,13.865252911330373,96,9.539190684077285,12,3011.9495814396905,1,Fixed
25,87.01966904922422,13.865252911330373,96,10.500140687244137,15,2740.8327418755853,1,RL
25,87.01966904922422,13.865252911330373,97,16.74938858257385,14,2847.4941009302574,1,Fixed
25,87.01966904922422,13.865252911330373,97,10.797310046657,10,2518.3618048458443,1,RL
25,87.01966904922422,13.865252911330373,98,5.4846168055067945,14,2867.798322517146,1,Fixed
25,87.01966904922422,13.865252911330373,98,14.04085251164534,13,3367.7064638930647,1,RL
25,87.01966904922422,13.865252911330373,99,2.5804919976216016,6,2774.0183339992846,1,Fixed
25,87.01966904922422,13.865252911330373,99,3.628801781956895,12,3229.1733544977556,1,RL
